FiniteElementSpace
FiniteElementCollection: ND_3D_P1
VDim: 1
Ordering: 0

-0.12580393
-0.11400256
-0.12356569
0.011801362
0.0022382322
-0.0095631299
0.21336591
0.17707283
0.1654072
0.036293079
0.047958705
0.011665626
0.18887419
0.22516727
0.19919454
0.036293079
-0.010320348
0.025972731
0.16764544
0.18963141
0.17732046
-0.021985973
0.0096750209
-0.012310952
0.17931106
-0.056206037
0.0096391726
-0.078862201
0.06584521
-0.022656164
0.088501374
-0.023392586
-0.016485152
0.026094106
-0.039877738
-0.049486692
0.0096089541
0.082330362
0.09478842
0.13081089
0.012458058
-0.048480527
-0.036022469
0.0034379418
-0.042309515
0.080028109
-0.038871573
0.076590167
0.037718595
-0.0061710123
0.52269405
0.3249423
0.51770379
0.19775175
0.0049902647
-0.19276149
-0.61454955
-0.59526076
-0.61410031
-0.019288789
-0.00044923628
-0.018839553
-0.79301251
-0.8123013
-0.8123013
-0.019288789
-0.019288789
-0
-0.61909058
-0.61953981
-0.61953981
-0.00044923628
-0.00044923628
-0
0.60025102
0.29072401
-0
-0
0.29072401
0.29072401
-0
-0.28129592
-0.014485257
0.0028598139
-0.26681067
-0.28415574
0.017345071
0.30520926
-0
-0
0.30520926
0.30520926
-0
0.28786419
-0
-0
0.28786419
0.28786419
-0
0.29072401
-0.030477393
-0.40532682
-0.019268205
0.37484942
-0.011209189
0.38605861
0.14131055
0.35757356
-0.024400929
-0.21626301
0.16571148
0.38197449
0.017275866
0.60484522
0.044303864
0.62212108
0.06157973
0.56054135
0.01319174
0.43036248
-0.03779505
0.44355422
-0.02460331
-0.46815753
0.41915329
0.82309252
-0
-0
0.82309252
0.82309252
-0
-0.17690748
-0.082521182
-0.1294345
-0.094386303
-0.047472987
-0.046913316
-0.9056137
-0
-0
0.9056137
0.9056137
-0
-0.95252701
-0
-0
0.95252701
0.95252701
-0
0.9056137
0.37027865
-0
0.17393767
0.37027865
-0.19634098
0.17393767
-0.23976099
-0.012099922
0.12587557
-0.22766107
-0.11388542
0.11377565
0.38237857
-0
0.18254651
0.38237857
-0.19983207
0.18254651
0.32221655
-0.0086088377
-0.16523217
0.31360771
0.15698438
-0.15662333
-0.2084409
-0.68426604
-0.6838168
0.069716492
0.47734986
0.005847314
-0.34710517
0.47150255
0.13024469
-0.34125786
-0.68966412
-0.69011335
0.070573541
-0.41682166
-0.4118314
0.10587239
0.075563806
0.13023853
0.055638338
0.019557005
-0.074600196
-0.11068153
0.036081333
-0.063001864
0.036296703
-0.015809257
-0.02670516
-0.047192607
0.020487446
-0.1108969
-0.17041551
-0.09155331
-0.059518612
-0.01934359
-0.12649079
0.12763464
-0.047606533
0.001143857
0.078884252
-0.090409453
-0.028244479
0.011633259
0.021242213
-0.040042725
-0.027584667
0.0084378017
-0.047161927
-0.008290354
0.029428241
-0.051675984
-0.06840414
0.04186293
0.016728156
-0.0098130542
-0.02654121
-0.056770881
0.16249243
0.00046921189
0.045694575
-0.16202322
-0.11679786
0.045225363
-0.081787567
-0.019122922
0.028469891
-0.062664645
-0.053317677
0.0093469687
-0.18114614
-0.067469454
0.063638184
0.11367669
-0.11750796
-0.00383127
-0.14526775
-0.018412821
-0.056618577
-0.12685493
0.088649171
-0.038205756
-0.098385036
0.2495202
0.28868411
0.26733914
0.039163909
0.017818932
-0.021344977
-0.58686179
-0.58686179
-0.58686179
-0
-0
-0
-0.54769788
-0.54769788
-0.54769788
-0
-0
-0
-0.56904285
-0.56904285
-0.56904285
-0
-0
-0
-0.56904285
0.64153246
-0
-0
0.64153246
0.64153246
-0
-0.11418754
-0.084507119
-0.096864303
-0.19869466
-0.21105184
0.012357183
0.55702534
-0
-0
0.55702534
0.55702534
-0
0.54466816
-0
-0
0.54466816
0.54466816
-0
0.55702534
0.0083806963
-0.0092223367
0.014950723
-0.017603033
0.0065700266
0.02417306
-0.024432755
0.034071928
0.11875564
0.094322882
0.08468371
0.051674961
0.043113459
0.10798663
0.056311673
0.15110009
0.11218561
0.083813575
-0.14866729
-0.028372036
-0.036481676
-0.064853712
0.090383601
-0.078687596
-0.061363569
-0.051335794
-0.017324028
0.027351802
0.010027774
0.1655924
-0.15533161
-0.11989783
0.01026079
0.035433785
-0.17265564
0.13773236
-0.11276525
-0.034923278
0.059890395
0.024967117
-0.14724963
-0.12279302
0.090631053
-0.02445661
-0.032161967
-0.095441218
-0.22104326
-0.2288864
-0.10842842
0.0078431453
0.11261484
0.12045799
0.58571634
0.58571634
-0.29499234
0.5778732
0.5778732
-0.29000901
0.40760718
0.41046699
0.12631125
-0.28714919
-0.10878081
-0.09784628
-0.070575054
-0.01093453
0.059640524
0.15061547
0.027042343
0.14592984
0.12357313
0.0046856371
0.11888749
0.097617397
0.098973772
-0.10144867
0.001356375
-0.10280504
0.15686437
0.039333248
0.15014723
-0.11753112
-0.0067171361
0.11081398
0.028398718
-0.1361553
0.034260214
-0.057293096
-0.16406676
-0.12798542
-0.14526599
-0.017631344
-0.065237877
0.19832697
0.087972891
0.32463822
-0.11035408
0.23666533
0.053712677
-0
-0.40081025
-0.52277717
0.40081025
0.52277717
-0.12196692
-0
0.050692075
-0.084015546
-0.050692075
-0.084015546
-0.033323471
0.35011818
0.59918975
-0.59918975
0.94930792
0.94930792
-0
0.43876163
0.47722283
0.47722283
0.91598445
0.91598445
-0
-0.4720851
-0.11890868
-0.25756058
-0.10466064
0.1386519
-0.014248034
0.15289993
-0.039417508
0.13989009
0.073262132
-0.17930759
-0.11267964
0.066627954
-0.0012381863
0.42056746
0.060658298
0.41932927
0.059420111
0.35990916
-0.087510166
0.21355823
0.096029632
0.12604807
0.0085194657
-0.1175286
0.1993102
-0
-0.023392586
-0.049486692
0.0033125748
-0.02670516
-0
-0.047192607
-0.0022940848
0.023800021
-0.07985141
0.0011409737
-0.15130001
-0.080992383
-0.071448602
-0.15244099
0.46403267
0.46403267
0.46403267
-0
-0
-0
0.54502506
0.54502506
0.54502506
-0
-0
-0
0.39258407
0.39258407
0.39258407
-0
-0
-0
0.46403267
-0.12093362
-0.043672245
-0.077261375
0.055695743
-0.021565632
0.15435265
-0.11861496
-0.17691276
0.035737696
-0.022560105
-0.0582978
-0.19587633
0.035816138
-0.12546167
-0.16006019
0.070414665
-0.08964553
-0.2326085
-0.10389603
-0.12871247
0.0040568319
0.1327693
-0.1743107
0.25485738
0.14802601
0.074486211
0.10683137
-0.18037117
-0.073539797
-0.17287723
-0.14944038
-0.13549803
-0.02343685
-0.037379202
-0.013942352
-0.25627175
-0.12647915
-0.15508369
0.1297926
-0.10118806
0.028604539
-0.3158692
-0.22862349
-0.24396829
0.087245705
0.071900908
-0.015344798
0.2423294
0.15571324
0.050244034
-0.029722334
-0.1054692
0.18543557
0.079966368
-0.31514176
-0.11453436
-0.13647592
-0.2006074
-0.17866584
-0.021941561
-0.22000356
-0.10012892
-0.067758314
0.11987464
0.15224525
-0.03237061
-0.32191149
-0.14772468
-0.077368786
-0.17418681
0.24454271
0.070355895
-0.24194513
0.43341507
-0.29210453
-0.2677036
-0.4339179
0.40344051
-0.42270871
-0.14181337
-0.72820083
-0.14534419
-0.58638746
-0.0035308109
-0.58285665
-0.41304778
-0.42623952
0.38844447
-0.43744871
-0
0.0083806963
-0.0092223367
0.031773282
-0.023392586
-0
-0.039877738
0.030655401
0.048258434
-0.051843112
-0
-0.051843112
0.011158752
-0.063001864
0.11256377
-0.0044674845
-0.14821346
0.11703126
-0.03564969
-0.15268095
-0.047375627
-0
-0.055574094
-0.047375627
0.0081984669
-0.055574094
-0.13705471
-0.0074277695
-0.14448248
-0.0068161769
0.1376663
0.0037309824
0.74470577
-0
0.74470577
0.74470577
-0
-0.25529423
-0.17292234
-0.14370181
-0.082371885
-0.11159242
-0.02922053
-0.91762811
-0
-0
0.91762811
0.91762811
-0
-0.88840758
-0
0.88840758
0.88840758
-0
0.88840758
-0.26147123
-0.11043599
0.15103524
0.15866618
-0.0076309463
0.56218744
-0.18497446
0.19190879
0.37721298
0.0069343338
0.33600969
0.074533683
0.10973148
-0.26147601
0.22627821
-0.035197799
0.35057497
-0.11736243
0.23321255
-0.0065484448
0.34294403
-0
-0
0.51531412
-0
-0.51531412
-0.51531412
-0
-0
0.095835609
-0
0.095835609
-0.095835609
-0
-0
0.085494116
-0
-0.085494116
0.085494116
-0.41947851
-0.42982
-0.48468588
-0.010341493
-0.90416439
-0.91450588
0.085494116
-0.015973787
-0.66829225
-0.015524551
0.090524243
0.38682562
-0.084676929
-0.7588165
-0.015973787
-0.015973787
-0.77479028
-0.77479028
-0
-0.00044923628
-0.69011335
-0
0.67413957
-0.92932745
0.24506141
0.3147779
0.27623779
-0.24763325
-0.2473187
0.028919098
0.00031455908
-0.49269466
0.14558949
-0.5620966
0.14527493
-0.039402544
-0.10204376
0.18448107
0.14866493
-0.2741266
-0.053897627
0.024964575
-0.08225767
0.12370035
0.19186893
0.17023056
0.45194377
-0
-0
0.45194377
0.45194377
-0
-0.19199086
-0.065259166
-0.02699872
-0.25725002
-0.21898958
-0.038260446
0.38668461
-0
-0
0.38668461
0.38668461
-0
0.42494505
-0
-0
0.42494505
0.42494505
-0
0.38668461
0.20628691
0.24872578
-0.19664774
0.042438864
-0.2390866
-0.76089964
-0.13054621
-0.76089964
-0.89144585
-0
-0.89144585
-0.06610153
-0.19881539
0.16088995
0.13271386
0.29360381
-0.71846077
-0.040271211
-0.71846077
-0.75873198
-0
-0.75873198
0.0021676533
-0.16807342
0.088222013
0.016773411
0.37581066
0.37581066
0.37581066
-0
-0
-0
0.46403267
-0
-0
0.39258407
-0
-0
-0.37581066
-0.025137951
-0.017603376
0.094960396
0.13061009
-0.062454515
-0.042741327
0.068155572
-0.10225994
-0.085758948
-0
-0
0.090594933
-0
0.090594933
-0.090594933
-0
-0
-0.51628508
-0
0.51628508
-0.51628508
-0
-0
-0.093329323
-0
0.093329323
0.093329323
-0.42569014
0.0027343899
-0.90940507
-0.42295575
-0.48371492
-0.90667068
0.093329323
-0
-0.051843112
-0
0.016583563
0.12914734
0.012116079
-0.035259548
-0
-0
-0.035259548
-0.035259548
-0
-0
-0.047375627
-0
-0.035259548
0.72111848
-0
0.72111848
-0.72111848
-0
-0.27888152
-0.19650964
0.023587296
0.91762811
-0
-0
0.74470577
-0
0.74470577
-0.034186939
-0.02670516
-0.021444353
-0.013815195
-0.013815195
-0.055631293
0.012889965
-0.046628647
0.038027917
0.097066253
0.068310428
-0.075915934
-0.028755825
-0.17298219
-0.14422636
-0.10202968
0.04481855
-0.019595721
-0.057211129
-0.1216254
-0.064414271
-0.073574375
-0.060678095
-0.019176862
0.01289628
-0.092751237
-0.079854958
-0.15338647
0.1250495
0.081053505
-0.028336966
0.23443997
0.206103
-0.047932687
-0.81529876
0.054399124
-0.076147084
-0.26018454
0.063536799
-0.1843268
0.11822527
-0.20578541
-0.26047388
0.39026648
-0.054688471
-0.31487301
-0.82039981
-0
-0.39018073
-0.82039981
-0.43021908
0.39018073
0.31684379
0.20585026
0.0080985081
-0.61454955
-0
-0.019288789
-0.42212057
0.37089194
-0.39018073
-0.22436882
0.28188678
0.076399511
0.12099683
-0.20548726
-0.084490438
-0.77044902
-0.77044902
-0.40012787
-0
-0.37032115
-0.37032115
-0.89144585
-0.40697481
-0
-0.48447104
-0.48447104
-0.60561513
-0.49146524
-0.26011179
0.11414989
0.34550335
0.23135346
-0.97593628
-0.17677693
-0.23392225
-0.24196811
0.057145326
0.065191181
0.0080458544
-0.14053846
0.040887541
0.066637203
-0.18142601
-0.20717567
0.025749662
-0.016257785
0.28600734
0.28600734
0.30226513
0.30226513
-0
0.0014460222
0.27796149
0.27796149
0.27651546
0.27651546
-0
0.34315267
0.012585618
0.093976458
0.08139084
-0.029723896
-0.024008574
-0.021319974
-0.11433815
-0.0026886001
-0.090329571
-0.093018171
-0.024008574
0.024008574
-0.036503858
-0
-0.060512432
-0.060512432
0.021319974
-0.021319974
-0.040043595
-0
-0.061363569
0.053825714
0.052974577
0.084757786
0.00085113712
0.1385835
-0.037354995
-0.02571527
-0.056072298
-0.036949376
0.068014762
0.094477671
-0.094008459
0.057697073
-0.12344907
0.055979615
-0.12408706
-0.094646449
-0.02571527
-0.02944061
-0.14980233
-0.12036172
0.038574152
-0.24967723
-0.011793993
0.14687219
0.57398143
0.57398143
0.19160286
0.56218744
0.33847505
-0.20370278
0.078386744
-0.17690748
-0
0.094386303
-0.25529423
-0
0.11159242
0.017206112
-0.16090793
-0
0.28600734
-0
0.016686608
-0.21723565
0.024732462
-0
0.27796149
-0
0.30269395
-0
-0
0.30269395
0.30269395
-0
0.28600734
-0
-0.4547376
-0.39401944
0.4547376
0.39401944
-0.060718162
-0
-0.10080811
0.12754056
-0.10080811
-0.12754056
0.026732453
0.35392949
0.5452624
0.5452624
0.89919189
0.89919189
-0
0.26647888
-0.60598056
0.60598056
0.87245944
0.87245944
-0
-0.32719704
0.10941808
-0.020820458
-0.089861071
-0.083822322
-0.083822322
-0.011620592
-0
-0.07220173
-0.07220173
-0.063001864
-0
-0.047192607
-0.10148166
-0.025009123
0.053875129
-0.036629715
0.021207954
-0.088210122
0.0016509486
0.022036928
-0.061785394
0.010416336
0.018315207
-0.083166456
-0.029291327
-0.11024705
-0.016664258
-0.030065596
-0.093582792
0.080181453
-0.013401338
-0.099830714
0.35886891
0.072861573
0.35886891
0.28837512
0.054452862
0.27168851
0.37528212
0.072588171
0.37528212
0.21551354
0.016413206
-0.28506572
0.19910034
-0.069552172
-0.26865251
0.089274779
-0
0.21299024
0.57398143
0.3609912
0.21299024
0.051152313
0.068557054
-0.19852492
-0.18112018
0.017404742
0.62513375
-0
0.22737012
0.62513375
0.39776363
0.22737012
0.42954825
0.014379878
-0.15715725
0.41516837
0.272391
-0.14277737
0.64253849
0.12746444
0.03812796
-0.11720365
-0.057367622
-0.11968106
-0.095495582
-0.0024774108
-0.11681556
0.035650549
0.098693397
-0.055579938
0.052406696
0.046357602
0.042514311
0.0065311339
0.0038432909
0.052888736
0.049045445
-0.013065628
0.0038432909
0.011107432
0.045875562
-0.037938013
-0.11072927
-0.031406879
-0
-0.34810639
-0.4200168
0.34810639
0.4200168
-0.071910405
-0
0.059151531
-0.10080811
-0.059151531
-0.041656576
0.28895486
0.65189361
-0.65189361
0.94084847
0.94084847
-0
0.31920869
0.5799832
0.5799832
0.89919189
-0
-0.36086526
-0.014137904
0.24342267
-0.10477077
-0.14276947
0.086116934
0.049675125
-0.093094345
0.13579206
0.15730574
-0.15854392
0.1544459
0.29433598
0.11502839
-0.018653838
-0.14324528
0.15006515
-0.12881637
0.12647786
-0.15898943
0.29331043
-0.28546729
0.064424027
-0.13540213
-0.091930654
-0.023903356
-0.12382343
-0.068027298
0.031892778
-0.099920076
-0.021823245
0.058556435
-0.03885485
0.036733189
-0.097411285
-0.0094708632
-0.023903356
-0.036609076
-0.033374219
0.027138212
-0.0069620724
0.063311
0.0752725
-0.070273072
0.031418222
-0.11402869
-0.36166194
-0.81529876
0.087097928
-0
-0.72820083
-0.92932745
-0
-0.68426604
-0.44875987
0.043934793
-0.20112661
-0.062946306
0.088088932
0.56218744
-0
0.37721298
0.62513375
-0.23678242
-0
0.38835132
0.38835132
0.32487135
-0.011138339
-0.25033767
0.17383612
-0
-0.61953981
-0
-0.07469127
0.44301252
0.11807022
-0.69423108
-0
-0
-0.69423108
-0.69423108
-0
-0
-0.8123013
-0
0.61953981
-0.08366475
-0.1611736
0.077508852
-0.017783917
0.059724936
0.06186588
0.16652652
-0.18077456
0.089017669
0.1850473
-0.17652784
0.16299064
0.23625277
-0.1032657
0.076003784
0.065232729
-0.018432021
-0.083016646
0.14123651
-0.0015329573
-0.091561388
0.0085447419
0.058219867
0.1612147
-0.024983136
0.35320555
-0.18619784
0.16700772
-0.19485067
-0.08349646
-0.10603014
-0.11135421
-0.088820526
0.022533685
-0.43670201
-0.040117916
0.88864579
-0.3965841
0.49206169
-0.29222798
0.1268898
-0.085003281
0.41911778
0.2072247
-0.21189308
0.31308764
0.49206169
0.23226689
-0.053597957
0.18048776
-0.26549104
0.43846373
-0.051779125
0.43846373
-0.10537708
-0.12139
0.00045638431
0.07771776
-0.14966702
0.031052058
-0.14921063
0.1424935
-0.11116466
-0.038045968
0.031328832
-0.18888242
-0.0069939093
-0.15306629
-0.11162105
-0
0.0083806963
0.014950723
0.0090217972
-0.033454552
0.12777743
-0.0084925897
0.10369302
-0.1401747
-0.00064110092
0.023443313
-0
0.024084413
-0.00064110092
0.023443313
-0.015062616
0.009181237
-0.13025555
-0.13943678
-0.085097171
0.054339612
-0.063837836
-0.058705661
-0.010835675
-0.1225435
-0.074673511
0.047869986
-0.080731122
0.15071893
-0.096266064
0.23145005
-0.17699719
-0.074261496
-0.15060568
-0.22486717
0.155315
-0.12860111
0.047021954
0.059429525
0.012407571
-0.056835009
-0.06924258
-0.023085454
-0.022839039
-0.022603396
-0.00024641497
-0.00048205825
-0.00023564328
-0.010431468
-0.010677883
-0.0014555465
-0.00024641497
-0.0089759217
-0.079438405
-0.070698126
-0.0087402784
0.051853737
0.013863118
0.51037533
0.51037533
0.51037533
-0
-0.23673099
0.036782645
-0.045925516
-0.19994834
-0.28265651
-0.082708161
0.54715798
-0
0.54715798
0.54715798
-0
0.46444981
-0
0.46444981
0.46444981
-0
-0.51037533
-0.13685476
0.023407332
-0.083424041
-0.16229529
-0.16026209
-0.078871251
0.17284771
-0.14250372
-0.15440289
0.19654953
0.15627832
-0.56218246
-0.33905324
-0.31068121
0.27419953
-0.39536492
0.55050107
-0.035215272
-0.25977707
0.21422708
-0.10161224
0.24944235
-0.28509204
0.15714526
-0.092297098
-0.12794679
0.41692232
0.0093151426
0.1356264
0.12192998
-0
-0.77044902
-0
0.011717036
-0
-0.75873198
-0
-0
-0.75873198
-0.0081401599
-0.078715214
0.022740911
0.1143023
0.014600751
0.035587085
-0.055974303
-0.15403572
0.10125851
-0.025219351
0.010371162
-0.29546321
-0.046020852
-0.1942047
-0.071240204
-0.26024793
-0.094974402
-0.16451083
-0.15002609
0.06953643
0.055051685
0.014484745
0.16449263
0.24459092
0.2463016
-0.080098287
-0.08180897
-0.0017106827
-0.17505449
0.21015015
0.19157241
0.035095666
0.016517925
0.018577741
-0.19124992
0.20605716
0.17996072
0.014807242
-0.011289199
-0.026096441
-0.17676517
-0.19826915
0.16324501
-0.36151416
-0.27441624
0.084383582
-0.1028156
-0.088214852
-0.091957752
-0.00813543
0.030172358
-0.11095103
-0.11838721
-0.080074692
-0.022751485
-0
-0.023392586
-0
-0
-0.00064110092
-0
-0
0.0083806963
-0.06382076
-0.068925134
-0.05780464
-0.052700266
-0.0051043741
0.42643083
-0.27999426
-0.045554294
0.14643656
-0.48423547
0.93617924
-0.47484968
-0.0093857845
0.46132956
-0.33269453
0.46974531
0.21962543
0.13705078
-0.1130691
-0.25011987
0.47913109
-0.14756161
0.1139144
-0.11236381
0.20327532
0.31718972
0.15195755
-0.0050268313
0.10733698
0.12084874
-0
-0.062664645
-0.053317677
0.007837485
0.1058392
-0.10967047
0.0073002225
-0.1195547
0.081348948
-0.07050213
-0.060617899
-0
0.0098842312
-0.07050213
-0.060617899
-0.0020467463
-0.22680919
-0.01054618
0.017159095
-0.027705276
-0.032359728
0.17255413
-0.037192444
-0.20491386
0.13536169
-0.18310031
-0.21321957
0.43902077
0.030119259
0.40890151
-0.020033348
0.1855143
0.16548095
-0.11102809
0.20267339
-0
0.54502506
-0
-0.081899778
-0.080758804
-0.070541208
-0
0.39258407
-0
0.46312528
-0
-0
0.46312528
0.46312528
-0
-0.54502506
0.15324927
0.012343135
-0.10755469
-0.078687596
-0
-0.051335794
-0.091030731
-0.091030731
0.032878257
-0
-0.058152474
-0.058152474
-0.14043295
0.0068166801
0.083814373
0.039694937
0.32758779
0.31394467
0.32758779
0.021473687
-0.09271385
0.11833799
0.30450843
0.24015973
0.30450843
0.33541836
-0.023079363
-0.16210381
0.35849772
0.17331455
-0.18518317
0.66300615
0.091619791
0.07287284
0.17171808
-0.043628321
-0.051346081
0.11316475
-0.099758474
0.075296014
0.13485414
-0.11650116
0.071959605
-0.11309446
0.18846077
0.0034067043
-0.18505406
0.14483244
0.23523099
-0.01428921
0.032108142
-0.58686179
-0
-0
-0.56904285
-0
-0
-0.601151
-0.601151
-0.601151
-0
-0
-0
-0.601151
-0.078482056
-0
-0.078482056
0.0079799254
-0.07050213
0.11475834
0.016486656
-0.1162913
0.131245
-0.13277796
-0.061995399
-0
-0.057373269
-0.061995399
0.0046221308
-0.057373269
-0.12427122
0.013128862
-0.13740009
0.11896807
0.021108787
-0.12901526
0.073871636
-0.051681701
-0.2028869
-0.077333559
0.12555334
0.10719951
-0.096868262
0.11261816
0.20406777
-0.0054186459
0.20948642
0.10601863
-0.078736742
0.015391269
-0.18475538
-0.090627365
-0.094128011
0.18995172
-0.11016207
0.091472453
-0.30011378
-0.098479262
0.20163452
-0.18749563
0.17343528
0.46132956
0.15551599
-0.018465215
-0.26858509
-0.017919289
0.44286434
0.44286434
0.59838034
0.34190311
-0.12959944
-0.21165841
-0.69011335
-0.33714013
-0.8197128
0.12548171
-0.8197128
-0.0041177292
-0.56775242
0.2026966
-0.56775242
-0.13078668
-0.56218246
-0.33348328
0.0055699645
0.26862957
0.20826656
-0
-0.023085454
-0.00048205825
-0.034125675
-0.022709334
-0.057211129
-0
-0.073027217
0.015816088
-0.073027217
-0.072545159
-0.0068932458
-0.020691421
-0.049941763
0.56643092
-0.28042358
-0.20756201
-0.23447314
0.1042176
0.15855721
0.38464118
0.36611922
0.0079515341
-0.017520941
-0.018471138
-0.039690188
0.00095019709
-0.038739991
-0.017520941
-0.015853278
0.017520941
-0
-0.033374219
0.02383691
0.029426918
-0.005590008
0.042323197
0.018471138
-0.0093130734
-0.018471138
-0.027784211
-0
-0.027784211
-0.014903081
-0.010677883
-0.028244479
0.017566596
0.029199854
-0.021434052
-0.040561347
-0.035939217
0.050680627
0.080564371
-0.082097329
-0.091241974
-0.021434052
-0.065790244
-0.11267603
0.02545173
-0.087224296
0.029851028
-0.10754906
0.089117038
0.055302758
-0.90651785
-0.90651785
0.086118044
0.29904739
-0.022809594
-0.27012829
-0.92932745
-0.35624633
0.29196831
-0
-0
-0
0.56218744
-0
-0.081787567
-0.053317677
0.0092431641
-0.091030731
-0
-0.058152474
0.0048347977
0.037713055
-0
0.046357602
0.052888736
0.04683966
0.099246356
-0.00048205825
-0
0.050931549
0.051413608
0.050931549
0.001957186
0.047832748
-0.11268646
-0.0045739479
-0.025578822
-0.036857614
-0.10771712
0.011278792
-0.082138297
-0.070859505
-0.025578822
0.025578822
-0.053108774
0.036857614
-0.036857614
-0.054173117
0.029029523
0.016686388
0.13656288
-0.041829982
-0.85445347
-0
-0
-0.85445347
-0.85445347
-0
0.11273308
0.12390871
0.13599269
0.23664179
0.012083985
-0.73054476
-0
-0
-0.73054476
-0.73054476
-0
-0.71846077
-0
-0
-0.71846077
-0
-0.71846077
0.0068177744
-0.15407217
-0.044196977
-0.30505839
-0.069409639
-0.45913056
0.025212662
-0.055690056
-0.12885951
-0.01034893
-0.012736524
0.010102515
-0.01034893
-0.017435281
0.01034893
-0
-0.027784211
-0.0046987569
0.017106328
0.00024641497
-0.010677883
-0
-0.00032895274
-0.27259144
0.55050107
0.092979854
-0.08392763
-0.036454644
0.67566177
-0.27686524
0.67566177
-0.3655713
-0.1251607
0.2404106
0.080479254
-0.15993134
0.14743074
-0.30055102
0.42056746
0.12369819
-0.15518334
-0.072811453
0.4242492
-0.12799523
0.16668863
0.29625397
-0.12956535
0.54856269
-0.36906543
0.54856269
0.17255579
-0
-0.061363569
-0
0.015963786
0.12176858
0.016814923
-0
-0.060512432
-0
-0.077327355
-0
-0
-0.077327355
-0.077327355
-0
-0.060512432
-0.015555443
-0.031820184
-0.040018651
0.036552003
-0.11612894
-0.068372188
-0.015555443
-0.095280972
0.026908785
-0.11083642
0.055262321
-0.089220159
0.082403982
0.063460788
-0.14959196
-0.0023249026
0.022727945
0.14726706
0.17231991
0.025052847
0.072899824
-0.033683952
-0.20107193
0.10658378
0.27397176
0.16738798
0.11358311
0.025810946
-0.073498757
-0.087772162
0.18708186
0.099309703
-0.028752027
-0.04844591
-0.26800852
0.019693883
-0.2392565
-0.21956261
0.22076582
0.049590432
0.22636736
0.29155854
0.19393087
0.053392405
0.26056807
0.16299908
0.1644451
0.44096057
0.032436491
0.12855946
-0.069168967
0.096122971
-0.10160546
-0.19772843
-0.097807898
-0.025054718
0.025054718
-0.056732849
-0.025054718
0.011802897
-0.082662401
0.036857614
0.025929552
-0.044929953
-0.091219093
-0.81529876
-0
-0
-0.90651785
-0
-0
-0
-0.92932745
-0.015202263
-0.068725367
0.00035317986
-0.015202263
-0.020057285
0.015202263
0.048668082
0.015555443
-0.032173364
0.2476124
-0
0.2476124
0.2476124
-0
-0.091557436
0.022445128
0.031860593
-0.12341803
0.0094154651
0.22516727
-0
0.22516727
-0
0.2157518
-0
-0
0.2157518
0.2157518
-0
-0.2157518
-0.13888246
-0.10832384
-0.11819104
-0.0098671991
-0.0041020827
-0.048598183
-0.11242592
-0.22026861
-0.069592855
0.21040141
0.16484711
-0.059725656
-0
-0.044922513
-0
-0.77479028
-0
-0
-0.8197128
-0
0.69011335
-0.073327087
-0.11265135
-0.015334073
-0.039324263
-0.13758849
-0.12225442
-0.054658336
0.026366968
-0.18082653
-0.2071935
-0.057128344
0.12483376
0.0043135731
-0.029873366
-0.027333519
-0.0079260294
-0.0058891656
-0.031647092
-0.039573121
-0.036633225
-0.0079260294
0.0049861329
-0.0029398965
-0.066506591
-0.010875299
-0.035753348
-0.032319652
-0.087200758
-0.10765045
-0.2901007
-0.10014899
-0.19862825
0.20289994
-0.0075014651
-0.038052829
0.21276714
-0.070041903
-0.11129779
0.041255889
-0.076935149
-0.18318831
-0.0018657525
0.095416147
-0.097281899
0.36069577
0.14901215
0.22182202
0.21168362
0.13887375
0.07280987
0.1471464
0.10888226
-0.01229226
0.038264137
0.025971877
0.31723817
0.20616416
0.11107401
-0.21065439
-0.099580388
-0.11074802
-0.051335794
0.0062121458
0.084418907
-0.11658087
-0.09680146
-0.05754794
0.019779415
-0.05754794
0.025991561
-0
-0.026064059
-0
-0.00064110092
-0
-0
-0.02670516
-0
-0.02670516
-0.0081222074
-0.01034893
-0.018471138
-0.046862198
-0.02559312
-0.055954958
-0.03585391
0.030361838
-0.066215748
0.026172106
-0.022480069
-0.062242189
0.048652175
-0.036070083
-0.084722258
-0.013373841
-0.04417391
-0.048297119
0.03080007
-0.079097188
-0.031880351
-0.022041838
0.061076048
-0.053922189
0.029195697
0.083117885
-0.098096099
0.26530724
-0.15810773
-0.061239465
-0.023243329
0.02276127
-0.052330104
0.029086775
-0.029568834
-0.180869
0.022017898
-0.11356957
-0.0075509351
-0.071185806
0.044779169
-0.025005216
-0.038580303
0.013575086
-0.10381115
-0.090236068
-0.025005216
0.025005216
-0.036990183
-0
-0.061995399
0.038580303
-0.038580303
-0.030363687
-0
-0.06894399
-0.06894399
0.066820971
0.059872381
0.0069485904
0.12429641
-0.023415097
-0.1157252
-0.024449498
0.079243523
0.017870182
0.0055731308
-0.0062142317
0.095231022
-0.032546413
-0.00090813947
0.04231968
0.015987499
0.047892811
0.026332181
0.0055731308
0.031905312
-0.0084619996
-0
-0
-0.49194205
-0
0.49194205
0.49194205
-0
-0
0.047472987
-0
0.047472987
-0
-0
0.13004475
-0
0.13004475
-0.13004475
0.44446906
-0.3618973
0.50805795
0.082571761
0.86995525
0.047472987
-0.02506224
-0
0.02506224
-0.030511854
-0.055574094
-0.02506224
0.013518063
-0.10375413
0.038580303
-0
-0.06894399
0.073242276
0.013369896
-0.016993792
-0
-8.7788953e-05
-0.013815195
-0.013727406
8.7788953e-05
-0.013174094
-0.045720507
-0.00064110092
-0
-0.0055731308
0.031993101
-0.0056609197
-8.7788953e-05
-0.019388326
-0.033364692
-0.089344307
0.034104762
0.02171944
-0.098642279
0.05116005
-0.061781411
-0.15578987
-0.061312199
-0.11106375
-0.095886173
0.043187653
-0.20694992
0.1542514
-0.052698519
-0.18523048
-1.2801202
0.052064389
-0.4256667
-0.37360231
-0.16663071
-0.24888838
-0.11456632
-0.38869292
0.17677832
-0.015090607
0.14785991
0.25903599
-0
-0.025005216
-0.12881637
-0.0035711644
-0.016140344
-0.021434052
-0.11267603
-0
0.08767081
0.021793753
-0.15118843
-0.10202968
-0
-0.1216254
-0.080161195
0.07322527
-0.12382343
-0.071027239
-0.19485067
-0
0.092820992
-0
-0
-0.43844369
-0
0.43844369
-0.43844369
-0
-0
-0.084015546
-0
-0
-0.52277717
0.35442815
0.084333481
0.56155631
-0.084015546
-0.005340266
-0.078482056
-0
-0.07050213
-0.083822322
-0
-0.091957752
-0.021455621
-0.013475696
-0.033895358
-0.22290719
-0.18901183
-0.15475161
-0
0.67566177
-0
-0.038994231
-0.19892558
-0.086166469
0.63666754
-0
-0
0.63666754
0.63666754
-0
-0
0.55050107
-0
0.55050107
-0
-0.025578822
-0.10771712
-0.0042588482
0.0090984369
-0.021319974
-0.11681556
-0
0.091236734
0.034719525
-0.091930654
-0.023903356
0.0063824152
-0.057211129
-0.017520941
0.074409713
-0.13146508
0.15674749
0.28821257
0.27900191
0.025972731
-0.00014766485
0.0031187921
0.1927502
-0.015429744
0.022853939
0.19289787
0.022853939
0.21560414
-0.11239211
0.0095321144
-0.23439929
-0.10285999
0.033994768
-0.20040452
-0.024462654
-0.15349479
0.1796669
0.11742471
0.11810484
-0.14369796
0.087742999
-0.061562061
0.06676885
0.013376445
0.12833091
-0.074938506
0.13080115
0.16268151
0.055862648
-0.16838311
-0.087760509
-0.085561949
0.080622598
0.082821158
0.0021985598
0.34792576
-0.25609834
-0.28115691
0.091827419
-0.025058569
-0.33672094
0.23470079
-0.29271422
-0.10202015
0.044006717
-0.058013434
-0.36397807
-0.29491278
0.21048328
0.069065286
-0.084429507
-0.36177951
-0.10150326
-0.2987101
-0.19720684
-0.16321207
-0.02506224
-0.12881637
0.0095067972
-0.015555443
-0.11083642
0.017979955
-0.085774175
-0.04658945
-0.47252635
-0.25567449
0.25567449
-0.015973787
-0.5191158
0.2397007
-0.25567449
-0.42859156
0.026478792
-0.00753726
-0.034016052
-0.066051913
-0.032035861
-0.27996932
0.079361923
-0.035172437
0.11337797
0.0064966668
-0.10662559
0.030879476
-0.074589729
-0.0011563854
0.00066055185
-0.025054718
-0
-0.10771712
0.04208521
-0.02571527
-0.14980233
-0
0.12474761
-0
-0
-0
-0.013815195
0.028626397
0.033239483
0.13328704
-0.01891969
-0.10258444
0.058589162
0.012549686
0.076467983
0.10857932
0.014319793
0.12073735
0.009983574
0.13505715
0.024303367
-0.11075378
0.15397684
-0.12019843
0.2700888
0.01948461
-0.39028723
-0.13968304
-0.25060419
0.15343623
-0.08320556
0.046432861
0.10700337
-0.12963842
-0.30708167
-0.42346309
-0.059540834
-0.36662251
-0.36392225
-0.1861159
-0.31014503
0.12157816
-0.49626093
-0.064537742
0.43172319
0.05647748
0.0094024279
-0
0.043486308
0.0094024279
0.052888736
0.0094024279
0.014040885
-0.0026436953
0.012046123
0.011397189
-0.029445423
-0.0083023895
-0.037747813
-0.10242688
0.012046123
0.061191125
-0
0.049145002
0.012046123
0.061191125
0.040842612
-0
-0.078482056
-0
-0.0095380661
-0.06894399
-0
-0
-0
-0.061995399
-0.0057297139
-0.26026884
-0.59418463
-0.59418463
-0.36392225
-0.26599855
0.23026237
0.20146081
-0.86018318
-0.12336663
-0.10996529
-0.025520347
-0.084444942
0.21473693
-0.016713119
0.16023008
0.054506848
-0.1769432
0.09325217
0.092098678
-0.0011534918
0.18575043
0.0076537361
-0.17809669
-0.035603197
-0.017866611
-0.023848497
-0.089459771
-0
-0.065611273
-0.023848497
-0.089459771
-0.023848497
-0.038816148
0.0018667725
0.026795125
0.086881563
0.030901948
-0.02571527
-0.12036172
-0
0.096513222
-0.033966371
0.010117874
-0.055493399
0.023848497
0.033966371
-0.033966371
-0.036535759
0.01895764
-0.028698274
-0.091983914
-0.020692113
0.0047596175
-0.22333384
-0.24402595
0.22988805
-0.16802217
-0.17278179
-0.14733006
-0.059113347
-0.14231891
0.19145419
0.071255764
-0.19883304
0.18284688
-0.12423479
-0.25056754
-0.32516579
-0.074598249
0.21408586
0.10824863
-0.019946576
0.078535738
0.21097939
-0.025932087
0.1345114
0.17576605
-0.040708905
-0.15146268
0.19103281
0.097230313
0.093802499
0.081358189
0.17516069
0.056521408
0.00010521813
-0.024008574
-0
-0.11433815
-0.023903356
-0
-0.12382343
-0.0094852863
-0.099814858
0.034546509
0.01578588
0.15522266
0.064018003
-0.018760629
-0.09120466
-0.07541878
-0
0.39258407
-0
0.0080669082
-0.15936692
-0.078608116
0.38451716
-0
-0
0.38451716
0.38451716
-0
-0
0.46312528
-0
-0.46312528
0.36721948
0.13953017
0.22768931
0.3309264
-0.10323709
-0.15271011
-0.038823543
0.049947849
-0.11388657
-0.20265796
-0.088771392
0.26651285
0.13953017
0.13953017
0.40604303
0.40604303
-0
0.28097855
0.036293079
0.31727163
0.31727163
-0
0.36721948
-0
0.38835132
-0
0.044214605
-0.20612307
-0.055352944
-0
0.37721298
-0
0.43256593
-0
-0
0.43256593
0.43256593
-0
-0.38835132
0.058755563
0.094680667
0.035567319
0.091569014
-0.037752438
0.040826717
0.12932145
0.13239573
0.0030742786
0.056928229
-0.17712666
0.24838242
-0.0052593974
0.24530814
-0.031222279
0.28613486
-0
0.2476124
-0
0.028789771
-0.12034721
-0.0030708224
-0
0.2157518
-0
0.21882263
-0
-0
0.21882263
0.21882263
-0
0.2476124
0.035002906
-0.10603664
-0.12356962
-0.027618815
-0.15857252
-0.13365546
-0.05254238
0.0038432909
0.0040897059
-0.00024641497
0.046604017
0.056486442
0.15687947
-0.008527737
-0.0095055589
-0.13530949
0.011743791
0.14737391
0.056486442
-0.022590359
0.20386035
0.16996427
0.033896082
-0.014062622
0.18170806
-0.0043876014
0.1591177
-0.010099025
0.31378667
0.47589048
-0.14047212
-0.19652173
-0.068981172
0.046719403
-0.022261769
-0.54487165
-0.23092698
-0.18719152
0.20866521
0.16194581
-0.21959485
0.051567551
0.031253607
-0.2711624
-0.15305756
-0.18431117
-0.10149001
0.06382076
0.04753345
0.11135421
-0.13102991
-0.092575529
0.46444981
0.13738246
0.14973964
0.22995799
0.054340639
0.28429863
-0.33699715
0.41010918
-0.13455898
0.41010918
0.14691617
-0.005559137
-0.0094024279
-0.0038432909
0.005548295
-0.053458149
-0.033374219
0.038960308
-0.038367047
-0.038367047
-0.092418457
0.0049928282
0.031740361
0.043953136
-0
0.49206169
-0
0.0056479973
-0.20624509
-0.059245954
0.49770969
-0
-0
0.49770969
0.49770969
-0
-0
0.43846373
-0
0.49770969
0.12899918
0.28714003
0.10259684
-0.15814085
0.026402341
-0.18454319
0.065653749
-0.20297582
0.072126031
0.13777978
-0.13084979
0.04483497
-0.61258739
0.18036422
-0.13552925
-0.43222317
0.098528373
-0.36490741
-0.091933049
-0.26637903
0.006595324
0.27297436
-0.086014816
-0.030429919
0.16528406
0.056401795
-0.025687141
0.071594758
0.012553069
0.21871723
-0.11213346
0.1909712
-0.043848726
0.19354596
0.14712247
0.23739469
-0.1345694
-0
-0.024008574
-0
-0.024008574
-0
-0.021319974
-0
-0.021319974
-0
-0
-0
-0
-0
-0
-0
-0.024008574
-0.33622615
-0.16364256
-0.13506761
-0.17258359
0.20115854
0.028574948
0.50215794
0.36262777
0.50215794
-0.13953017
0.53521136
0.67474153
0.28785738
0.24735398
0.38688415
0.70331648
0.31643233
0.70331648
-0.38688415
0.38688415
0.56378631
-0
-0.601151
-0
0.030098234
0.20513276
0.062206376
-0.63124923
-0
-0
-0.63124923
-0.63124923
-0
-0
-0.56904285
-0
-0.601151
-0.061785394
-0.060617899
-0.001167495
-0.031339853
-0
-0
-0.19119956
-0
0.19119956
0.19119956
-0
-0
0.082371885
-0
0.082371885
-0
-0
0.49389552
-0
0.49389552
-0.49389552
0.10882767
0.30269597
0.80880044
0.41152364
0.50610448
0.082371885
0.0078382405
-0.0079260294
-0
-0.0029398965
0.034845209
-8.7788953e-05
0.031905312
-0
0.039831342
-0.14205221
0.082406099
-0.070304014
0.13235395
-0.10390573
0.22445831
0.23625967
0.11045575
0.15385358
0.045514744
0.021844774
0.0054168052
0.016427969
0.17834021
0.25046624
0.20018498
0.17378264
0.25588305
0.15735467
-0.24928772
0.18375701
0.0059421261
-0
-0.063001864
-0
-0
-0.06894399
-0
-0
-0.055574094
0.070108092
-0.15403572
-0.08392763
-0.022871763
-0.022681171
0.022681171
-0.034692098
-0.022681171
0.0112852
-0.0667786
0.033966371
0.032086502
-0.023406897
0.09351916
-0.066932028
0.026587131
-0.11001117
-0.029418688
0.18918958
-0.25569617
0.15977089
-0.19494333
-0.060752842
-0.0057537489
0.059129191
0.093266076
-0.10410175
0.050788003
-0.034136886
-0.053313748
0.039952328
0.10660472
0.053040262
0.12757395
0.16277174
-0.053564456
-0.091770212
0.006076068
0.15669568
-0.046964194
0.20010155
-0.19011797
-0.17579818
-0.1031276
-0.011143682
0.015903299
-0.20126165
-0.19170148
-0.15687849
-0.32718216
-0.22111415
-0.019063569
-0.39398421
0.3693809
-0.34624573
-0.17287007
-0.60192022
0.12628062
0.074814358
0.076525041
0.088659456
-0.099948655
0.073852214
0.013845098
0.025268105
0.16870141
0.011423008
0.1572784
0.10179315
0.085275221
-0.06669748
0.10008246
-0.0064729924
-0.013298314
0.012046123
0.061191125
-0
0.0055731308
0.047892811
-0
0.035846688
-0.36283179
-0.17045447
-0.026605632
-0.19237732
0.16577168
0.13638247
0.25038504
0.044762683
0.20562236
-0.27699067
0.12634728
-0.15064339
-0.23714
0.29211896
0.12404554
0.054978966
0.099741648
-0.001247119
-0.022681171
-0
-0.089459771
-0.0022354746
-0.021434052
-0.087224296
-0
0.064543125
0.028776196
-0.13305491
-0.1618311
-0.15553497
-0
-0.0029398965
0.026478792
0.094508911
0.091569014
-0
0.12932145
0.10284266
0.065090223
0.063496807
-0.0012904308
-0.63124923
-0
-0
-0.56904285
-0
-0
-0.56775242
-0.56775242
-0
-0
-0
-0.56904285
-0.20780425
-0.15418399
-0.22938609
-0.053620256
0.021581842
0.075202098
0.036475749
-0.1291896
-0.18017371
0.050984107
-0.18280986
0.35612441
-0.2499663
0.067156449
0.1061581
-0.15859186
-0.17476421
0.28692278
0.016172342
0.11215857
-0.19634605
0.22719632
0.18837278
-0.13493846
-0.26869851
0.092257866
-0.080325727
0.096114915
-0
-0.022715038
-0
-0.07220173
-0
-0
-0.049486692
-0
0.047192607
-0.14479022
-0.1188635
-0.025926726
0.10833283
-0.04481053
-0.15754361
0.1518139
0.98800292
0.075089793
0.14573648
0.91291313
0.84226644
-0.07064669
0.23263341
-1.0870869
0.49290224
0.29755038
-0.56354893
-0.36208812
-0.41781245
-0.54769788
-0.56218246
-0.014484582
0.1683623
-0.014878332
-0
-0.06894399
-0
-0
-0.083822322
-0
-0
-0.078482056
0.40295651
-0.58504641
-0.50995662
-0.091344767
-0.19303329
0.49370164
-0.31692332
-0.16906342
0.26812309
0.077228457
-0.13050746
0.20773592
0.22975382
-0.39139487
-0.1493223
-0.24207257
0.013931943
0.25600451
-0.02515747
0.012895359
0.17975639
0.16686103
-0.25496793
0.05633968
0.27860311
0.023635179
-0.22226343
-0.16582445
0.022598594
-0.14322585
0.58224662
0.036530538
-0.045681806
-0.023243329
-0.068925134
-0.049783888
-0.11856463
-0.45972035
-0.11004135
-0.12513196
-0.22860598
-0.58485231
-0.49873427
0.49312628
0.18253549
0.49312628
0.11106483
-0.048866518
0.15005906
0.29360032
-0.26378868
0.0055531143
0.029811635
0.2880472
-0.25823557
0.4986794
0.13798814
0.4986794
0.14354126
-0
-0.025578822
-0
-0.025578822
-0
-0.036857614
-0
-0.036857614
-0
-0
-0
-0
-0
-0
-0
-0.025578822
0.10191642
0.069581737
-0.29894388
-0.19252136
-0.067590424
-0.19702746
-0.2621031
0.20641305
-0.56104698
-0.98151001
0.98151001
0.39464822
0.018489991
0.016268434
0.042701134
0.034758426
0.026432699
-0.96524157
-0.96524157
0.36409058
-0.35194709
0.33765788
-0.37837979
-0.091983914
-0.15518334
-0.063199425
-0.042507312
-0.057449409
-0.20926331
-0.32373367
0.66426925
-0.17799719
-0.27894024
0.018610144
-0.34347798
0.26628427
0.06967693
0.19660734
-0.17132387
0.025283466
-0.12712634
0.51380031
0.39181339
0.51380031
-0.094386303
0.48619969
-0.48619969
0.0057423611
-0.50805795
0.39755575
-0.2194601
-0.12401788
0.14262803
0.0550058
0.14160154
0.15382534
-0.024171849
0.6884411
-0.17902368
0.29645337
0.1016549
0.11742969
-0.19479847
0.17243549
-0.26131273
0.043377081
0.30468981
0.23238891
0.12082991
-0
-0.015202263
-0.08392763
-0.0072762335
-0.0079260294
-0
-0.039573121
-0.044354509
-0.035259548
0.25544767
-0.18419191
0.014641129
-0.03543434
-0.14875757
-0.43810422
-0.43810422
-0.42346309
-0.62229613
-0
-0.025054718
-0.036857614
-0.025054718
-0
-0
-0.036857614
-0
-0
-0
-0
-0
-0
-0
-0
-0.025054718
-0
-0
-0
-0.063001864
-0
-0.017520941
-0.018471138
-0.017520941
-0
-0
-0.018471138
-0
-0
-0
-0
-0
-0
-0
-0
-0.017520941
-0
-0.01034893
-0.00024641497
-0.01034893
-0
-0
-0.00024641497
-0
-0
-0
-0
-0
-0
-0
-0
-0.01034893
-0.15117946
-0.14010218
-0.12771918
-0.011077274
0.023460278
0.012383004
0.025161879
-0.12774632
-0.058526571
0.069219748
-0.13882359
0.16312696
-0.16979607
-0.030972472
-0.0066691049
-0.081986849
-0.18217907
0.1251745
0.10019222
-0.057004567
-0.15871879
-0.096575056
-0.049102069
0.012647425
0.14650998
0.41029866
-0.11669835
-0.45940073
-0.12934577
0.22776317
0.027678436
-0.038605648
-0.066284083
-0.054219646
-0.012064438
-0.042428973
0.019356421
0.029772757
-0.046927662
0.033253791
0.046655129
-0.024446888
0.058719567
-0.036511326
0.20389695
0.23928381
-0.035386858
-0.038125268
-0
-0.16838311
-0.087760509
0.061002985
-0.19509536
-0.22938609
-0
-0.12041451
0.10897159
-0.12041451
0.032653998
-0.30406694
0.20204679
-0.0479686
0.038205555
-0.14497167
0.18317723
-0.12819826
-0
-0.025005216
-0
-0.025005216
-0
-0.038580303
-0
-0.038580303
-0
-0
-0
-0
-0
-0
-0
-0.025005216
0.18093675
0.26316644
0.13947104
0.23962003
-0.33809929
-0.041465702
-0.023546413
0.46641076
0.13196958
-0
-0.02506224
-0.038580303
-0.02506224
-0
-0
-0.038580303
-0
-0
-0
-0
-0
-0
-0
-0
-0.02506224
-0.11681556
-0.20780425
0.090988694
0.039421143
0.98104209
-0.6534543
0.37506153
-0.27839277
-0.018957906
-0.048786563
0.018957906
-0.067744469
-0
-0.067744469
0.60466774
0.30420597
0.44256393
0.30046177
0.14210216
0.39401944
0.025813201
-0.36820624
-0
-0.36820624
-0.34924833
-0.098642279
-0.12024626
-0.060748813
0.028710958
-0.060748813
0.037893466
-0.14895721
0.19214487
0.059612906
-0.015190697
0.23514697
-0.08972438
-0.12360802
0.1618641
-0.16679568
-0.28547212
0.32865978
0.073282874
0.4616342
-0.16349955
0.077071296
0.16516023
-0.001635448
-0.24201936
-0.019456653
0.09445775
0.37721298
-0
0.17393767
0.39666964
0.39666964
0.21240775
-0
0.18426189
0.18426189
0.3068655
-0.010324223
-0.15490794
-0.22273197
-0
0.050931549
0.045514744
0.070030493
-0.042655967
0.18043575
0.092550484
0.16333256
-0.15673724
0.12096204
0.13806523
-0
-0.017103186
0.12096204
0.13806523
0.087133679
-0.0070133575
0.056294475
0.0502893
-0.16242276
0.23739469
0.063307833
0.39981745
0.39981745
-0.22573059
-0
0.40604303
-0
-0.078971205
-0.19285778
0.0098001867
0.32707182
-0
-0
0.32707182
0.32707182
-0
-0
0.31727163
-0
-0.40604303
-0.07839264
-0.033971169
0.041501805
-0.046528636
0.11989445
-0.0049164165
-0.12481086
0.029054752
-0.078282226
-0.083309057
0.43958471
-0.12684622
-0.080715791
0.18617603
0.26008258
0.31302224
0.17936679
-0.26437007
0.05252057
-0
0.0094024279
-0
0.0094024279
-0
0.012046123
-0
0.012046123
-0
-0
-0
-0
-0
-0
-0
0.0094024279
0.22244242
0.014367155
-0.17887799
0.12753191
0.20807526
0.41975888
0.059063106
0.18659501
0.073430262
-0
0.00060453432
-0
-0.05754794
-0
-0
-0.058152474
-0
-0.051335794
0.50608097
0.16866056
0.11919682
0.18510175
0.021459189
0.1565268
0.18855316
0.12787916
0.57543732
0.35376231
0.069356346
-0.39885326
0.28440597
-0.045090947
-0.32949691
0.47295913
-0.018471138
-0
-0.018471138
-0
-0
-0
-0
-0
-0.01034893
-0.18537259
0.035896291
0.056646768
0.020750477
0.39666964
0.25841874
-0
0.13825089
0.13825089
0.43256593
0.21922818
-0
0.21333775
0.21333775
0.31506551
0.23997865
0.18363461
0.075086859
-0.1314309
-0.056344045
0.45331641
-0.0028584851
-0.08182969
0.40890151
0.40890151
-0
-0
-0
0.40604303
-0
-0
0.32707182
-0
-0
-0.40890151
0.62212108
0.052620452
0.67474153
-0.21607806
-0.19652173
0.12754056
0.12877726
0.10858265
-0.067744469
0.018957906
-0.17756383
0.19093237
0.21338912
-0.051525022
-0.022456753
0.41010918
0.4616342
0.021757852
-0.43257433
-0.28074248
0.043827336
0.046901615
0.47640167
0.3276441
-0.28381676
-0.021434052
-0
-0
-0
-0
-0.021434052
-0
-0
-0.025005216
-0
-0.022681171
-0.033966371
-0.022681171
-0
-0
-0.033966371
-0
-0
-0
-0
-0
-0
-0
-0
-0.022681171
-0.12627032
-0.44311411
-0.45121262
0.14147064
-0.96187045
-0.57168972
-0.30164348
0.73648608
-0.4478452
1.0381296
0.14620172
1.1843313
0.0033674239
-0.425488
-0.81566873
0.14956914
-0.11128107
-0.048779129
0.04178522
-0.087083777
-0.056031718
-0.094364491
0.056318523
-0.06303566
-0.13586291
0.13614971
0.13926961
0.00028680543
0.0031198989
0.087370582
-0
0.0028156172
-0
0.46444981
-0
-0
0.4616342
-0
0.41010918
0.1651465
0.031596415
0.19674291
0.13117533
-0.014184494
-0.042428973
-0.028244479
0.007057719
-0
0.020054547
-0
-0.54769788
-0
-0
-0.56775242
-0
-0.56218246
0.19000459
-0.33570482
0.093632249
0.035132773
-0.14570023
0.058499476
-0.27720534
0.56054135
0.32935404
0.69341367
-0.018672138
0.69341367
0.13287232
0.3106819
-0.33528521
0.07129259
0.081109287
-0.15984603
0.1752373
-0.0025278756
0.12808121
-0.011752348
-0.12191442
0.21338687
-0.15731815
0.16348495
-0.10279364
0.006166797
-0.26627859
0.017919145
-0
-0.15117946
-0.14010218
0.063955159
-0.087224296
-0
-0.1031276
0.036974585
0.048051859
-0.21363559
0.15663103
0.071836529
0.22846756
0.16332324
-0.011837449
0.30610061
0.31793806
0.14479358
0.20571759
0.060924008
-0.21238669
0.23426408
-0.022749969
0.25701405
0.48438417
0.049086559
0.38754982
-0
0.38754982
0.060477996
0.32707182
-0.25638481
0.012267696
0.18683264
0.37528212
-0
0.30269395
0.24731064
0.024377871
0.084855867
-0.23950527
0.08991331
0.23718037
0.28355422
0.19364091
0.33251466
-0.028181115
0.20899925
0.061732195
-0
-0.015202263
-0.015555443
-0.015202263
-0
-0
-0.015555443
-0
-0
-0
-0
-0
-0
-0
-0
-0.015202263
-0.021319974
-0
-0
-0
-0
-0.021319974
-0
-0
-0.025578822
-0.25591588
-0.010894783
-0.086852466
-0.097747249
0.31610405
0.31610405
0.31610405
-0
-0
-0
0.30520926
0.30520926
-0
-0
-0
0.40295651
0.40295651
-0
-0
-0
0.31610405
0.88864579
0.027338665
-0.0048049801
0.91598445
-0.41827477
0.41346979
0.42392276
-0
-0
-0.69423108
-0.69423108
-0
0.21739972
0.28085101
0.22561279
0.16216151
0.063451284
-0.91163081
-0
-0
-0.91163081
-0.91163081
-0
-0.97508209
-0
-0
-0.97508209
-0.97508209
-0
-0.91163081
-0
-0.015555443
-0
-0
-0
-0
-0.015555443
-0
-0.02506224
-0.1350942
-0.11345866
-0.039959907
0.021635536
0.14020016
-0.18016007
-0.25365883
-0.0024654247
-0
-0.060617899
-0
-0
-0.058152474
-0
-0
-0.053317677
-0.099660039
0.0075082475
-0.065364593
-0.10716829
-0.050849763
-0.11621436
-0.043341515
0.15704719
0.19868816
0.35573535
-0.06341494
-0.05642417
0.10164953
-0.042966534
-0.013457636
0.066497898
-0.035151635
0.010073728
-0.021434052
-0
-0.021434052
-0
-0
-0
-0
-0
-0.022681171
-0.051470953
0.38754982
0.43902077
-0.021351694
-0.02571527
-0
-0.02571527
-0
-0
-0
-0
-0
-0.025054718
-0
-0
-0
0.37721298
-0
-0.20780425
-0.15418399
0.10008713
-0.22927673
-0.10771712
-0
-0.067744469
-0.03997265
0.086439526
-0.26924938
0.14005978
-0
-0.023848497
-0
-0.023848497
-0
-0.033966371
-0
-0.033966371
-0
-0
-0
-0
-0
-0
-0
-0.023848497
0.059663702
0.031905312
-0
0.047892811
0.091569014
-0
0.13239573
0.08450292
0.043676204
0.08205786
-0
0.41932927
0.35990916
-0.00042960566
0.066198348
0.41975888
-0
0.29763551
0.12212337
0.29763551
0.062273648
0.18832171
-0.17980225
0.12169376
0.21807901
0.047228226
-0.014011239
-0.023243329
-0
0.029086775
-0.066117162
0.047452407
-0.11863821
-0.070471555
-0.052105923
-0.070471555
-0.018365631
-0
-0.018365631
-0.0048776972
0.043199307
-0
-0.023903356
-0
-0.023903356
-0
-0
-0
-0
-0.024008574
-0.023903356
-0
-0.023903356
-0
-0
-0
-0
-0
-0.017520941
0.043343311
0.065415758
0.022072448
0.081201638
-0.15712798
0.0081041868
-0.0022200361
0.17393767
-0
-0
0.18426189
-0
-0
0.18204185
0.18204185
0.18204185
-0
-0
-0
0.17393767
-0
0.049110333
-0
0.27796149
-0
-0
0.32707182
-0
0.32707182
-0
-0.00050465081
-0
0.18254651
-0
-0
0.18204185
-0
0.17393767
-0.1011285
-0.059608245
0.051158358
0.10406431
-0.15228685
0.04445606
0.012859645
0.17285039
0.095304829
0.30136481
-0.11710292
0.26815522
-0.21856479
0.14826077
0.26536369
0.18976258
0.66426925
-0.027601706
0.070978787
0.39154228
0.63666754
-0.32056349
-0.3481652
0.083816157
0.21888377
-0.062356969
0.20089614
0.50242035
0.073016973
-0.3178875
0.60229347
0.27279655
0.41977991
-0.25553053
-1.0777997
0.67531044
-1.4975797
-0.82226922
0.4744143
-0.091983914
-0.15314339
0.022673
-0.17858865
0.20721505
-0.11465691
-0.025445267
-0.11465691
0.011529318
-0
-0.02571527
-0
-0.02571527
-0
-0
-0
-0
-0.023848497
-0.076266744
0.26719911
-0.070909503
-0.0053572413
0.15509688
-0.11210223
0.078830138
-0
-0
-0.8197128
-0.8197128
-0
0.12098532
0.25808695
0.22091779
0.13710163
-0.94069811
-0
-0
-0.94069811
-0.94069811
-0
-1.0777997
-0
-0
-1.0777997
-0
-0.94069811
0.011891456
-0.011042143
0.20274201
0.0098441447
0.013009795
0.19085055
0.020886288
0.013009795
-0.18100641
0.027815694
0.011402488
0.35886891
-0
-0
0.38668461
0.38668461
-0
-0
-0
0.37528212
-0
-0
-0.35886891
-0
0.0038432909
-0
0.0038432909
-0
-0
-0
-0
0.0094024279
0.6884411
0.16920324
0.52772889
0.10893865
0.52772889
-0.16071221
0.27814189
-0.35551068
-0.13654036
0.0022441618
-0.12180138
-0.11533862
0.026198648
0.048287562
-0.096502662
-0.073513818
0.018835956
-0.070575936
0.11087528
0.17994056
0.24819486
0.27325342
0.225624
0.18161728
-0.28363743
0.13731958
0.045683434
0.091636146
0.39390127
0.15655871
0.019180893
-0.051165116
-0.070346009
-0.031385701
-0.085561949
-0.088820526
-0.0032585764
-0.038261482
-0.13269091
0.2021645
0.23879606
-0.074350963
0.01235584
-0.083767131
0.11586951
0.14469856
-0.091306153
0.2511519
0.19022048
-0.067517296
0.060931427
0.12270318
0.17680094
-0
-0.16278079
-0
-0.97508209
-0
-0
-0.8123013
-0
-0.69423108
-0
-0.063738649
-0
0.43902077
-0
-0
0.37528212
-0
0.38754982
0.14775549
-0.10906776
0.25682325
0.1876035
-0.49682413
0.48468588
0.018489991
-0
0.034758426
-0.51531412
-0.016858824
-0
0.49845529
0.49845529
0.50154471
-0.46369687
-0.50154471
-0.48055569
-0
-0
-0
-0.11681556
0.028785976
0.022404242
0.0063817344
-0.064679535
-0.09166302
-0.096575056
0.017657329
0.12885265
0.39264133
-0.11423238
-0.11423238
0.015812362
-0.37682897
0.033469692
0.38456035
-0.1994586
-0.16451427
0.8392558
-0.33317483
0.22004608
-0.38362304
-1.1607442
0.60366913
-0.55707507
-0.58308165
0.93684396
0.5379907
0.020587481
-0
0.0055731308
-0
0.0055731308
-0
-0
-0
-0
0.012046123
0.20785412
0.12707439
-0.080779725
-0.17804248
-0.09726276
-0.035230917
0.027693657
-0.004342204
-0.10847338
-0.10197672
0.0018477921
-0.17370028
0.099110552
-0.078931933
-0.038128451
-0.39961112
0.5496968
0.5496968
0.49770969
0.36148267
-0.051987117
-0.15425797
-0.45159824
-0
0.37460727
-0
0.48619969
-0
-0.11159242
-0.094386303
-0.15518334
0.023327797
0.14336083
0.27292617
-0.26023775
-0.17851114
0.012688424
-0.17851114
0.45143731
-0.36208411
0.028898281
0.0021658283
-0.35203392
0.39098239
0.35419975
0.38881656
-0.06980015
0.12319255
-0.021506004
0.10451761
0.018674946
0.41389098
-0.20055323
0.17904723
0.039425423
0.0288519
0.030870001
0.16487233
0.043202934
0.25488655
0.19372423
-0.012332933
-0.013763508
0.17923948
-0.055206317
0.16590783
-0.28401471
0.2594114
0.10996951
-0.77479028
-0.60192022
-0
-0.22880839
-0.94069811
-0.71188972
-0.71188972
-0
-0.062900559
-0
-0.049662935
-0
0.37528212
-0
-0
0.42494505
-0
-0.42494505
-0.069606106
-0.019144184
0.17296901
0.025244331
-0.10261312
0.10336291
0.0061001473
0.023711488
0.1052107
0.0040619254
-0.042428973
-0
-0.061785394
-0.038367047
-0
-0.05754794
0.0042374541
-0.015118967
-0
0.045514744
0.029086775
-0.060182025
-0.1891057
0.097172648
-0.065734271
0.10804837
-0.0054515357
0.10569677
0.094821046
-0
0.010875724
0.10569677
0.094821046
-0.049306302
-0
0.06382076
-0.068925134
0.37042839
0.56575085
-0.10442129
0.43424915
-0
-0.34153528
-0.43424915
0.092713874
-0.34153528
0.27261014
0.19713516
-0.052984713
-0.27771452
-0.0079260294
-0
-0.0079260294
-0
-0
-0
-0
-0
-0.015202263
-0
-0
-0
-0.77479028
0.5946966
-0.14584213
0.44885447
0.16483977
-0.55707507
0.26519415
-0.82226922
-1.1401567
0.061719684
-0.15117946
-0
-0.12771918
-0.089459771
-0
-0.060748813
0.066970364
0.090430642
0.43958471
-0.0011209721
0.43846373
0.079594819
-0
-0
-0
0.018957906
-0.66297056
-0.24866024
-0.66297056
-0.18097669
0.044636103
-0.11752541
-0.42963693
0.35280212
-0.075995497
-0.076834811
-0.50563243
0.42879762
-0.58697507
-0.38810702
-0.58697507
-1.0926075
-0.099041017
-0.08392763
-0.013728084
-0.12796047
-0.12796047
-0.085312934
0.044032838
0.036446416
0.031385413
0.0015464206
-0
-0.070471555
-0
-0
-0.068925134
-0
-0
-0.023243329
-0
-0
-0
0.031905312
0.0076958346
-0.50610448
0.51380031
0.38230311
-0.061465697
0.040139761
0.14465737
0.087531698
-0.018626404
0.27271487
0.29134127
-0.058766165
0.18195872
0.1280575
-0.10938255
0.16333232
-0.085782852
0.12254174
0.036758892
0.032555138
-0.034798745
0.54715798
-0
-0.06670843
-0.13323991
-0.14941659
0.61386641
-0
0.61386641
0.61386641
-0
-0
0.46444981
-0
0.54715798
-0.06735298
-0.1687274
-0.46252183
-0.46252183
-0.43222317
-0.23608038
0.030298656
0.2426757
-0.69860221
-0
-0
-0
0.15117946
-0.0283082
-0.00087573712
0.027432463
0.049974026
0.032368459
-0
0.13806523
-0
0.10569677
-0
0.045514744
0.0090740615
0.063825762
0.2648977
-0.02939454
-0.12019742
0.14292537
0.093220302
0.35860221
0.37788387
0.45182251
-0.28466357
-0.11298617
-0.1417382
0.17167739
-0
-0
-0
-0
-0
-0
-0
-0
-0.036857614
0.11135421
0.43424915
-0.0041945386
0.32289494
-0.56575085
0.56155631
-0.32708948
0.086527222
-0
-0.091983914
-0
-0
-0.17851114
-0
-0
-0.15518334
-0.087244221
0.15631788
0.2435621
0.14993615
-0
-0.010122568
-0
-0.038367047
-0
-0
-0.028244479
-0
-0.042428973
-0
-0
-0
0.06382076
-0.091676897
0.10019636
0.088125351
-0.037346448
-0.04274896
0.062849915
0.13087431
0.1171108
0.15097527
-0
-0.018489991
0.061191125
0.067004125
-0.085494116
-0
0.13239573
0.071204606
0.11390574
-0.26805733
-0.31824972
-0.58630704
-0.72777768
-0
-0
-0
-0
-0
-0
-0
-0
-0.038580303
-0.00046026785
-0
-0.027784211
-0
-0
-0.028244479
-0
-0
-0.010677883
-0.11441156
-0.013307617
-0.02569062
-0.20648873
-0.081314232
0.024309665
-0.19093956
0.021143495
-0.0278126
-0.21979635
-0.21663018
0.24942511
-0.0031661696
0.029628758
0.032794927
-0.19548669
-0
0.4616342
-0
-0
0.61386641
-0
-0.15223221
-0
0.46444981
-0
-0
-0
-0.54769788
0.015906825
0.25051785
0.050846961
0.13341493
0.26642467
0.050846961
0.16251895
0.029104017
-0.0879989
-0
-0.0079260294
-8.7788953e-05
-0.0079260294
-0
-0
-8.7788953e-05
-0
-0
-0
-0
-0
-0
-0
-0
-8.7788953e-05
-0
-0
-0
0.047892811
-0
0.068073307
-0
0.12096204
-0
-0
0.052888736
-0
0.052888736
-0
0.0055731308
-0
0.0055731308
-0
-0
-0
-0
-8.7788953e-05
-0
-0
-0.21564996
-0
-0.21564996
-0.21564996
-0
-0
-0.087760509
-0
-0
-0.12041451
0.12788945
-0.09523545
0.10681134
-0.087760509
-0
-0.0036329197
-0
-0.058152474
-0
-0
-0.061785394
-0
-0.060617899
-0
-0.00024641497
-0
-0.00024641497
-0
0.0038432909
-0
0.0038432909
-0
-0
-0
-0
-0
-0
-0
0.0038432909
-0
-0
-0
-0
-0
-0
-0
-0
-0.02571527
-0.010582836
-0
-0.038367047
-0
-0
-0.027784211
-0
-0
-0.033374219
-0
-0
-0
-0
-0
-0
-0
-0
-0.023903356
-0
-0.085561949
-0
-0.28275412
-0.28275412
-0.28275412
-0
-0.088820526
0.19719217
0.19393359
0.013291108
-0.085561949
-0.06710416
-0.16482478
-0.097720615
0.19499361
-0.13235479
0.012007587
0.0089367649
0.20937353
0.0094490957
-0.0094490957
0.19736594
0.20681504
0.1995782
0.0094490957
-0.0022122523
0.0072368434
0.20851496
-0.0072368434
0.0072368434
0.21158578
0.03243376
-0.092740742
-0.11374799
-0.12771918
-0
-0.11441156
-0.22045992
-0.22045992
0.032262484
-0
-0.2527224
-0.2527224
-0.081485508
-0.13831084
0.11111427
-0.10604836
-0
-0
-0
-0.36820624
-0
-0
-0.15418399
0.21402224
-0.067744469
-0
-0
-0
-0
-0
-0
-0
-0
-0.033966371
0.079001467
-0.0017782574
-0.035230917
-0
-0.00753726
-0.11423238
0.057558109
-0
-0.056674276
-0.056674276
-0.059336366
0.049137016
-0.042640349
0.021443358
-0.24778873
0.27542145
0.44414885
-0.39941294
0.02763272
0.044735906
-0.23068554
-0
-0
-0
-0
-0
-0
-0
-0
-0.0079260294
-0
-0
-0.070471555
-0
-0
-0
-0.34153528
0.27106372
-0.068925134
0.039310147
0.27796149
-0
-0
-0
0.31727163
-0
-0
-0.27796149
-0
-0
-0
-0
-0
-0
-0
-0
-0.021434052
0.25289756
-0.029049494
0.28194705
0.25899771
-0.014075715
0.43902077
-0
-0
-0
0.42494505
-0
-0
0.37528212
-0
-0
-0
-0
-0
-0
-0
-0
-0.00024641497
-0.039490748
-0.32698206
0.28749132
-0.39369049
-0.11583587
0.58224662
0.46641076
0.6058818
0.11805614
-0.049492942
0.16754908
-0.23206204
-0
-0
-0
-0.05754794
-0
-0
-0.060748813
-0
-0
-0.22045992
-0.22045992
-0
-0.098642279
0.15971111
0.12181764
-0.098642279
0.063854222
-0
-0.11465691
-0
-0
-0.17851114
-0
-0
-0.091983914
0.00028215006
-0
-0
-0
-0
-0
-0
-0
-0
-0.021319974
-0
-0
0.044153452
-0
0.044153452
0.044153452
-0
-0
-0.056674276
-0
-0
-0.00753726
-0.10082773
-0.051690712
0.058187379
-0.00753726
-0
-0
-0
-0
-0
-0
-0
-0
-0.018471138
-0.039573121
-0.12796047
0.088387347
0.092729551
-0
-0
-0
0.12771918
-0
-0
0.5496968
0.5496968
-0
-0.1101121
-0.11123307
0.43958471
-0
-0
0.43846373
-0
-0
0.43846373
0.023403321
0.21516455
0.086200255
-0.035353293
0.19176123
0.086200255
-0.086200255
0.050846961
0.23107138
-0
-0
-0
0.018489991
-0
-0
-0
-0
-0
-0
-0
-0
0.0055731308
-0
-0
-0
-0
-0
-0
-0
-0
-0.015555443
-0
-0
-0
0.49770969
-0
0.20681504
0.0072368434
0.002954691
-0.0057729513
0.20386035
0.013009795
-0
0.2157518
0.052256507
0.024268534
0.12434515
-0.089249489
-0.022552008
0.18254651
0.1572784
-0
0.072088648
0.20681504
0.13472639
0.13472639
-0
0.25907155
0.18457409
0.20415789
0.13105767
0.1083077
0.35332649
0.31563176
0.31246559
-0.28283684
0.33677526
-0
-0
-0
0.12796047
-0
-0
-0
-0.038367047
-0
-0
-0
-0
-0
-0
-0
-0
0.0038432909
0.11318668
-0
0.094821046
-0
-0
-0.018365631
-0
-0
0.029086775
-0.2838926
0.17090643
0.080972342
0.19299942
0.18392535
0.36486494
0.10382519
-0.44169975
-0.26103976
-0.18066
-0.067081242
-0.44496511
0.80356732
0.5487903
0.069828463
0.096642723
-0.15465616
-0.12898127
0.02681426
0.52288254
0.52288254
0.39390127
0.61952527
0.12764647
-0.038027203
0.16567367
0.38613359
0.21972846
0.11930785
0.13887375
0.33251466
-0
0.35860221
0.45182251
-0
0.42242797
0.12932145
0.018661493
-0.19578815
-0.45123583
0.46606018
0.11065996
0.01482435
0.11065996
0.033485843
0.0056394803
0.019598458
-0.050846961
0.18426189
-0
0.056486442
0.20386035
-0
0.21336591
-0.4317814
0.015101837
0.44688324
0.047470296
-0
0.30520926
-0
-0
0.45182251
-0
-0
0.45182251
-0.14661325
0.048865997
-0
0.40295651
-0
-0.40295651
-0
-0
0.30520926
-0
-0
-0
0.33251466
-0.027305395
-0.33251466
0.47017838
0.47017838
0.14368803
0.35332649
0.051925683
-0.11685188
0.19561371
-0.16598496
0.66579209
-0
0.20681504
-0
-0.024773185
-0.021818494
-0
0.20386035
-0
0.18204185
-0
-0
0.18204185
-0
0.20681504
0.12521642
-1.0381296
-0.91291313
-0.71987984
0.059770918
-0
0.061191125
-0
-0
0.12096204
-0
-0
0.052888736
-0.28843183
-0.81566873
-0.20311667
-0.24472853
0.93960275
0.085315162
-1.0603973
-1.0603973
-0.15941337
-0.60945762
-0.13603543
0.47342219
-0.22135059
0.1851603
0.2614675
-0.076307203
0.19436334
-0.015224068
-0.024735839
-0.15510967
0.30069916
0.1398856
0.325435
-0.15542423
-0
-0
-0
-0.18426189
-0
-0
-0
-0.18254651
0.095383987
0.27709922
-0.18171523
0.30936171
-0
-0
-0.4547376
-0
-0
-0
-0.4200168
-0.034720805
-0.10080811
-0.76089964
-0
-0.093553828
-0.85445347
-0
-0
0.76089964
-0.14561822
-0.095379472
0.091642294
-0.0037371787
0.074978036
-0.0032807944
0.29072401
-0
-0.02538004
0.31610405
-0
-0
0.29072401
0.23439703
-0.15786163
-0.24226624
-0.20801514
-0.36587677
-0.20603074
-0.44829698
-0.048169111
-0.00027922103
0.22829999
0.17620181
-0.14700611
0.230124
-0.052098179
0.49168288
-0.07474804
0.15537596
0.10145377
0.045400652
0.18941776
0.23481841
0.058777097
0.077837143
0.20567554
0.28351269
0.17896564
-0.14853022
-0.13115713
0.052875338
0.18403247
0.046650013
-0.17805164
-0.044650466
0.28786419
-0
0.33251466
-0
-0
0.28786419
-0.13189469
-0.36811974
-0.0072022577
-0.36091748
-0.0033439226
0.29150784
-0.33462637
0.19815045
0.13042977
-0.46505614
0.34103826
0.14288781
-0.26690569
0.3253731
0.026478792
-0.084181167
-0.0048192448
0.11065996
-0.066506507
0.061687262
-0.01767466
-0
-0
-0
0.12932145
0.14512873
-0.15641793
0.24507739
-0.19626084
0.082375422
0.031400225
0.23879335
0.21367716
-0.12501771
0.18954371
0.034831984
0.15471172
0.089883669
-0.015198089
-0.12182736
-0.13702545
-0.095240228
-2.5979647e-05
-0.044290928
0.35476031
0.11596425
0.31046938
0.052050639
-0.063913608
-0.30270967
-0.13959576
-0.97761256
-0.49389764
0.070941886
0.022387436
0.022387436
-0.022387436
-0
-0.51628508
-0
-0.093329323
-0
0.022387436
0.012370989
0.97761256
0.48371492
-0.017829784
-0.96524157
0.50154471
-0.48152665
0.038803689
0.34636333
-0.30755965
0.098574607
0.37646157
0.33405119
-0.15409047
0.18892246
-0.22095741
0.11950874
0.11815237
0.27359922
0.30707483
0.0006212495
0.028719822
0.039837233
0.40528003
0.044288829
0.43399985
0.27761843
0.15638141
0.056432759
0.31745567
0.11209258
-0.045064665
0.38971102
-0.16020264
0.32863677
0.054066657
0.19391037
0.27457011
0.080659735
-0.21524732
0.030193254
0.055880395
0.22410363
0.05881957
0.3304505
0.1394793
0.054066657
0.24979077
0.22397459
-0.12182173
0.10215286
-0.06956522
-0.20401648
0.052716473
-0.044649565
0.3398676
0.3398676
0.3398676
-0
-0
0.39258407
-0
0.38451716
-0
-0
0.3398676
0.211967
-0.12104497
0.090922028
-0.092255199
0.011230831
0.31918767
-0.044617562
0.3304185
-0.0094490957
-0.054066657
0.28580094
-0.10981414
0.03012458
0.028983606
0.11088338
-0.57090268
1.1159277
1.1159277
-0.54191907
-1.4259913
-0.0062670533
-0.88407227
-0.53565202
-1.4197243
-0.11715044
0.58027572
0.58027572
0.57400866
-0.0072036655
-0.080568496
0.073555139
-0.4475469
-0.0058471441
-0.18249102
-0.26505587
-0.17664388
-0.08641564
0.14271012
-0.25604616
-0.319354
0.71917144
0.13686297
0.37071209
0.10651337
-0.26419872
0.086819486
-0.037328246
-0.76302077
0.75675372
-0.80034902
0.61785799
0.13889573
-0.14516278
0.51436053
0.069185123
-0.44517541
-0.55168878
0.069116981
-0.20418459
0.014699176
0.90750108
0.90750108
-0.31982446
1.2273255
1.2273255
0.70331648
0.50242035
-0.30512529
-0.72490519
-0.77267446
0.92220025
0.12290457
0.36247602
-0.23957145
-0.4434684
0.21694039
-0.059783808
0.2767242
0.11674403
-0.060678044
0.06574481
-0.12642285
0.15119558
-0.20842666
0.093920962
-0.15273044
0.38918863
-1.0368027
0.055696212
-0.29526766
0.12481319
0.41817223
0.12517191
0.005431501
-0.1197404
0.39462013
-0
-1.0368027
0.88407227
-0.040997036
-1.0777997
-0
0.77267446
0.11139781
1.0924989
-1.0368027
-0
0.21708992
-0.8197128
-0
-0
1.0368027
0.34257163
-0.086011552
-0.0068135673
-0.1418229
-0.079197985
0.055811346
0.13500933
-0.023297478
0.034179106
-0.13890646
0.010881629
-0.16220394
0.17308556
-0.045018878
-0.0078079566
-0.14286379
-0.052826835
0.097844909
-0.15067174
-0.083095113
-0.007854457
0.19375211
-0.075240656
0.110657
0.18589766
-0.063665803
-0.070723157
-0.053586798
-0.051132843
-0.017136359
-0.019590314
-0.0024539546
0.02786388
0.057340419
0.065214064
-0.029476538
-0.037350183
0.0078736451
0.074476778
0.067258915
0.075066872
-0.0072178623
0.00059009432
0.084804377
0.077520827
0.070707259
-0.0072835508
-0.014097118
0.057930513
0.049494488
0.3265229
0.31131664
0.27702841
0.26182215
0.015206265
0.17266171
-0.16303493
-0.11847915
0.33569663
0.29114085
0.044555781
0.11399349
-0.55030988
-0.55030988
-0.66430337
0.66430337
-0
0.143343
-0.56551615
-0.56551615
0.70885915
-0.70885915
-0
0.098787221
0.3553992
0.42340479
-0.068005592
0.095987804
0.1639934
-0.61590192
0.61590192
-0.61590192
-0
-0
-0
0.54789633
-0.54789633
-0.54789633
-0
-0
-0
0.71188972
0.71188972
-0
-0
-0
-0.61590192
-0.073483782
-0.18194497
-0.17156579
0.10846119
0.098082012
-0.010379174
-0.012437019
0.15432105
0.16921644
-0.16675807
-0.18165346
0.014895386
0.045859866
0.30136357
0.30136357
0.2555037
0.2555037
-0
0.071134425
0.31174274
0.31174274
0.24060831
0.24060831
-0
0.060755252
-0.4095287
-0.4095287
0.028914992
-0.40306143
-0.40306143
0.11971575
-0.006467273
0.5904713
-0.5904713
0.59693857
-0.59693857
-0
-0.56155631
-0.47722283
-0
-1
0.56412705
0.56700401
-0
0.0028769551
0.56412705
0.56700401
-0.2070884
0.21497264
-0.018271935
0.0078842415
-0.22536034
0.23324458
0.21209569
-0.28595959
-0.009129211
-0.073863898
0.2212249
-0.2950888
0.54585512
0.5578748
-0
0.01201968
0.54585512
0.5578748
-0.006252256
-0.62019996
-0
0.069890079
-0.62019996
-0.55030988
0.26465327
-0.20565958
0.0058595986
0.058993686
0.25879367
-0.19979998
-0.27554966
0.02696337
0.050973239
-0.24858629
0.29955953
-0.62605956
-0.57727325
-0
0.048786307
-0.62605956
-0.57727325
0.075749678
0.085529859
-0.057057948
0.06242136
-0.14258781
-0.0231085
0.11947931
-0.34568205
-0.2311778
0.42220325
-0.11450425
0.076521204
0.19102546
-0.3737656
-0.088865658
0.31430933
0.28489995
-0.059456275
0.22544367
-0.44531175
-0.19483002
-0.34907268
-0.25048173
0.096239078
-0.15424265
-0.2542863
0.80440743
0.51643565
0.59179409
0.28797179
-0.21261334
0.075358445
-1.1955926
-0.64769624
1.1955926
0.93566802
-0.51226323
0.86766243
1.4082059
-0.79230399
-1.4082059
-0.57969064
-0
-0
-0.51531412
-0
-0
-0.095835609
-0.41669743
0.0027810724
-0.90138332
-0
0.098616682
-0
-0.098616682
-0
0.098616682
0.098616682
0.11527885
-0.070618805
-0.078473262
0.074486962
-0.076184783
-0.068376826
0.096892804
-0.038116526
-0.044930094
0.14510577
-0.17536607
-0.098780611
-0.0302603
0.046325155
0.076585455
-0.10474726
0.010574425
0.051846935
-0.067632373
-0.11870679
-0.23036589
0.076123236
-0.1304314
0.18387793
0.041565747
0.17055372
-0.062799032
-0.058880345
0.10775469
0.11167338
0.0039186871
-0.010952097
-0
-0
-0.51628508
-0
-0
-0.090594933
-0
-0
0.096754742
-0
-0.096754742
0.096754742
-0.41953033
0.0061598098
-0.90324526
0.096754742
-0.16744297
-0.23271363
-0.11664373
0.065270661
0.050799239
0.1160699
0.13692509
0.30368316
-0.14936211
0.2384125
0.4939162
-0.19255263
0.20016135
0.30862253
0.12667757
0.2578233
0.53754766
0.32982949
0.39865826
0.20771817
-0.1388894
0.068828771
-0.25279064
0.10211889
0.17660585
0.30983706
-0.1239394
0.23921825
0.31549525
0.17038948
-0.26917009
0.24100829
0.27566098
-0
-0
0.27566098
0.27566098
-0
-0.14660079
-0.029919029
0.020881317
-0.11668176
-0.16748211
-0.050800346
0.30558001
-0
-0
0.30558001
0.30558001
-0
0.25477966
-0
-0
0.25477966
0.25477966
-0
0.27566098
-0.15522192
-0.24704189
0.091819971
0.097568714
0.0057487433
0.15180784
0.26679256
0.27570166
-0.11498472
-0.12389382
0.008909102
-0.17497259
0.5432964
0.5432964
0.36832381
0.36832381
-0
-0.17813295
0.53754766
0.35941471
0.35941471
-0
-0.16922384
0.0014787515
0.034453588
0.13820812
-0.19748852
0.035932339
0.023061347
0.24159192
0.044103407
0.20713833
0.1426506
0.073825072
0.10507003
0.068825532
-0.037580575
0.031244957
0.1426506
0.1426506
-0.1426506
-0
-0
-0
-0.073825072
0.073825072
-0.073825072
-0
-0
-0
-0.10507003
0.10507003
0.10507003
-0
-0
-0
0.10507003
-0.0045501767
0.19643384
-0.044626003
0.079267819
0.029585222
-0.20098402
0.10885304
-0.015086361
0.28025184
0.17085711
0.39865826
-0.17571787
0.36757853
0.36757853
0.34657498
-0.031079733
-0.30024983
-0.16996913
0.013456173
0.12346892
-0.025893192
-0.0052390305
0.045560209
0.12870795
-0.018050947
0.0029645864
-0.12574336
-0.028857779
0.17130357
-0.15460114
0.0033878288
0.27902081
-0.15763048
-0.27563298
-0.43326346
0.25767342
0.29421367
-0.1856099
-0.036540244
0.44328332
-0.47982357
0.13658319
-0.1817362
0.088860486
-0.31831939
0.40717987
0.090023082
0.25152726
-0.45652156
-0.16150418
-0.54654464
-0.70804882
-0.024105718
-0.51304893
-0
-0.51304893
-0.51304893
-0
0.21679395
-0.060613021
-0.014115857
0.27740697
0.2309098
0.046497164
-0.45243591
-0
-0.45243591
-0.45243591
-0
-0.49893307
-0
-0
-0.49893307
-0.49893307
-0
-0.51304893
-0.23311732
-0.096312252
-0.052842269
0.13680507
-0.18964733
0.61984628
0.61984628
0.19650523
-0
0.42334104
-0.42334104
0.56700401
0.27961766
-0
0.28738635
0.28738635
0.3333103
0.46926499
0.045201909
-0.13595469
-0.28810839
-0.42406308
-0.33245992
-0.061088329
-0.097682055
-0.036593726
0.11206157
0.14865529
0.062078889
0.040381444
0.014910653
0.021697445
0.047168236
0.025470791
0.0037877177
0.081639463
-0.034817527
0.077851746
0.038605245
0.11645699
0.12697222
0.11383777
0.013134454
-0.067978535
-0.054844081
0.15244301
-0.12752536
-0.10239509
-0.02513027
0.070690479
-0.055546381
-0.026069843
-0.018196198
0.045608973
0.071914434
0.01953913
0.053718236
0.030420758
0.079788079
0.040290396
-0.0047112577
-0.067246139
-0.045001653
-0.10753653
-0.062534882
-0.0485256
0.0027005871
0.046629951
-0.051226187
-0.095155551
-0.043929364
-0.042301066
-0.037372953
0.058626798
0.0049281135
-0.10092786
-0.095999751
-0.060906583
-0.0039080835
0.14024645
-0.0569985
0.20115303
0.14415453
-0.10483595
0.015210289
-0.19817658
-0.041129391
-0.065050966
0.34995091
0.15391145
0.19603946
0.15177433
-0.046913828
0.11278206
-0.24295329
0.30882152
-0.041913692
-0.10238253
-0.15410604
0.060468834
0.11219235
-0.051723518
-0.19449367
-0.027011559
-0.0065620042
-0.18793166
-0.020449555
0.087480393
0.16729927
0.042825276
0.13030567
0.124474
0.11875436
-0.0088982422
0.11557575
0.10985611
0.23433011
0.124474
0.10329411
0.15113688
0.065607022
-0.088715522
-0.1110463
-0.29668068
0.18183464
0.18563439
0.070788343
-0.11484605
-0.36228771
0.016605656
0.059915548
-0.27055016
-0.17476159
-0.078522515
-0.38539621
0.26444452
-0.036519508
0.26043357
-0.30096403
0.0040109525
-0.29695308
-0.50126584
0.14041876
-0.50126584
-0.6416846
-0
-0.6416846
-0.16054527
0.082623358
-0.17617031
0.24316863
-0.015625042
-0.5052768
0.12078276
-0.5052768
-0.62605956
-0
0.12479372
0.069374554
0.23685666
0.21597534
-0.16594991
0.11053684
0.10260891
-0.27648676
-0.26855882
0.0079279306
0.12631982
0.38109948
0.38109948
0.11336643
0.38902741
0.38902741
-0.1054385
-0.019563099
-0.2243624
-0.25951312
0.2047993
-0.23995003
-0.035150726
-0.19911125
0.089734892
0.22107027
-0.28884614
-0.42018152
-0.13133538
-0.11506441
0.47932902
0.47932902
0.59439343
-0.59439343
-0
-0.018879756
0.44417829
0.44417829
0.46305805
0.46305805
-0
-0.01627097
-0.12882895
-0.061736177
-0.098063425
0.067092775
-0.030765526
0.036327248
0.16747963
-0.027233183
-0.13847695
0.029002683
0.11124376
-0.094325958
0.027079819
-0.080666617
-0.013659341
-0.16924247
-0.044339368
0.11159828
0.1249031
-0.057644189
-0.057998709
-0.17598916
-0.15996719
-0.13863898
0.016021968
-0.12261701
0.18283891
-0.010913199
0.20088986
-0.21180306
0.12772578
0.12777089
-4.5109343e-05
-0.14186801
0.21691183
0.0051538778
0.230368
-0.21175795
0.22521412
-0.01086809
0.0075140004
-0.070337745
-0.10894299
-0.016015377
0.0056820682
-0.041486168
-0.054322368
-0.0032329662
0.054203231
0.051089402
-0.00011913781
0.050970264
-0.05473976
-0.041605306
-0.10958384
-0.016134515
-1.227927
-0.54854436
0.1802789
-0.85966155
-0.67938265
0.34674649
0.27742385
0.2450476
0.31437024
-0.069322637
0.52702539
0.77207299
0.31809884
0.2450476
-0.20892655
0.45397416
1.1370854
0.99748149
0.54652141
0.13960391
-0.59056399
-0.45096007
0.45770275
-0
-0.5904713
-0
0.014670784
-0.42419948
0.014244207
-0
-0.56155631
-0
-0.57580052
-0
-0
-0.57580052
0.57580052
-0
-0.5904713
0.15838245
0.020174329
-0.17731419
0.059562012
-0.18202991
0.15618235
0.11207894
-0.50812102
0.039387683
0.33349653
-0.075907191
-0.29410885
0.25758934
0.22141759
0.44383744
-0.081315566
0.52515301
0.25083803
-0.27431498
-1.2066344
-0.043594464
-0.6772292
-1.2502289
-0.52940522
-0.72082366
0.48155854
0.26821258
-0.27366864
0.74977112
0.2078899
0.54188122
0.92806722
-0.00064634057
0.92871356
0.48636747
-0.44234609
0.25148437
-0
-0
-0
0.42419948
0.42419948
-0
-0
-0.25917309
-0
-0.25917309
0.25917309
-0
-0
-0.10534616
-0
0.10534616
-0.10534616
0.16502639
0.31885332
0.15382693
0.74082691
0.89465384
-0.10534616
0.19262469
0.072181913
0.12044278
-0.066724545
-0.21108688
-0.073817034
0.15402894
0.13726985
0.016759086
0.64187671
0.1168057
0.13981441
0.52507102
0.50206231
0.023008709
0.27083463
-0.023814692
-0.35970029
0.29464932
0.27708425
-0.040573778
-0.025363489
0.31765803
-0.30244774
0.17784363
0.31619752
0.30965563
0.0065418868
0.085287713
0.078745826
-0.41364536
-0.41364536
-0.41364536
-0
-0
-0
-0.42018725
-0.42018725
-0.42018725
-0
-0
-0
-0.49893307
-0.49893307
-0
-0
-0
-0.41364536
0.0073355961
-0
-0.016987115
0.0073355961
0.024322711
-0.016987115
-0.11583162
-0.054743293
0.018149567
0.062078889
-0
0.021697445
0.042472278
-0.03868456
0.039167185
-0.014361849
-0.054420608
-0.056625687
0.12520895
0.14056246
-0.19718814
0.1383078
-0.026634422
0.15184337
-0.14534121
-0.087070533
-0.044418881
-0.075880953
0.042651652
0.01118958
0.031462072
0.12358556
-0.024829399
-0.13798073
0.098756166
-0.014395162
0.11315133
-0.067481051
0.0009884526
-0.076348669
-0.066492598
-0.0088676184
-0.075360216
-0.14917031
-0.044886597
0.15290359
0.10428371
0.0037332843
0.10801699
-0.033697017
-0
0.53815256
-0
0.53815256
-0.53815256
-0
-0
0.11407089
-0
0.11407089
-0.11407089
-0
0.11237748
-0
0.11237748
0.11237748
-0.42408167
-0.42577508
-0.46184744
-0.0016934157
-0.88592911
-0.88762252
0.11237748
0.072569916
-0.078566965
0.061995492
-0.029059155
-0.080029419
-0.0053448179
-0.023714337
0.074684601
0.0014624544
-0.055163233
0.06734031
-0.12984783
0.0084599645
-0.13519265
-0.17862627
0.091720208
-0.14210677
-0.27034648
-0.12823972
0.20269977
0.051562888
0.11716991
0.19366965
-0.10301103
0.38751639
0.025228686
0.041834342
-0.2451178
0.33587391
-0.37241416
-0.10740941
0.28978587
0.37864636
-0.028533516
0.54654464
-0.70804882
-0
-0.082628286
-0.65395405
-0.65395405
-0.73658234
-0.73658234
-0
-0.1900377
-0.20701159
-0.080802214
0.12620937
0.040030305
0.16623968
0.5833267
-0.22348295
0.5833267
0.35984376
-0
0.35984376
0.34969232
0.074096881
0.39089177
-0.27559544
0.041199445
-0.31679489
0.5432964
-0.22465209
0.31864431
-0
0.31864431
0.26468239
0.07671135
-0.17763921
0.023600673
-0.027625514
-0.067530038
0.053110677
-0.10813952
-0.15079273
-0.055028843
-0.20582157
0.069499695
0.012501195
0.21365422
-0.03142817
-0.079403465
0.15934689
-0.23875036
0.11877312
-0
-0
-0.11407089
-0
-0.53815256
-0
-0
0.11108375
0.11108375
0.11108375
-0.0029871475
-0.42706881
-0.88891625
0.11108375
-0.16404991
-0.17737737
-0.075228495
-0.01332746
0.088821411
0.10214887
0.28971898
0.28971898
-0.14471682
-0
0.14500216
0.14500216
0.27639153
0.27639153
-0.13479833
-0
0.14159319
0.14159319
0.23353823
0.2369472
0.11358928
-0.0034089701
-0.11994895
-0.12335792
-0.14812579
-0
-0.50161352
0.49389552
0.50161352
-0.0077179911
-0
0.18458978
-0.14499593
-0.18458978
-0.14499593
0.039593849
0.30930575
-0.50610448
0.81541022
0.81541022
-0
0.35661759
0.49838648
0.49838648
0.85500407
0.85500407
-0
1
0.069852182
0.015778002
-0.05407418
-0.11478228
-0.060708096
-0.084649615
0.10428235
-0.031664715
0.019632734
-0.11631433
-0.13594706
0.15835653
-0.11729646
0.033592348
0.041060069
-0.12476418
-0.083704113
0.083117561
0.094300443
0.011182882
0.15970302
0.1708859
-0.020481833
0.14190369
-0.043147528
-0.071196435
-0.028048907
-0.068752404
0.038882651
0.034592151
-0.029869753
-0.034160252
-0.0042904993
-0.082030179
0.045128888
0.015537581
-0.036901291
-0.02136371
-0.10578859
0.073177795
-0.032610791
0.054655743
0.022044952
0.00198136
-0
-0.087070533
-0.044418881
-0.01831813
-0.068752404
-0
-0.029869753
-0.014549129
0.024333522
-0.066286111
0.14072548
0.18075578
-0.11565766
0.46766904
0.46766904
-0.086137468
0.45715893
0.45715893
0.25638314
0.26689325
0.012661858
0.010510109
-0.24372128
-0.25423139
0.12616777
0.015584858
-0.10134128
0.11692614
0.041681299
0.07524484
-0.16953397
0.0078433954
0.01637405
-0.18590802
-0.0085306544
0.10908274
0.16730878
0.031399638
0.14048238
0.13590914
0.025307249
0.10664448
0.13195173
0.04388499
-0.088066737
0.14832578
-0
0.56700401
-0
-0.016096964
-0.26986262
-0.025226175
0.58310097
-0
-0
0.58310097
0.58310097
-0
-0
0.5578748
-0
0.5578748
-0
-0
0.49194205
-0
-0
0.13004475
-0
-0
0.12875215
-0
0.12875215
-0.12875215
0.3631899
0.0012925976
0.87124785
0.12875215
0.0056820682
-0.031653185
-0.01846046
-0.035861908
0.032628942
-0.012778392
0.0042087234
-0.012778392
-0.034475837
-0
-0
0.19119956
-0
-0
-0
0.18458978
0.006609782
0.18458978
-0.13768268
0.00029804411
0.017830014
-0.069240519
0.0066404343
-0.1555127
-0.0056561662
0.11816251
-0.16116886
-0.04300635
-0.0053581221
-0.15452843
-0.0016248378
-0.14333885
0.57583121
0.32032751
0.081915014
-0.23676575
0.076798559
0.18121937
0.10442081
0.39712607
0.093442912
0.26313439
0.19786373
-0.016644353
-0.11742706
0.042540135
-0.080076877
0.069953513
0.17461782
-0.032777439
-0.1046643
0.10273095
-0.20739525
-0.13207768
0.098290322
-0.1269238
-0.047299437
0.080471452
-0.061396556
0.047694013
0.024598356
0.07049323
0.071608346
-0.045894874
0.04700999
0.0011151159
0.17163476
-0.02049788
0.031065007
-0.066392754
-0.044653541
0.1272769
-0.015944982
0.12616178
-0.16268129
-0.014829866
-0.024358373
-0.068243363
0.063708364
0.11067952
0.0056840505
0.17892289
0.058024313
-0.065333606
-0.076774018
-0.010982025
-0.020734045
-0.0097520204
-0.0065944234
-0.016346444
0.027301659
0.019825423
0.027301659
0.047127082
-0
0.047127082
0.029577443
0.017549638
-0.0019361316
0.047127082
0.027641312
0.01948577
-0.033896082
-0.014410312
0.01948577
-0
0.01948577
0.0078158888
0.95013766
0.77111701
-0.47080864
-0.17902065
0.29178799
-0.17302956
-0.032792012
0.17611339
0.0030838288
0.2089054
0.43801662
0.33292877
-0.10508785
0.10856637
0.35513404
0.041140781
-0.32160893
-0.31399326
0.033525112
-0.28046815
-0.13787987
0.24489111
0.21497208
0.087195824
0.36285681
0.36285681
0.11171405
0.41729406
0.41729406
0.15769529
0.10325803
-0.054437253
-0.26235959
-0.20792234
0.057276795
0.27583593
-0
-0.03522762
0.27583593
0.24060831
-0.17793296
0.15988201
-0.01388305
0.14599896
0.19510963
-0.022039999
0.17306963
-0.15961346
0.28971898
0.26264831
-0
-0.027070672
0.26264831
-0.049110671
0.029762619
0.1766069
0.047368364
0.14684428
0.017605745
-0.12923854
-0.10608049
-0.12185849
0.061150398
0.02498579
-0.09231067
0.0086065571
-0.043544653
-0.1378451
0.033040802
0.15545084
0.49883128
-0
0.32166158
0.49883128
-0.1771697
0.32166158
-0.22779854
-0.004915085
0.11115482
0.4939162
-0
0.30136357
0.28832452
-0.020298019
-0.16164695
0.17225462
0.091301273
-0.079584625
-0.058260472
-0.14765055
0.063946438
-0.15625711
-0.21351336
0.084274817
0.26088172
-0.22723518
-0.15525288
-0.24787587
-0.071982291
-0.020640699
-0.09262299
0.07566826
0.019300785
-0.054796097
0.33609567
-0.023158025
0.1893977
-0.062747963
-0.16190413
0.38139227
-0.077954121
0.27334771
-0.048951438
0.35130183
-0.32229915
0.3281438
-0.13368412
-0.14634597
0.11003717
-0.057732989
-0.13182987
0.21786245
-0.014516103
-0.10782529
-0.0056204975
0.051041089
0.043900686
-0.0071404026
0.0030823839
-0.0040580187
0.051041089
-0.0039140066
-0.02373943
0.0032263959
0.043900686
-0.026351048
-0.020657046
-0.030409066
-0.016599027
0.25004628
-0.17352507
0.14411163
-0.3176367
-0.18278173
0.092851249
0.0092566561
-0.46577822
0.080766426
0.051260378
-0.23687028
-0.26637632
-0.024351475
-0.046718911
-0.0083137054
-0.022367437
0.016037769
0.038405206
0.092408957
0.19502207
0.022053062
0.17265464
0.19636613
0.069291731
0.038090831
0.10769694
0.0057202214
-0.091659168
0.035742406
-0.15239754
-0.12263492
0.17000328
-0.11665513
0.077096981
0.038181871
0.13182141
0.053348151
-0
0.0073355961
-0.016987115
-0.03496111
-0.034239072
-0.027625514
-0.051226187
-0
-0.058561783
-0.10591725
-0.070806666
0.081558877
0.046448293
0.035110584
-0.054935507
-0.050870402
-0.12026911
-0.11620401
0.0040651046
0.02662337
0.11805863
-0.062543754
0.144682
0.089167125
0.055514877
-0.0044221086
-0.097654338
0.15316921
0.093232229
0.14874711
0.055514877
-0.14410263
0.14494966
-0.34406091
0.4337958
0.23321732
0.35574423
-0.11084359
0.078051577
-0.094977986
-0.26600934
-0.079276289
0.018033331
-0.054924814
-0.09730962
0.042384806
0.28528452
0.28232335
-0.08624921
0.0029611635
0.19903531
0.19607414
-0.33724817
0.052540707
-0.24483921
-0.38978887
-0.18355883
-0.010155901
-0.10513389
-0.19371473
-0.28869272
-0.14117402
-0.0040548025
-0.20280874
0.29619502
-0.09744109
0.19875393
-0.013813746
0.36757853
-0
0.38139227
0.28238128
-0.039917868
0.19885241
-0.083528866
-0.23877028
0.46501962
9.8479003e-05
0.46501962
0.46492114
-0
0.46492114
-0.097342611
-0.082871142
-0.17973452
0.016339621
-0.04572796
-0.26260566
-0.029388339
0.15034618
-0.1610797
0.29577676
-0.13764675
0.45685646
0.023432952
0.43342351
0.17298989
-0.27084755
0.25430545
0.18600891
-1.0206255
0.22960338
0.27773841
-0.20382014
0.54595099
0.22725309
0.099400339
0.10329943
0.013870479
-0.15404719
-0.024579085
-0.11629929
0.25734662
-0.14790865
-0.22901794
0.10943797
0.028328684
-0.24288841
0.14462798
-0.37364591
-0.32346425
0.24943747
0.086885612
0.57290171
-0.41034986
0.16255185
0.56130706
-0.24310038
0.044871411
0.32980134
-0.86579123
-0.3178949
0.45522127
-0.48044676
-0.057041963
-0.16724948
-0.040238397
-0.073279198
0.058542215
-0.015071794
0.062440158
0.18507508
0.080869736
-0.042687865
0.034409116
-0.088350992
0.13941195
-0.056007779
0.22776294
0.032343214
-0.19541973
0.21269115
-0.16288777
-0.13544024
-0.05295451
-0.027447531
-0.10993326
-0.082485726
0.83711223
0.54289277
0.83711223
0.29421947
-0
0.29421947
-0.5703403
0.37486816
0.48262403
-0.19547213
-0.087716271
-0.10775586
-0.94704549
0.56510975
0.94704549
-0.38193574
-0
0.38193574
0.4551765
-0.30427772
-0.33848093
-0.17786416
-0.034203204
-0.12641357
-0.16061677
0.059558948
-0.4071396
0.28000609
-0.34758065
-0.22044714
-0.12713351
0.3729364
0.66151907
0.66151907
0.28858268
0.28858268
-0
0.40641966
-0.82213584
0.82213584
-0.41571619
0.41571619
-0
0.24580289
-0.50812102
-0.5052768
-0.0028442261
-0.11492316
-0.08893581
-0.024676792
0.12713105
0.24211577
-0.1136126
-0.10095074
0.15328065
-0.088835119
0.17795744
-0.15642585
-0.15759074
-0.039129386
-0.0011648912
-0.040294277
-0.0052229376
-0.0089562219
-0.075435827
-0.080658765
-0.084392049
-0.030173164
-0.077174558
-0.047001393
-0.074270936
0.03688028
0.13961123
-0.037390656
0.065340296
0.038045171
0.062754259
-0.022463864
-0.067465517
-0.0485256
-0.026061736
-0.026061736
-0.009074621
-0.076540138
-0.031538485
-0.083645344
-0.05601983
0.011510207
-0.13789999
-0.25010447
-0.081880155
-0.26161468
0.28091546
-0.070369948
-0.12282058
0.013236735
0.01177428
-0.0076738042
-0.018518217
-0.039555625
-0.026192022
-0.047229429
0.021037408
0.031754952
0.019215312
-0.048274467
0.051329905
-0.02723706
0.099806976
-0.066792685
-0.21147385
-0.13180376
0.079670088
-0.0086651169
0.071004971
0.4563545
0.4563545
0.4563545
-0
-0
-0
0.53602459
0.53602459
0.53602459
-0
-0
-0
0.46501962
0.46501962
-0
-0
-0
0.4563545
0.028903984
0.082978164
0.092163616
-0.012118734
0.063259632
0.042778261
-0.020481371
0.12575642
-0.032600105
0.071682245
0.44825968
-0
-0
0.44825968
0.44825968
-0
-0.18717952
-0.08841592
-0.0065177633
-0.19369728
0.081898157
0.35984376
-0
-0
0.35984376
-0
0.44174191
-0
-0
0.44174191
0.44174191
-0
-0.44825968
-0
-0.066361357
-0
0.39865826
-0
-0
0.46501962
-0
0.36757853
0.21056169
0.17534231
-0.043820124
-0.06269988
0.40035817
0.25438181
-0.23804219
-0.23508103
-0.28377015
0.13140314
0.080362054
-0.084276061
0.13140314
0.13140314
-0.026333114
-0
0.10507003
0.051041089
-0
0.043900686
-0.057942947
0.061169343
0.05402894
-0.025037472
0.31032199
-0.027998636
-0.032557377
-0.14222609
-0.34287936
-0.17022473
-0.14651324
0.31488073
0.046301061
-0.051645879
0.14643381
-0.084438323
0.10013275
0.11323993
0.013107179
0.16488581
0.097545502
0.15954099
-0.22760234
-0.54589979
-0.50898
-0.19068255
0.31829745
0.12920889
0.29176074
-0.63818889
-0.22760234
0.32029399
-0.4824433
0.0019965397
0.42540133
-0.31989144
-0.14343832
0.024043785
0.04449334
0.25477966
-0
-0.124474
0.12346607
-0.013609954
0.11086404
0.27882345
0.16795941
0.27882345
0.11086404
-0
0.11086404
0.15434945
0.092814426
0.26584399
-0.089730597
0.17217439
0.77796327
-0.006846262
0.43801837
0.011627082
-0.0044429567
-0.42639129
0.43357542
0.0071841255
-0.08528764
0.44042168
0.11881275
0.26140103
-0
0.27583593
-0
-0.00055559098
-0
0.27639153
-0
-0
0.27583593
-0.21643107
0.021857256
-0.1069717
-0.0089082707
-0.23828832
0.25758911
-0.18349223
-0.1924005
-0.16163497
-0.077420944
-0.053992652
-0.018130743
-0.013283344
-0.044886953
-0.040709307
0.02675621
-0.022578564
-0
0.36285681
-0
0.039014242
-0.22334535
-0.015423012
0.40187105
-0
-0
0.40187105
0.40187105
-0
-0
0.41729406
-0
0.36285681
-0.05757192
-0.026727637
-0.13788271
0.030844282
-0.080310789
-0.11115507
0.11387558
0.036778603
0.16052038
-0.046644797
-0.12374178
0.067622885
-0.055012035
0.15435411
-0.086731224
-0.20936614
0.080209592
0.043199037
0.1812256
0.037010555
0.10101601
0.13802656
-0.043532187
0.1989297
0.056279099
0.093859674
0.083785443
0.22643605
0.22643605
0.070075775
0.1751458
0.1751458
0.027506344
-0.023783899
-0.10717838
-0.051290242
-0.07967204
-0.13096228
0.12136602
0.17266171
0.29114085
-0.03073038
0.018764107
0.29255253
0.14193133
0.2590472
0.14193133
-0.11711587
0.2590472
-0.032093655
0.17543666
-0.7409528
0.086385492
-0.026756561
0.30558001
-0
-0
-0
0.27882345
-0
-0
-0.30558001
0.17750924
-0
0.17750924
-0.032507078
0.14500216
-0.12859884
-0.0018155611
0.11254172
-0.1304144
-0.016057119
0.11435729
0.17569368
-0
0.13905323
0.17569368
-0.036640454
0.13905323
0.1450488
-0.0059489366
0.15099774
0.025099854
-0.12589789
-0.038456015
0.074110546
0.17761371
-0.20103265
-0.071823758
0.33498823
-0.40159411
-0.17399177
0.41335532
-0.22483357
-0.53602088
-0.48517908
-0.20777211
0.050841797
0.32824876
0.46419712
0.30884078
0.19517994
0.13728147
0.11366084
0.17155931
0.057898468
0.043889664
-0.10922327
-0.057326635
-0.013436971
-0.051896635
0.0044375688
-0.028795942
0.054767819
-0.05033025
0.11423267
0.11266629
-0.21224667
0.0015663849
-0.098014003
0.056334204
0.074593769
0.026347037
0.030709619
-0.040865519
-0.064268368
0.10530339
0.067212556
0.072932778
0.083250325
-0.033770778
-0.16296334
0.12919257
-0.067179967
0.062012599
-0.019151314
0.091602465
-0.13180447
-0.15095579
-0.040202009
-0.037590101
0.070989217
-0.10373644
-0.14132655
-0.032747228
0.064624507
0.16574904
0.10112454
0.062506538
-0.038617998
-0.0026119085
-0.04253876
0.023387446
-0.10841703
0.051464864
0.017694086
-0.11864483
0.07485231
-0.072397729
-0.044245999
0.0024545814
-0.11909831
0.064171029
0.00045347831
-0.04379252
0.022886368
-0.068401743
-0.035520833
-0.10042623
-0.015888099
0.058407201
-0.16882797
-0.0790479
-0.089243349
-0.19844156
-0.13153967
-0.048099758
-0.10715313
-0.14072275
-0.1503418
-0.2386928
0.18268502
-0.1654136
0.044290539
0.1285666
0.06752656
0.12801872
-0.023236021
-0.00054787814
0.043742661
-0
0.54188122
0.74977112
-0.17729022
0.75142334
-0.33668368
0.38413999
-0.9135452
-0.71917144
1.0864548
-0
0.36728336
1.0864548
-0.54457358
0.33513326
-0.3185276
-0.25861205
0.043391136
0.22902552
-0.15823718
-0.27513646
-0.38069124
-0.036598404
-0.6558277
0.23853806
-0.41728964
0.22201365
-0.39677524
0.31825273
-0.016524412
0.25003777
0.11828605
0.25003777
-0.076366722
0.085275824
0.19465277
-0.2274
-0.010783911
0.18386886
-0.21661608
-0.26082168
0.098593033
0.26082168
0.10750214
-0.017850513
0.0030888069
-0.13590914
0.14159319
-0
0.11805863
0.144682
-0
-0.023534564
-0.062810348
-0.01105355
-0.22314924
-0.20984675
-0.018197479
0.14286433
-0.19164927
-0.35271108
0.16106181
-0.029251029
0.037135271
-0.24422367
-0.080284909
-0.083161864
0.64728892
-0.22602619
-0
-0.0485256
-0.095155551
0.013210577
-0.061736177
-0
-0.12882895
0.0336734
0.080303352
-0.098174207
-0.076416944
0.050224922
0.029187514
0.1523676
-0.044350607
-0.14448336
-0.094575529
-0.17367087
0.0019504547
-0.27480756
0.4713128
0.28868269
0.055565373
0.15187763
0.013875128
-0.0076373163
-0.091471032
0.021512444
-0.11298348
0.46367548
-0.13036518
0.17556709
0.26717025
-0.11341878
0.28640867
-0.55725622
0.23610936
0.3626374
0.48220956
0.59874676
0.71831893
-0.11957217
0.076228726
-0.084850975
-0.38062774
-0.07504666
0.26105557
-1.2816811
0.19580089
0.18779241
0.18356984
0.043294768
0.39050104
0.23108718
0.20693119
0.25022596
-0
0.64187671
-0.50206231
-0.042343052
-0.25342993
-0.1796129
0.59953366
-0
0.37376715
0.59953366
0.22576651
0.37376715
-0.12829516
0.40537942
-0.4307429
-0.26810957
0.29412189
0.30119633
0.19285387
-0.0070744374
-0.10126802
-0.10834246
-0.6988726
-0.47054274
-0.27848392
-0.22832987
-0.42038869
-0.19205882
-0.4634683
-0.69179817
-0.69179817
-0.22832987
0.22832987
-0.37975194
-0.80014063
-0.80014063
-0.42038869
-0.42038869
0.27140948
-0.084774653
0.044683936
0.080426342
-0.079876529
-0.12945859
-0.16030287
-0.11561894
0.08171386
-0.040514415
0.31864431
-0
-0
0.35984376
-0
-0
0.40035817
0.40035817
-0
-0
-0
-0.31864431
0.1255378
-0.10677369
0.18577884
-0.0291572
0.17108853
0.087958672
-0.20240869
-0.37784534
-0.36310746
0.077616492
-0.38818752
-0.057743094
0.46580401
-0.13535959
0.33044443
0.26339533
0.16319662
-0.20573538
-0.18234793
-0.14003253
0.0077627254
0.023094002
-0.1322698
-0.11693852
0.015331276
0.2134981
0.14110037
-0.13864579
0.20544193
-0.15397707
0.17167115
0.19011065
0.19184911
0.3384499
-0.093558784
-0.15710458
0.093557582
0.076445814
-0.25066216
0.1700034
0.24489231
0.52055329
-0.15769649
0.1700046
0.32769989
0.25125407
-0.23117965
-0.23417611
0.12153143
0.0029964538
-0.11853498
0.11123411
-0.3077171
0.21717601
-0.19648299
-0.1059419
-0.090541091
-0.18618567
0.64728892
0.46110325
0.46110325
-0
-0.21417956
-0.76582389
0.76582389
0.55164434
0.55164434
-0
0.09564458
-0.23161894
-0.065280068
-0.16633887
0.081564216
-0
0.14692211
-0.11086404
0.036058068
0.14692211
0.020539101
0.088065661
0.13140314
-0
0.17569368
0.052007594
0.028771573
-0.15918598
-0.015518966
-0.079033927
-0.07442071
0.0046132167
-0.079778833
0.4509222
0.10072214
-0.4509222
0.060202124
-0.045739776
-0.15074321
0.27814292
0.18296032
0.27814292
0.16092426
-0.17277928
-0.2266165
0.33370354
-0.065692241
-0.39939578
-0.27350141
0.0076266813
0.17357659
0.27618551
-0.12247455
0.051102041
-0.10600254
0.14465962
-0.13152588
-0.028916971
-0.32748041
-0.092908278
0.099150542
-0.42038869
-0
-0
0.32748041
-0.32748041
-0.32748041
-0
-0
-0
-0.22832987
-0
-0
-0.42038869
-0.058203591
0.073788449
0.03210715
-0.045594568
-0.061968618
0.047373683
0.072680932
0.11938302
0.015266533
0.21044647
0.13464955
0.089054982
0.26654416
-0.21557092
-0.033015375
-0.18417494
0.031395975
-0.61028862
-0.61028862
-0.57727325
0.015770933
0.13149893
-0.18923192
-0.40709437
-0.2501795
0.11649538
-0.36021667
-0.060947581
-0.23306187
0.11731605
-0.17211429
0.17826363
-0.35037793
-0.28977832
-0.18195303
0.64962207
-0.071915865
0.11145681
0.33480216
-0.028154424
0.36295658
-0.11629039
0.13713954
-0.12686482
0.26400436
-0.19766261
-0.2170069
-0.019344286
0.61887795
-0.098710393
0.14594968
0.24466007
-0.30354042
0.11779526
-0.22170559
-0.21910788
-0.15141701
0.0025977049
0.070288582
0.067690877
0.45733232
0.29003305
0.20255266
0.29263076
0.19024823
0.23216192
0.27284124
0.2998528
0.10535913
-0.22956422
-0.018540594
-0.068920551
-0.050379957
0.12047715
0.092022792
-0.08931135
-0.18133414
-0.19802533
-0.016691188
-0.13676175
0.0039031785
0.0080167913
-0.13285857
-0.12874496
0.0041136128
-0.18523732
0.0028661931
-0.0074323199
0.18810351
-0.19266964
-0.0045661268
-0.20604212
0.0092588681
-0.19678325
0.2136688
0.016885549
-0.20192851
-0
-0.00032016324
-0
0.14500216
-0
-0
0.144682
-0
0.14159319
0.28738635
0.17355037
-0.15547799
0.313787
-0.44286434
0.14023663
-0.29571462
0.12438998
-0.13160784
-0.057131064
-0.085271729
0.016817762
0.029675599
-0.068453967
-0.05559613
0.012857837
-0.1484256
0.11894907
-0.091085185
-0.086806663
-0.10394302
0.033219865
-0.074267423
0.16552734
0.18358392
0.018056582
-0.15286548
-0.17092206
-0.12308234
-0.12308234
-0.025018916
-0
-0.098063425
-0.10502576
-0.10502576
0.010089549
-0
-0.11511531
-0.11511531
-0.17788439
-0.16083251
-0.017051883
0.0945464
0.0079670329
-0.2712395
0.079138427
-0.205382
-0.12624357
-0.64962207
0.64962207
-0
-0
-0.7287605
0.7287605
0.7287605
-0
-0
-0
-0.85500407
-0.85500407
-0
-0
0.7287605
0.78601654
-0.18726978
-0.067697611
-0.51459199
0.42974102
-0.13396426
-1.2816811
-1.0206255
-0
0.32732222
-1.2139835
-1.2139835
-0.88666125
-0.88666125
-0
-0.39501983
-0.18276648
0.24643167
0.18995061
-0.23924754
-0.42919815
-0.26608215
-0.081797264
-0.1472694
0.20061002
-0.34787941
-0.076131543
1.0215881
-0.12364472
0.94545654
-0.19977626
1.1452328
-0.15745028
-0.30555343
-0.54921377
0.14810315
-0.70666405
-0.8547672
-0.50532969
0.38139227
0.062786021
0.44417829
0.12553398
0.15137046
0.28317423
0.36284432
-0.27352712
-0.02700534
0.04808181
-0.24652178
0.07508715
0.31017957
0.84620416
0.84620416
0.31476251
0.77111701
0.38984966
-0
-0.076416944
-0.026192022
-0.013898249
0.16626585
-0.058248856
-0.062518694
-0
-0.025631647
-0.062518694
0.036887047
-0.025631647
-0.00056037456
-0.095135903
0.019775687
0.036326673
0.073770023
0.19371897
-0.04867017
-0.083540633
0.076072824
-0.018794936
-0.064745697
0.09486776
-0.11764615
-0.08513907
-0.067465105
0.18000683
0.051407987
0.16121189
-0
0.0073355961
-0
0.049750578
-0.066081044
-0.0049927149
0.057086174
-0
-0
0.057086174
0.057086174
-0
-0
0.062078889
-0
-0.062078889
0.29838921
-0.091268048
0.20712116
-0.18010317
0.095939688
0.076306954
0.11182779
-0.22467224
-0.0056936466
0.14766609
-0.077006149
0.15335974
0.070613307
0.047726939
0.25949388
0.20108668
0.18044598
-0.053420586
-0
0.11805863
0.055514877
-0.016667761
0.018442822
0.019260982
0.11691532
0.036253894
-0.13472639
0.036253894
-0
-0.098472498
0.036253894
0.081804736
0.43370076
-0
-0
0.43370076
0.43370076
-0
-0.19151563
0.0055374311
0.016406705
-0.1859782
0.021944137
0.43923819
-0
-0
0.43923819
0.43923819
-0
0.41729406
-0
-0
0.41729406
-0
0.43370076
-0.1793485
0.015145164
0.0085831603
0.11951545
-0.16142914
-0.0073230953
0.13466061
0.24291327
0.24291327
0.10825266
0.10825266
-0
0.23433011
-0.11557575
-0
0.12733752
-0.031829717
0.40187105
-0
-0
0.43370076
-0
0.40187105
-0.057177548
-0.096996806
-0.039819259
0.049002152
-0.051805891
-0.061177585
-0.039665141
-0.15207847
0.032676903
0.0041698243
0.036846727
-0.028500682
-0.15886586
-0.043834965
-0.19571259
-0.19154277
0.044827498
-0.026794166
-0.053141203
-0.26162061
0.20387752
-0.061013217
0.1428643
-0.23067169
-0.18980617
-0.11415442
-0.046941864
0.014071353
-0.1651641
0.022767558
-0.0055506457
-0.028318203
0.25709767
0.25709767
0.25709767
-0
0.23433011
0.23433011
-0
-0
0.26264831
0.26264831
-0
-0
0.25709767
0.071827786
0.024598356
-0
0.07049323
0.078167034
-0.047229429
-0.0076738042
-0
0.03227216
-0.088065945
0.31867845
-0.4067444
0.2013624
0.11696085
0.15547974
0.038518896
0.081059031
-0.11259713
-0.010223442
0.0030132925
-0.0076738042
-0
-0.026192022
0.0025496379
0.0025496379
-0.016866071
-0
-0.014316434
-0.014316434
0.019879364
-0.011875588
0.0310909
-0.028741659
-0
-0.20984675
-0.19164927
0.11547926
0.052668912
-0.12653281
0.078159133
-0.10741016
0.1152944
-0.094367494
-0.11349014
-0
0.019122648
-0.094367494
-0.11349014
0.096356612
0.11086404
0.060677992
0.050186049
-0.050186049
-0.051041089
-0.050186049
0.00085503903
0.050186049
0.059822953
0.032882303
-0.063057386
0.048770401
0.21060565
-0.014066589
0.06293956
0.13732529
-0.12216859
0.058277391
0.27366304
0.08855489
-0.11599793
0.18510815
0.1576651
-0.027443043
0.32243344
0.18283546
0.2933723
-0.035984581
-0.076232842
0.14685088
0.21713946
0.034304001
-0.037073198
-0.076416944
-0
-0.047229429
-0.11349014
-0
-0.094367494
-0.047138064
-0.01795055
-0
0.58310097
-0
0.016432688
-0.041658863
0.59953366
-0
-0
0.59953366
-0
-0
0.5578748
-0
0.5578748
0.44376816
0.13206305
0.18826446
0.15779215
-0.0789736
0.080993595
0.28985521
-0.23526975
0.083852746
0.054585455
0.20600246
0.27211721
0.12500887
-0.048210308
0.15062661
0.012570005
-0.19316537
0.14003253
-0
-0.1322698
0.15260253
-0.15260253
0.018522817
-0
-0.13407971
-0.13407971
0.21168819
0.0018099138
0.13929046
0.020332731
-0
-0.55030988
-0
0.019146922
0.30737598
-0.0078164486
-0.5694568
-0
-0
-0.5694568
-0.5694568
-0
-0
-0.57727325
-0
-0.57727325
-0.045658845
-0.027625514
-0
-0.083645344
0.018033331
-0
-0.079276289
-0.0043690553
0.051650775
0.14896824
-0.050375206
-0.00033385762
-0.12422768
-0.085609681
0.12493919
0.058929669
0.14863438
0.17531439
-0.026680012
0.090430791
0.098259176
-0.17559316
0.66151907
-0.16288777
-0
0.05295451
-0.33848093
-0.094801019
-0
0.24367991
-0.24367991
-0.75632009
-0.1907254
0.75632009
0.08079214
-0
0.024598356
0.071608346
0.037268733
0.13436603
0.06833374
0.023130441
0.0071854586
-0.18581173
-0.012670376
0.048477905
-0
0.061148281
-0.012670376
0.048477905
-0.023879549
0.099252381
-0.44713179
0.84620416
-0.076512325
-0
0.92271648
-0.92271648
0.94545654
-0
-1.1452328
0.37061947
0.22251632
-1.0772835
0.022740056
-0
-0.062518694
-0.025631647
-0.013362259
-0.075880953
-0
-0.044418881
-0.018787234
0.018099813
0.01259043
0.0023049557
0.2555037
-0
-0
0.24060831
-0
-0
0.24291327
0.24291327
-0
-0
-0
-0.24060831
-0.047092383
-0.033218407
0.13192653
-0.02859385
0.12981761
-0.049608021
0.084834149
0.16303602
-0.07820187
0.051615742
-0.053780637
0.17321737
-0.22699801
-0.067651117
-0
-0
0.36392225
-0
-0
0.59418463
-0
-0
-0.30062214
-0
-0.30062214
-0.30062214
0.063300111
0.29356249
0.4950233
-0.30062214
-1.0078781
-0
-1.0078781
-1.0078781
-0
0.33862113
-0.11430166
-0.098081671
0.22431947
0.24053946
0.01621999
-1.1221797
-0
-0
-1.1221797
-1.1221797
-0
-1.1059597
-0
-1.1059597
-1.1059597
-0
-1.1221797
-0.013459276
-0.0084270471
0.0050322285
-0.12707188
0.12678198
0.0023920018
-0.059523066
-0.085271729
-0
-0.05559613
-0.086887909
8.124524e-05
0.033301111
-0.082879727
0.027364842
-0.082879727
-0.055514885
-0
-0.055514885
0.029756844
-0.00025944133
0.2825774
-0.033054369
-0.090725938
0.1370726
0.018328209
0.15540081
0.14550479
0.014447118
-0.01472616
0.16984793
0.15151972
0.00042347313
0.096824256
0.097247729
0.042084497
-0.017254998
0.21054355
0.21545863
-0.097522048
0.40130924
0.40130924
-0.041291989
0.45262421
0.45262421
0.30806559
0.25675062
-0.0047442153
0.051314974
-0.31280981
-0.26149483
0.092606963
-0.1069717
-0.083645344
0.023326352
0.011816145
-0.11953571
-0.012045166
-0.10749054
0.36007517
0.25258463
0.53396508
0.53396508
-0.23810791
-0
0.77207299
0.64145563
0.64145563
-0.52455897
-0
1.1660146
1.1660146
0.12196726
-0.27197434
-0.3939416
-0.83398541
0.13061737
0.029718148
-0.021371255
0.0029107944
0.0056820682
-0
-0
-0.012778392
-0
-0
-0.015689186
-0.015689186
-0.015689186
-0
-0
-0
-0.012778392
-0.102397
0.2450476
0.1426506
-0
-0.073825072
-0.11731693
-0.043491858
0.11731693
0.2450476
0.12773067
-0.11731693
-0
0.11731693
0.025333674
0.96732457
-0.32586895
0.19869002
0.23636464
0.83398541
-0.089504306
1.0326754
-1.0326754
-0.28819433
0.41601134
0.013729679
-0.12023458
-0.88666125
-0
-0.90039092
-0.90039092
-0.90039092
-0
-0
-1.0206255
-0
-0
-0.88666125
-0
-0
-0
-0.23417611
0.23417611
-0
-0
0.40306143
-0
0.40306143
-0
-0
0.087983252
-0
-0.087983252
-0.087983252
0.16888532
0.14619285
0.31507817
0.91201675
-0.087983252
0.42927217
-0
-0.033785884
0.42927217
0.46305805
-0.3276428
-0.35135428
-0.06940723
-0.3175684
-0.06467084
-0.4986794
-0.52772889
-0
-0.098456724
0.24362481
0.17433953
-0.77796327
0.77111701
-0
1.0215881
0.94545654
-0
0.16749327
0.1542832
0.051719261
0.067793229
0.087686512
-0.086489972
-0.03596725
0.029274333
-0.24608408
0.21907874
0.060069191
0.22310504
0.061839893
-0.24833968
0.78436426
0.30615327
0.28091863
-0.025234637
-0.22264124
0.034834553
0.03496569
-0.16123265
-0.04394039
0.017207891
0.031270014
-0.078906081
0.17844054
-0.069002568
0.024393349
0.14614973
-0.020517302
0.12563242
0.020940775
-0.052778559
-0.02689348
-0.078183723
0.22643605
-0
-0
0.1751458
-0
-0
0.25332953
0.25332953
0.25332953
-0
-0
-0
0.22643605
0.17956604
0.54585512
0.23947447
0.0062298869
-0.23159022
0.05990843
0.53962523
0.53962523
0.018249566
0.49810589
-0
0.49810589
0.49810589
-0
-0.1553949
0.035859192
0.14334974
0.53396508
-0
0.64145563
-0
-0
0.64145563
-0.022974519
0.47932902
0.20741905
0.18444453
0.014407881
0.46492114
-0.0085666379
-0.123207
0.19101489
-0.045750867
0.0097955144
-0.047675756
0.31422189
0.057471271
0.052727055
0.13354362
-0
-0.084711688
-0
-0.027625514
-0
-0
0.057086174
-0
-0.0073355961
-0.21004355
0.18112956
-0.028913996
-0.20912819
0.22051579
0.12092274
-0.099593043
-0.068883425
-0
-0.0056287733
-0
0.13905323
-0
-0
0.144682
-0
0.13905323
0.074845932
0.19177207
0.15444761
0.162291
0.079601677
0.042594652
0.12219633
-0.16682233
0.14917742
0.040094676
0.3164862
-0.032251281
0.047276663
-0.078941377
0.00085507698
-0.11563735
0.046421586
-0.076389494
-0.029967908
-0.081100752
0.0025518831
0.085669444
0.1622549
-0.029112831
0.27704336
-0.014097493
0.16297247
0.17706996
-0.72295664
0.72295664
0.72295664
-0
-0
-0
0.70885915
0.70885915
-0
-0
-0
0.88592911
0.88592911
-0
-0
-0
0.72295664
0.072711405
-0.34791394
0.33650009
-0.42062534
-0.084125257
-0.17037363
-0.041621482
-0.042960469
-0.2133341
-0.084581952
0.37812157
-0.49312628
-0.87124785
-0
0.37766487
0.40900103
0.40900103
0.7866659
0.7866659
-0
-0.46224683
0.12626103
-0.044827498
-0
0.018033331
0.12389799
-0.17108853
0.14193133
-0
0.097103828
0.12693979
0.1628466
0.035906805
0.13398882
-0.051081857
-0.026061736
-0.041480186
-0.00077087877
0.063525138
-0.0096016711
-0.025290857
-0.025290857
0.012512466
0.064455926
-0.083574688
-0.0073217249
0.1183107
0.063466618
0.071777651
0.20188539
0.085887454
0.138828
0.23887889
-0.23913833
0.20608396
0.2300164
0.17843921
-0.0091219325
-0.027644749
-0.12495778
0.21149358
-0.017272039
0.35514212
0.0019748741
-0.10805427
-0.019246913
0.46319638
0.37438903
-0.07983142
0.11172233
0.243905
-0.26894247
0.033861444
-0.13218267
0.36649673
0.36649673
0.40035817
0.06277544
0.19026778
0.18486071
-0
-0
0.18486071
0.18486071
-0
-0.12124738
-0.009714905
-0.068468818
0.1751458
-0
-0
0.25332953
-0
-0
0.18486071
-0.019998502
0.0056820682
-0
0.047168236
-0.014316434
-0
0.0025496379
-0.044618598
-0.0031324304
0.96298223
0.22215532
0.068328388
-0.037017771
0.037017771
0.037017771
-0
-0
0.25917309
-0
0.10534616
-0
-0
0.037017771
-0.64299082
-0
-0
-0.64299082
-0.64299082
-0
0.26428324
0.048438992
-0.063673228
0.31272224
0.11211222
-0.59455183
-0
-0
-0.59455183
-0.59455183
-0
-0.70666405
-0
-0
-0.70666405
-0
0.64299082
-0
0.13590914
-0
0.0011827516
-0
0.13472639
-0
-0
0.11805863
0.099125208
0.46766904
-0.30297182
0.05724485
-0.18647643
-0.20384661
0.52491389
0.52491389
-0.12470818
0.085086979
0.039231919
-0.38069124
-0.41728964
-0
0.46577822
-0.45652156
-0
0.048488575
-0.081571007
0.14407755
-0.042953009
0.00050689624
-0.0068151412
-0.14357065
-0.04976815
0.031590039
0.094309395
-0.051041089
-0.0054453532
-0.056486442
-0.029184783
-0.10802089
-0.10695918
-0.076019183
0.0010617114
0.032001708
0.030939997
0.12076365
-0.210075
-0.12238849
-0.21113671
0.21400291
-0.15941745
-0.1543902
-0.19035745
0.11138385
-0.1234502
-0.022495219
0.050620555
0.073115773
0.24633315
0.07347094
-0.085186178
-0.085445619
0.19739122
0.047982743
0.15865712
0.14940847
-0.16340133
0.051886427
0.069699618
-0.020988711
0.048710906
-0.040979907
-0.083075905
0.051805891
-0
-0.091471032
-0.031270014
-0
-0.012670376
-0.078800656
0.039135515
0.074032872
0.043797807
0.1410629
-0.043797807
0.0091670268
0.13189587
0.043797807
0.003329275
-0.047127082
0.13773363
-0.21922464
0.2014007
0.0067455632
-0.16362807
0.049706032
0.032740887
-0.34492399
0.22597021
-0.16865981
-0.39463002
0.20093274
0.17626418
-0
-0
0.88407227
-0
-0
0.77267446
-0
-0
0.27896474
-0
0.27896474
-0.27896474
0.60510753
0.49370972
1.7210353
0.27896474
-0
-0
-0
0.94545654
-0.1209185
0.10078709
-0.098189381
0.19281977
0.26451255
-0.097213284
0.29360685
0.074428277
0.16573443
-0.21917858
0.12787242
0.06754505
0.22508571
0.19541747
0.44329468
-0
0.083385517
0.44329468
-0.35990916
-0.26809564
0.1051323
0.013864251
0.18851782
-0.1098714
0.45715893
0.25003777
-0
-0.19325691
-0.094047667
-0.22538305
0.59439343
-0
-0
0.46305805
-0
-0
0.6884411
-0.6884411
-0
-0
-0
0.59439343
-0
-0.6988726
0.22832987
0.071312807
0.3654347
0.064238369
0.091736258
-0.55520456
-0.13659361
-0.6275598
0.13659361
-0
-0.49096619
-0.6275598
-0.13659361
-0.39922993
-0.07517979
0.054887521
-0.14313781
-0.19164927
-0.039530377
-0
-0.23117965
-0.13676175
-0
-0.12874496
-0.10360743
0.10243469
0.094417898
0.45352871
-0.13826538
0.2084811
0.30224616
0.28891748
0.44051155
0.080436374
-0.19997208
-0.05782901
-0.90039092
-0
-0.15435716
0.26165418
0.034122583
-0
-1.0206255
-0
-1.0547481
-0
-1.0547481
-1.0547481
-0
-1.0547481
-0.24874184
0.25636852
0.019816989
0.1193578
0.025301823
-0.13701072
0.4088444
0.4088444
0.54585512
-0
0.38902741
0.52055329
-0
0.15682771
0.08161921
0.024374361
0.44329468
0.44329468
-0
-0
-0
0.52491389
-0
-0
0.46766904
-0
-0
0.46766904
0.55516285
-0
0.26094338
0.55516285
0.29421947
-0.12387506
-0.05232018
0.099809603
-0.071554882
-0.22368467
0.15212978
0.31326356
-0.010288963
0.11779143
0.3029746
0.45535325
-0.30450843
-0
0.15084482
0.45535325
-0.16113378
-0
-0.40159411
0.22760234
0.040531645
0.28771712
0.010310151
-0.44212576
-0
0.21125995
-0.44212576
-0.23086581
-0.21125995
-0.016342394
-0.24117596
-0.21125995
-0.19033417
-0
-0
-0
-0.44329468
-0.12105472
-0.018977809
0.0041161928
0.15321304
-0.029134888
0.17219085
0.20081725
-0.2175637
-0.045372851
-0.016746454
0.22167989
0.016237963
-0.050008741
-0.20132574
-0.13835222
-0.13669995
-0.001652273
0.37841091
-0.65689483
-0.51676313
-0.41549511
-0.79359478
0.41384284
0.27714289
-0.00058506006
0.29636182
0.26223924
0.68301268
-0.46450394
-0.2843119
1.1475166
0.18019205
-0.16814212
-0.85248338
0.85248338
-0.022072657
1.0326754
-0.2022647
-0
-0
0.46252183
-0
-0
0.43222317
0.078753588
0.048454932
0.32142929
-0
-0.38376824
-0
-0.38376824
-0
-0.38376824
-0.38376824
-0.29172629
-0.22805306
0.003492193
-0.64648301
-0.64648301
-0.28823409
-0.2358445
0.34651149
-0.05238959
-0.0077914448
-0.6988726
-0.055881783
-0
0.018923216
-0
-0.6275598
-0
-0
-0.64648301
-0
0.64648301
-0
-0.079276289
0.046718911
-0.08435178
-0.16362807
-0
0.17037363
-0.12365472
0.091097343
0.19604559
0.11669022
-0.46641076
0.37376715
0.3127358
-0.092643611
-0.20933383
-0
0.019071936
-0
0.53962523
-0
0.52055329
0.53962523
-0.042426494
0.046116512
0.28868564
-0.13775418
-0.088543006
0.15093146
0.19704797
0.1129546
0.087914188
-0.025040415
0.10415215
-0.1434437
-0.027513954
0.11592974
0.047552918
0.054744779
0.14705545
-0.0092016582
0.11310486
0.28971176
0.02883004
0.15832179
0.23030408
0.13768109
-0.033950593
0.16752345
-0.29299398
-0.20147404
-0.32694457
-0.12547053
-0.062780633
-0
-0.10802089
-0.10695918
-0.028740862
-0.13676175
-0
-0.13285857
-0.025899395
-0.024837684
-0.087408001
0.12318596
0.078692623
-0.079893747
0.21059396
0.15858637
0.13190134
0.15542527
0.0069410288
0.14848424
0.3398698
-0
0.17266171
-0
-0.11557553
0.084845152
0.057086174
-0
-0
0.057086174
-0
-0
0.14193133
-0
0.14193133
-0.7409528
0.14666972
0.88762252
-0.17876338
-0.26363006
0.028360308
0.11221305
0.41540785
0.41540785
0.17249458
0.44376816
0.28470764
-0.15990415
-0
0.067943592
-0
0.0025496379
-0
-0
0.07049323
-0
-0.0076738042
-0
-0.15245947
0.42334104
0.57580052
-0.23512368
-0.037988515
0.082664205
0.010049668
0.46132956
-0.56575085
-0
0.11447096
0.51169318
-0
0.51169318
0.51169318
-0
-0.17190456
0.1713195
0.034257811
-0.13706169
0.68301268
-0
0.68301268
-0
0.54595099
-0
-0
0.54595099
-0
-0.51169318
-0.029319315
0.037531993
-0.036293079
0.073825072
-0.043900686
-0.036293079
0.0076076068
0.029924386
1.1475166
-0.39774549
0.74977112
0.066758447
0.075890702
-0.26236713
-0.12589944
-0.13646769
-0.21271898
0.13827344
-0.03420784
-0.35099241
-0.17248128
-0.1240937
0.054070126
0.64900759
-0.17816382
0.47084376
-0.16010728
0.19053782
-0.3506451
-0.20728427
-0.31643726
-0.23751898
-0.029596642
0.13285468
0.38769742
0.38769742
0.10887397
0.41729406
0.24172864
0.082117406
0.032139937
-0.10802089
-0
-0.076019183
-0.075880953
-0
-0.069240519
0.0067786635
0.038780372
-0
-0.81541022
-0
-0.086649723
0.7287605
-0
-0
-0
0.7287605
-0.24812882
0.051645825
-0.052258846
-0.00061302108
0.46110325
0.46110325
-0
-0
0.40945742
0.40945742
0.40945742
-0
-0
-0
0.4088444
0.4088444
-0
-0
0.4088444
-0.23117965
0.069991426
0.18122554
0.28716744
-0.36037241
-0.16118822
-0.073204973
-0.16118822
-0.1431964
-0.45492324
-0.32432451
-0.15654546
-0.0020823144
0.007039618
-0.1270401
0.32224219
-0.16358507
0.15884086
0.23705601
0.0044729318
-0.17970201
-0.04788941
-0.26346033
0.10024869
0.068852712
-0.54143591
-0.052362342
-0.2799507
-0.33231304
0.36583815
-0.21109799
0.049031951
0.067088533
-0.12308234
-0
-0
-0.17211429
-0.17211429
-0
-0
-0
-0.10502576
-0
-0
-0.12308234
0.32322829
0.27295125
-0.33729488
-0.28701784
0.050277041
-0.15505713
-0.10661814
-0.18223775
-0.41231408
-0.41231408
-0.1803997
-0.46259112
-0.46259112
0.23067674
0.41258009
-0.41258009
0.11249092
0.52507102
-0.61611879
0.10385556
0.55907682
0.51643565
0.56130706
0.4465859
0.036236043
0.14872697
0.22696531
0.46109455
-0.029185239
-0.044019734
-0.13200299
-0.25615055
0.41707481
0.19045831
0.31635268
-0.034559053
-0
-0.047229429
-0
-0
-0.012670376
-0
-0
0.024598356
-0.81567903
-0.81567903
-0.084711899
0.17731547
0.015538398
-0.31803822
-0.33357662
-0.80014063
-0.086520618
-0.23332632
-0.247056
-0.07098222
0.26821258
-0.13160487
-0.39981745
0.14206378
0.77796327
-0.064303169
0.84226644
0.089522174
0.040604682
-0.21271898
-0.35099241
-0.17211429
-0.2712395
0.079752913
-0.058520526
-0.92016434
-0.30776266
0.37161999
0.77207299
-0
0.45397416
1.0798357
1.0798357
0.50439834
-0
-0.57543732
0.87601833
-0.12146316
-0.6258615
-0
0.17932164
-0
1.0215881
-0
-0
-0.84226644
-0
0.77796327
-0.33459222
0.24974125
0.17351252
0.34900551
0.34900551
0.21172404
-0
-0.13728147
0.59874676
-0
0.23610936
0.38523656
0.098827893
-0.11289615
-0
0.0042381059
-0
-0.029869753
-0
-0
-0.025631647
-0
-0.044418881
-0.13213368
-0.081200417
-0.031494384
0.86786632
-0.86786632
-0.41960664
0.7866659
0.38811226
0.33840622
-0
0.039052843
-0
0.018033331
-0
-0
0.057086174
-0
-0.027625514
0.10041841
-0.081403985
0.18182239
0.079588424
0.508945
-0.048909375
0.049172297
0.59291082
-0.55785438
-0.54373852
0.49482914
0.15706712
-0.019539785
0.13264464
0.096229357
0.050826092
-0.11576914
-0.074203395
0.2518171
0.13604796
0.11917246
0.085221869
-0.16659523
-0.020742844
-0
0.44417829
-0
-0
0.46492114
-0
-0
0.38139227
-0
0.87124785
-0
-0.0033815349
0.86786632
-0
-0
-0
0.7866659
-0.81550547
-0.39112894
0.28610026
0.43476338
0.82589232
1.1844945
0.38092721
0.66702747
-0.010201731
0.057939068
0.026669054
-0.0094611635
-0.2368634
-0.14493035
0.24615266
0.009289263
0.10122231
-0.1715994
0.0068411349
-0.25561382
0.094381177
0.069802092
-0.15177148
0.14919663
-0.0083325524
-0.15752918
-0.10875878
-0
0.13213368
-0.16362807
-0
0.14499593
-0.23306187
0.012862245
0.069433805
-0.10092819
-0.067714888
0.13820812
-0
0.15838245
0.07049323
-0
0.071608346
-0.086774101
-0.066599772
-0.033440259
-0.051805891
-0
-0.11298348
-0.042511921
0.018365631
0.070471555
-0
0.018665664
-0.19759635
0.10668138
0.14088458
-0.14500457
0.26213504
0.25168594
0.088284609
-0.26283039
-0.011144449
-0.17454578
-0.12194581
0.25099059
0.53957326
-0.15614902
-0.083002058
-0
-0.45843385
-0.54143591
0.083002058
0.16522814
0.053115916
-0.62366199
-0.083002058
-0.083002058
-0.59455183
-0
-0
-0.51154977
-0.28194938
0.020226915
-0.14266085
-0.007220616
-0.25707673
-0.3021763
0.24985612
0.17830124
-0.30939691
0.033222733
0.0088560516
-0.05917442
0.23068079
-0.0045889654
0.092397153
0.22182474
-0.039670098
0.098617734
-0.089678371
0.075245186
0.40900103
0.44174191
-0
-0.4986794
0.36649673
-0
0.042504299
-0
-1.227927
-0.83398541
0.556318
0.215755
-0.215755
0.5841429
-0.58187169
0.58187169
1.784245
1.4181283
-0
-0.36611669
-1.784245
-1.4181283
0.95025959
0.049652749
0.34900551
0.2289317
0.16257034
0.27858445
-0.057780055
0.22080439
-0.27681217
0.40678557
0.058234051
0.40678557
-0.0081273064
-0.018611558
0.1989297
0.0066240084
0.25167161
0.25167161
-0.025235566
-0.05274191
-0.054436473
-0.10902101
-0.036813837
0.26082168
-0
0.21044647
-0.044440083
0.29763551
0.25488655
-0
-0.087189043
-0.015589588
0.53957326
0.1192861
0.2190957
0.38984863
-0.065504615
0.38984863
0.13487568
0.14972463
0.28460031
-0.32427041
0.16531422
0.10076588
-0.048757161
0.14952305
0.15312823
0.19224231
0.02057116
-0.17454823
-0.096367364
-0.096367364
0.0056909921
-0
-0.10205836
-0.10205836
-0.11693852
-0
-0.1322698
-0.16885723
0.030211445
0.17131182
0.035902437
0.095255421
0.043797807
-0.0026837126
-0.1285816
-0.0083124859
0.092571708
0.0066256917
0.13636952
0.0991974
0.037172115
0.037172115
0.10750989
0.037172115
0.10188111
0.30715519
-0.044522177
0.35167737
0.18763975
-0.077227704
0.032723373
-0.10995108
0.29774349
-0
-0.11511531
-0
-0.032235581
0.015183698
-0
-0.098063425
-0
-0.082879727
-0
-0
-0.082879727
-0
-0.082879727
0.20238904
0.27814292
0.21794519
-0.11575835
0.015556149
-0.39390127
-0.1313145
-0.033368326
0.054347945
0.29421947
-0
-0
-0.32758779
0.32758779
-0
-0
-0
0.38193574
-0
-0
0.38193574
-0.7591144
-0.036157764
-0.7591144
0.27704336
0.2408856
0.2408856
0.12980185
0.88891625
-0.16595962
-0.13213368
0.50161352
-0.0096714646
-0.50805795
0.36947983
0.49838648
1
0.61663886
0.33040663
-0.23470312
-0.05295451
-0
-0.13544024
0.38336114
-0.38336114
0.015154903
-0
0.36820624
-0.24985802
0.232766
-0.61806426
-0
-0.0485256
-0
-0.011393426
0.051683821
0.011070438
-0
-0.026061736
-0
-0.037132174
-0
-0
-0.037132174
-0.037132174
-0
-0.026061736
-0.039634383
-0.055172782
0.31674595
0.38649527
-0.35638034
-0.44166805
0.40203366
-0.19171073
-0.052106816
0.31437024
-0
0.2450476
0.12812761
-0.08079894
0.32584654
-0.50608097
-0.18023443
0.32584654
-0
0.32584654
-0.011476302
-0
0.023324994
-0
0.047168236
-0
-0
0.07049323
-0
-0.047168236
0.11384215
-0.23476065
-0.11840828
0.11635238
-0.20711994
0.022266153
0.022407565
-0.18471237
0.044673718
-0.2124945
-0.021902449
-0.23439695
0.052525828
-0.14081584
0.13825483
-0.27907067
0.15770139
-0.12136928
-0.25716822
0.013760795
0.022838442
-0.88762252
0.46184744
-0
-0.90138332
0.48468588
-0
1
-0.095225052
-0
-0.095225052
0.0068333039
-0.10205836
0.092177981
0.0066062582
-0.14772436
0.098784239
-0.15433062
-0.088618794
-0
-0.11543366
-0.088618794
0.026814869
-0.11543366
-0.14089106
-0.013375307
-0.12751575
0.15793651
-0.020208611
0.11658693
-0.26451255
0.15511748
-0.14718955
0.27170441
-0.020410703
0.29211511
-0.23958928
0.24410185
0.14492556
0.24410185
-0.13699763
0.31174274
-0.0047434619
0.3164862
-0.040650267
-0
-0
-0
0.14193133
-0
-0.076416944
-0
0.016720564
0.13564704
-0.020352634
-0
-0.11349014
-0
-0.093137508
-0
-0
-0.093137508
-0.093137508
-0
-0.11349014
-0
0.0013727527
-0
-0.014316434
-0
-0
-0.015689186
-0
-0.0056820682
0.12292982
0.19751951
-0.2371896
-0.14479245
-0.08836145
0.01859773
-0.012342267
-0.21859187
-0.15713472
-0.17801518
-0
-0.0063003922
-0
-0.050186049
-0
-0
-0.056486442
-0
-0.051041089
-0.18539703
0.049363622
-0.052935944
-0.23833297
0.01163333
-0.037730292
-0.19703036
-0
-0.22832987
-0
-0.22546894
-0.002860923
-0.13373268
0.002860923
-0
-0
-0.002860923
0.002860923
-0
-0
-0.13659361
-0
-0.22832987
-0
-0
-0.21333775
-0
-0
-0.13825089
-0
-0
0.10825266
-0
0.10825266
-0.10508509
-0.029998236
0.10825266
-0
-0.030618813
-0
-0.093137508
-0
-0
-0.062518694
-0
0.062518694
0.13968123
-0
-0.24367991
-0
-0
0.38336114
-0
-0
-0.05295451
0.022727219
-0.42056746
0.2180869
0.47084376
0.24081412
0.050276304
0.027549084
-0.16569555
0.12063089
0.19728559
0.076654704
0.20445194
0.037143155
0.11203426
0.15777404
0.033998032
0.085251325
0.042656673
0.15462892
-0.22653427
-0.088887516
-0.054629706
0.19211236
0.27661424
0.27868557
-0.084501885
-0.086573211
0.0020713254
-0.36550176
0.18044923
0.18044923
-0.33331527
0.1783779
0.1783779
-0.33124395
0.021867482
0.014329003
0.46184744
-0.88891625
-0
0.48371492
-0.90324526
-0
1
-0.48783917
0.24859163
0.2470254
0.46621171
-0.24081377
-0.21762008
0.007777856
0.014180567
-0.029869753
-0
-0.034160252
-0.015689186
-0
-0.025290857
0.0088693948
0.0045788955
-0.091039882
0.13820812
-0
-0
0.047168236
-0
-0
-0
-0.13820812
0.019176022
0.15834852
0.1391725
0.22004223
-0
-0.23306187
-0
-0
-0.16362807
-0
-0.1069717
-0
-0.1069717
0.12609018
0.056656373
0.23306187
-0.29753897
0.023161607
-0.13972616
0.0029346923
-0.1828902
-0.32070058
-0.18582489
0.1461548
-0.30511099
-0.3499574
0.18389189
-0.16606551
-0.10312595
-0
-0.14003253
-0
6.9654848e-05
-0.01250035
-0
-0.15260253
-0
0.14010218
-0
-0
0.14010218
-0
-0.14003253
0.078884637
0.27161092
-0.16351524
-0.43512616
0.27815281
0.11017556
-0
-0.024604003
-0
-0.037132174
-0
-0
-0.061736177
-0
-0.061736177
-0.20431491
-0.26675506
-0.048920005
0.21783506
0.18423477
0.0078775854
0.27080798
-0.25887748
0.20424777
-0.31972799
0.013587286
-0.062507291
-0.30819162
0.019288789
0.32748041
-0.002860923
0.019288789
0.016427866
-0
-0
-0.5052768
-0
-0.0087687179
0.26920228
-0.011612944
-0.49650808
-0
-0
-0.49650808
-0.49650808
-0
-0
-0.50812102
-0
-0.5052768
-0.15979285
-0.80880044
0.64900759
-0.16640264
-0
-0.10802089
-0
-0
-0.093137508
-0
-0
-0.093137508
0.014883383
0.017256554
-0
-0.075880953
-0
-0.075880953
-0
-0
-0
-0.05559613
-0.05559613
-0
-0
-0.037132174
-0
-0.037132174
-0
-0
-0.034160252
-0
-0.034160252
-0.018463956
-0.021435878
-0.002971922
0.034160252
0.017549638
-0.025972731
-0.008423093
-0.017927955
-0.053971242
-0.089830434
-0.24477636
-0.30752904
0.19080512
0.2176986
-0.27166984
-0
-0
-0.093137508
-0
0.043624245
-0
-0.13676175
-0
-0.13676175
-0.0099424607
-0
-0.025631647
-0
-0
-0.015689186
-0
-0
0.029869753
0.032021358
-0
-0.13407971
-0
-0
-0.10205836
-0
-0
-0.1322698
-0.32584654
-0.06103761
-0.38688415
0.067090002
0.0050512365
-0.15913492
0.11167306
-0.074951623
-0.15408368
0.036721441
0.19585636
0.16043052
-0.7409528
-0
-0
0.90138332
-0
-0
-0
-0.88762252
0.091565368
-0.062722171
0.59874676
0.028843197
0.19196119
0.40678557
0.12923902
0.215755
0.92016434
-0.50242035
0.57741531
-0.28666535
1.4975797
-0.86408066
-0.032413612
-0.01200291
0.24410185
-0
-0
-0.27651546
0.27651546
-0
-0
-0
0.26451255
-0
-0
0.26451255
0.099636269
0.18876771
0.28840398
0.20851024
0.04809549
0.15925056
0.18756658
-0.014290513
-0.2018571
0.23566207
0.19246304
0.14496005
-0.0093940598
0.34681714
-0
-0.85248338
-0
0.59800048
0.54951614
0.41780843
1.4504839
-0
-0
-1.4504839
1.4504839
-0
-1.0326754
-0.85248338
-0.028583698
-0.11707313
-0.088489428
-0.068402956
-0.011460604
0.062775578
0.38984863
0.38984863
-0
-0
0.40130924
-0
0.45262421
-0
-0
0.38984863
0.043797807
-0.01948577
0.0096268371
0.0098589329
0.0096268371
0.03417097
-0.0096268371
0.0096268371
0.037500245
-0.11298348
0.34153528
0.2285518
-0.57665896
-0
-0
-0
-0.40678557
-0
0.049635646
-0
0.031270014
-0
-0
0.018365631
-0
-0.051805891
0.26753599
-0.1856175
0.081918489
-0.60111261
0.16038287
-0.093537988
0.024996989
0.64728892
-0
-0.74082691
0.74082691
-0
0.76582389
-0
0.64728892
-0.03558816
0.12888205
-0.16447021
-0.21322737
-0
-0
0.42346309
-0
0.43810422
0.060355626
0.074996755
-0
-0.36310746
-0
-0.36310746
-0.36310746
-0.047757701
0.19839496
0.057939068
-0
0.048477905
-0.10569677
0.031944601
-0
0.13764137
0.13764137
0.16645036
-0.089163465
-0.096648268
-0.079702302
0.38545288
-0
1.4181283
-0
-1.0326754
-0
-0.83398541
0.17676843
-0.065832461
0.044827498
-0
-0.0083137054
-0.11065996
-0
-0.044153452
-0.052467158
0.00067404559
-0
-0
-0
-0.037132174
-0.018382711
-0
-0.055514885
-0
-0.055514885
-0
-0.19164927
-0
0.098511766
-0.093137508
-0
-0
-0
-0.11349014
-0.303669
-0.17748208
-0.29378137
-0.17770205
-0.12618693
0.11607932
-0.061402761
-0.099375865
-0.0027275978
-0.16917796
0.13764137
-0.10569677
0.13943632
0.058958637
-0.13014706
0.13491377
-0.029741635
0.13491377
0.16465541
0.16465541
0.027014037
-0
-0
-0
0.47932902
-0.12249284
0.23610936
-0
0.71831893
-0.4661756
-0.35860221
-1.1844945
-0
-0.94838516
-0.047597748
0.25003777
-0
-0
-0
-0.29763551
-0
-0
0.26082168
-0
0.41258009
-0
-0.28083358
-0.17697802
0.69341367
-0
-0
-0.69341367
-0
0.51643565
0.51643565
1.092384
-0.070795946
0.052848773
-0.38422729
0.044970858
-0.8547672
-0.54921377
-0
-0.31343135
-0.90761597
-0.90761597
-0.59418463
-0
-0.26058257
-0.16375782
-0.1840724
-0.020314579
-0.028647132
0.45535325
-0.011585088
0.44376816
0.053919527
0.13826403
-0.064743818
0.40130924
-0.35332649
-0
0.53957326
0.28858268
-0
0.55071771
-0
-0
-0
0.19164927
-0
0.079982725
-0
-0.083645344
-0
-0
-0.16362807
-0
-0.083645344
-0
-0.019735043
-0
0.24291327
-0
-0
0.26264831
-0
0.24060831
-0
0.011315213
-0
-0.025631647
-0
-0
-0.014316434
-0
-0.026192022
-0
-0
-0
0.062518694
-0.13972616
-0.057870186
-0.19759635
-0.034708579
-0.20344117
0.075629501
-0.064297867
-0.03930159
-0.26773903
0.03632791
-0.23976908
0.10519026
-0.048491193
0.15368145
0.045807481
-0.12105472
0.11465691
-0.0063978036
-0.025375612
0.16729927
0.2021645
-0.03486523
-0.10921619
-0
0.40945742
-0
-0.02043001
-0
0.38902741
-0
-0
0.4088444
0.13636952
0.1783779
-0.042008388
0.0064828055
0.11731693
-0.022213242
-0.13953017
-0.32584654
-0.13953017
0.18631637
-0.20852961
0.074485324
0.04155705
0.032928274
0.12976245
-0.27618098
-0.16187932
0.10748715
0.06743165
-0.38366813
-0.22931097
-0.22178881
0.072471844
-0.39080726
-0.4632791
-0.30284859
0.18543404
-0.30553215
-0.22775361
-0.28359364
-0.41318765
-0.02193851
-0.20737255
-0
0.37376715
-0
-0.20847948
-0.080184315
-0.58224662
-0
-0
0.58224662
-0
-0
0.50206231
-0
0.50206231
-0.18381075
-0.36208904
-0.043791592
0.056020428
0.054023889
-0.22760234
-0.54789633
-0
0.41810947
-0.18381075
-0.18381075
0.60192022
-0
-0.36408558
-0.20883039
-0.44212576
0.21051057
-0.43597245
-0.43597245
-0.41934096
-0.0061533109
0.29387043
-0.19158735
-0.12495778
0.11441156
-0.010546221
-0.038190971
-0
-0.096367364
-0
-0.0086583959
0.011912764
-0
-0.11693852
-0
-0.10502576
-0
-0
-0.10502576
-0
-0.096367364
0.031270014
-0.063551032
-0.094821046
-0.036881978
0.05136471
-0.08836145
-0
-0.10695918
-0.13972616
-0
-0.14266085
0.035701673
0.03276698
-0.19940019
-0.064284902
-0.2636851
-0.083320877
0.044241603
-0
-0.047229429
-0
-0
-0.091471032
-0
-0
0.012670376
-0
-0
0.056674276
-0
-0
-0
-0.0083137054
0.04836057
-0.0083137054
0.0095277887
0.012401723
-0.0028739344
0.027644326
0.024770392
0.0095277887
0.0095277887
-0.0095277887
-0
-0
0.012401723
0.012401723
-0.012401723
-0
-0
0.037172115
0.037172115
-0
-0
-0
0.0095277887
0.064459087
-0.18286736
-0.20711994
-0
-0.18471237
-0.18990493
0.049089092
0.20679048
-0.14266085
0.00703757
-0.13562328
-0
-0.13562328
0.071496657
-0
-0
-0
-0.32584654
0.19517994
-0.016503681
0.21168362
-0.0012371487
-0.17931994
0.12495778
-0
-0.1270401
0.30427772
-0
-0.19759635
-0.07055625
0.17723763
-0.49650808
-0
-0.048972447
0.22022984
0.037359503
-0.54548052
-0
-0.54548052
-0.54548052
-0
-0
-0.50812102
-0
-0.50812102
0.060428566
-0
0.17108853
-0
-0.11065996
-0
0.044827498
-0
0.041383742
0.12710905
0.31463286
0.12710905
0.12710905
0.27324912
0.12710905
-0.23938768
-0.3278319
-0.18183818
-0.21456155
-0.4200961
-0.14599372
-0.20553455
-0.10461048
0.12785952
-0
-0
-0.09228669
-0
-0.09228669
-0.09228669
-0
-0
-0.13972616
-0
-0
-0.19759635
0.04743947
-0.10530966
0.19359427
0.13972616
-0.12710905
0.12710905
-0
0.23273471
-0
-0.036293079
-0
-0
0.11731693
-0
0.08102385
-0
0.073825072
0.45157635
-0.31214003
0.076230189
-0.10597182
-0.37534616
-0.16171228
0.21363388
0.15042775
0.3196057
0.28986407
-0.7591144
-0
0.14413085
0.90324526
-0
-0
-0.88891625
-0.0096268371
-0
-0.0033829575
0.0064759754
-0.013009795
-0
-0.013009795
-0
-0
-0.01948577
-0
-0.0096268371
0.19480759
-0
-0.21271898
-0
0.095780451
0.055175769
-0
-0.17211429
-0
-0.11693852
-0
-0
-0.11693852
-0
0.21271898
-0.54854436
0.82226922
0.27372486
0.097895127
-0.11866091
0.15838245
0.29613703
-0.023468675
0.17747612
0.13491377
0.082503149
-0
-0
-0
0.46305805
-0.30966648
0.17372973
-0.48339621
0.17817269
-0.33342784
-0.071960343
-0.14601637
0.4509222
-0
0.59693857
0.18741147
-0.002251174
0.52288254
-0.59918975
-0
0.074056028
0.9135452
-0.52940522
0.50617908
0.13356535
1.4197243
0.66297056
0.25057464
0.041462265
0.2420155
0.10276616
0.0045767806
0.14422843
0.24659228
0.046039046
-0.54856269
-0
-0.077718925
-0
0.47084376
-0
0.47084376
0.0095277887
0.012401723
0.0022909453
-0.0072368434
-0.0094490957
0.0029526275
0.0051648798
-0.17037363
-0
-0.056141247
0.067513474
0.11423238
-0
0.11423238
-0
-0.046718911
-0.046718911
-0
0.18044923
-0
-0.031702123
-0.029630797
0.14874711
-0
-0
0.14874711
-0
-0
0.1783779
-0
0.18044923
-0
-0.08836145
-0.076019183
0.0039252402
-0.14086721
-0.09228669
-0
-0.088618794
-0.0036678959
0.012599611
-0.14453511
0.00025734435
0.17851114
-0.12105472
0.057456418
0.091664258
-0
-0.11543366
-0
0.018646052
-0.13407971
-0
-0
-0
-0.11543366
0.15418399
-0.13544024
0.018743759
0.071679703
0.018692823
-0.46577822
-0
-0.54654464
-0.48447104
-0
-0.58638746
0.039842815
-0.062073603
-0
-0
-0
-0.083645344
-0
-0
-0
0.38984863
0.34638453
-0.069626807
0.16369952
-0.24017486
-0.47108466
-0.11470432
0.40145785
0.27840384
-0.15433871
-0.17519151
0.023146973
-0.09228669
-0.1270401
-0.19833848
0.034753407
0.011606433
0.23467425
-0.038277003
-0.04434656
0.0060695568
-0.50086812
-0.50086812
-0.50086812
-0
-0
-0.46259112
-0.46259112
-0
-0
-0.45652156
-0.45652156
-0
-0
-0
-0.50086812
-0
-0.18471237
0.12041451
0.023524149
-0.16118822
-0
-0.13200299
-0.011588479
0.052709389
0.28229347
0.042764889
0.056928597
0.10851031
0.27603376
-0.016960221
0.065745422
0.21910516
-0.011260727
0.21028834
-0.37282276
0.067900665
-0.44072343
-0.29659257
-0
-0
-0
-0
-0
-0
-0
-0
0.12710905
-0
-0.025564943
-0
-0.13562328
-0
-0
-0.16118822
-0
0.18471237
-0.18838082
-0.022685265
0.21997085
0.18176667
0.18176667
0.12997607
-0.20445194
-0.089994786
0.1072908
-0
-0.45243591
-0
-0.032248661
-0.42018725
-0
-0
-0
-0.42018725
0.0068783204
-0.13562328
-0
-0.14266085
-0.12874496
-0
-0.13285857
0.0098022776
0.0027647076
-0.058163274
0.23395183
0.24410185
0.12675954
-0.30226513
0.10719229
-0.16535557
-0
-0.011841317
-0
-0.025290857
-0
-0
-0.037132174
-0
-0.026061736
-0
-0
-0.21299024
-0
-0
-0.22737012
-0
-0
0.18176667
-0
0.18176667
-0.031223566
-0.045603444
0.18176667
-0
-0
-0
0.25003777
0.1004449
0.31404132
0.086769717
0.2272716
0.037860343
0.0099553644
-0
-0.032443263
-0
-0.16118822
-0
-0
-0.12874496
-0
-0.12874496
0.19081189
0.047829964
0.14298193
0.13305183
-0.040328885
-0
-0.095225052
-0
0.026771085
0.020164827
-0.068453967
-0
-0
-0.068453967
-0
-0
-0.088618794
-0
0.095225052
-0
-0
0.0096268371
-0
-0
0.037172115
-0
0.027545278
0.043797807
-0
-0
-0
-0.08836145
-0.067566595
-0
0.58638746
-0
-0
-0.65395405
-0
-0
-0.54654464
-0
-0
0.2527224
-0
-0
-0
-0.12495778
0.12776462
-0.12495778
-0
-0
-0
-0.12874496
-0
-0
-0
0.24410185
-0
-0
0.48447104
-0
-0
0.37032115
-0
-0
-0.38069124
-0
-0.38069124
0.1037798
-0.010370089
-0.38069124
-0
-0
-0
0.40900103
-0.013009795
0.0095277887
-0.003482006
-9.9048442e-05
-0
-0
-0
-0.11298348
-0
0.086435868
-0
0.048477905
-0
-0
0.13491377
-0
-0.13764137
0.61663886
-0.60598056
0.010658298
0.28905107
-0.11772024
-0.092424823
-0
-0
-0
-0.13544024
0.01237759
0.13636952
-0
-0
0.14874711
-0
-0
-0
0.13636952
0.59648979
-0.008355423
0.035948441
-0.28828151
0.377142
0.37516712
0.36878657
0.41111556
0.39441404
-0.008538301
0.20445194
-0
0.16730878
0.21299024
-0
0.16870141
-0.0013926267
-0.045681456
-0
-0.069240519
-0
-0.00078655189
-0.0075652154
-0
-0.076019183
-0
-0.068453967
-0
-0
-0.068453967
-0
-0.069240519
0.19359205
-0
-0
-0
-0.12105472
-0
-0
-0
0.24291327
0.81550547
0.78601654
0.64361107
-0.57037239
-0.64361107
-0.1718944
-1.3563889
1.3563889
-0.63807
-0
-0
-0
0.37376715
-0
0.079451343
-0
-0.50242035
-0
-0
0.58187169
-0
0.215755
-0.071418777
0.59648979
0.56054135
0.52507102
0.41258009
-0.14796126
-0.1839097
-0
-0
-0
-0.025290857
-0.0028964615
-0
-0.094367494
-0
-0.091471032
-0
-0.094367494
0.11273983
-0.13200299
0.083646971
0.21564996
-0.5490778
0.030817891
0.26821258
-0
-0
-0.23739469
-0
-0
-0
0.26821258
-0.074666339
-0.21125995
-0.13659361
0.2089273
-0
-0
-0
-0.10502576
-0
-0
-0
-0.13285857
-0
-0
-0
0.11731693
-0.040376748
0.15316921
-0
-0.036253894
-0.017812763
-0.19354596
-0.054066657
-0
0.099102557
-0
-0
-0.58027572
-0
-0
0.54951614
-0
0.54951614
-0
-0
-1.1159277
-0.030759577
-0.56641159
0.54951614
-0
-0
-0
0.031270014
-0
-0.91291313
-0
-0
-1.0381296
0.1794709
0.054254475
-0
-1.092384
-1.092384
-0
-1.092384
-0
0.055514877
-0.055514877
-0
0.043113153
0.018342761
-0.012401723
-0
-0
-0.037172115
-0
0.055514877
-0
-0
-0
0.0095277887
0.96732457
-0.75371069
1.7210353
-1.1715191
-0.058742365
-0.24593497
-0.28421198
-0.026618673
-0.30467734
-0.31083065
-0.064895676
0.065815751
-0
0.75632009
-0
-0
0.82213584
-0
-0
-0.75632009
-0.64545385
0.58187169
-1.2273255
-1.1391636
-0
-0
-0
0.1270401
-0
-0
-0
-0.014316434
-0
-0
-0
0.29421947
-0.1815957
-0.054462188
0.28858268
-0
-0
0.41571619
-0
-0
-0.47017838
0.47017838
-0
-0
-0
0.41571619
0.11559976
-0
-0.083002058
-0
-0
-0
-0
-0
-0
-0
-0.083002058
-0
-0.083002058
0.080854639
-0
-0
-0
0.58187169
-0
0.026804799
-0
-0.0094490957
-0
-0.036253894
-0.036253894
0.074060474
-0
-0
-0
0.071608346
0.063305427
-0
0.13491377
-0
-0.15838245
-0.37657607
-0
-0
-0
0.071608346
-0.11200176
-0
-0.11200176
-0.11200176
-0
-0.11200176
-0.024591846
-0.099258185
-0.13659361
-0
-0
-0.21125995
-0
-0.21125995
0.075252916
-0
-0
-0
0.28858268
-0
-0
0.015973787
-0
0.25567449
-0
-0
0.18381075
-0.18381075
-0.16783696
0.071863738
0.25567449
-0
-0
0.13728147
-0
-0
0.35860221
-0
-0.22132074
0.23610936
0.13728147
-0.0015922801
0.13887375
0.056306188
-0.54921377
-0
-0
-0
-0.13200299
0.11200176
-0.071808986
0.18381075
-0.11560058
0.16606113
0.13590914
0.1572784
-0.021369257
0.010030381
-0
-0
-0
-0.46577822
0.10867495
-0
-0
-0
0.41258009
-0
-0
-0
-0.54789633
-0
-0
-0
-0.068453967
-0.33156141
-0.25496992
0.6706861
0.6706861
0.076591494
-0.3293139
0.018792493
-0.65189361
0.20050773
0.58285665
0.03695686
-0.54589979
-0.2902253
-0
-0
-0
0.20445194
0.015973787
-0
-0.002860923
-0
-0
-0.002860923
0.013112864
-0.0024116868
-0
0.00044923628
-0
-0.002860923
-0
-0
-0
-0.002860923
-0.023852171
0.71736917
0.068647371
-0.71736917
-1.2826308
-1.2826308
-0.46696211
0.81566873
-1.2139835
-0.64361107
-1.1843313
0.17205766
0.63901976
-0
-0.64361107
-0
0.41678618
0.24489178
1.0603973
-0
-0
1.0603973
-0
-0
-0.81550547
-0
-0.81550547
-0
-0
-0
0.13728147
-0
0.58697507
-0
-0
-0.52940522
0.057569852
-0.52940522
-0.22853041
-0.51743524
-1.1843313
-0.83713308
-0.41164508
-1.2273138
-0.31969783
-0.77268619
0.77268619
-0.26544336
0.088750922
0.002550667
0.03790396
0.088750922
0.088750922
-0.088750922
-0
-0
-0.086200255
-0
-0.050846961
-0
-0
0.088750922
-0.8998334
0.062700322
0.37254661
-0.52728679
-0.32748041
0.39018073
-0.46458647
-0
0.55707507
-0
0.0085307135
-0
-0.54854436
-0.54854436
0.055317028
-0.71736917
-0
-0.77268619
-0
-0
-0.71736917
-0
-0
-0
0.13590914
-0.096027974
0.11200176
0.015973787
-0
-0
-0.02267514
-0
0.13825089
-0
-0
0.11557575
-0
0.11557575
-0.071097406
-0
-0.015413826
-0
-0.49838648
-0
-0
-0.51380031
-0
-0.50610448
0.017549638
-0.022853939
-0.0053043009
0.0033681693
-0
-0
-0
0.11200176
-0
-0.41728964
-0
0.045301476
-0.46259112
-0
-0
-0
-0.41728964
-0
-0
-0
0.56155631
-0
-0
-0
0.017549638
0.050186049
-0
-0.00066091187
-0.050846961
-0
-0
0.050186049
-0
-0
-0
-0.32748041
0.0049755654
-0.41231408
-0
-0
-0.41728964
-0
-0
-0
-0.41231408
-0
-0
-0
-0.64361107
-0
-0
-0
0.49838648
-0
-0
0.46184744
-0
0.039697266
-0
0.50154471
-0
0.48468588
-0
-0
-0
0.46184744
-0
0.4095287
-0
-0
-0.23417611
0.17535259
-0.4095287
-0
-0.5799832
-0
0.090702898
-0.6706861
-0
-0
-0
0.5799832
-0
-0.5452624
-0
0.07137646
-0
-0.61663886
-0
-0
0.5452624
-0
-0
-0
0.47722283
0.15035561
-0
-0
-0
-0.13213368
0.41540785
-0.039945396
0.45535325
0.45993003
-0
-0
-0
0.44376816
0.17596039
-0.092252185
0.17596039
-0.048015486
-0.073987363
-0.017585568
0.018264822
-0.19354596
-0.061434294
-0.17596039
-0
-0.02279118
-0
-0.15316921
-0
0.17596039
-0.016698437
-0.071064914
-0.019168279
0.023657113
-0.087763351
0.0044888338
-0.075553748
-0.027213289
-0.34313595
0.28578623
-0.057349722
0.010978666
0.22166131
-0.062551038
0.70442775
0.70442775
0.61887795
0.15911027
-0.085549804
-0.21799061
-0.022998766
-0.17935673
0.2219093
0.40126604
0.091477897
0.060399877
-0.27072699
0.33112686
0.18517718
0.66430337
-0
0.058653273
0.72295664
-0
-0
0.70885915
0.11882284
0.20554933
-0.27100389
-0.065454564
0.29443684
0.10108586
0.20410967
-0.10302381
-0.2046933
-0.15528265
0.17030697
0.049326341
-0.12098063
-0.17282898
0.027442641
0.22415349
0.080075941
-0.16272258
0.094291469
0.061430904
0.17436741
0.31844496
0.33257051
-0
-0.50126584
-0
-0.0047577655
-0.49650808
-0
-0
-0
-0.5052768
-0.11058282
0.062078889
-0
0.17266171
-0
-0
0.062078889
-0.076129229
0.12327555
-0.095411666
-0.0043264804
-0.064127487
0.029967235
-0.064127487
-0.1253789
-0.068453967
0.0085313568
0.0046249167
-0.16062573
-0.15600081
-0.090786749
-0.064127487
-0
-0.0051130323
-0.069240519
-0
-0
0.064127487
-0.022943047
-0.5437078
-0
-0.5437078
-0.5437078
-0
0.22200256
-0.047199721
0.042441955
-0.49650808
-0
-0.50126584
-0
-0
-0.50126584
0.13028236
-0.16301656
-0.29329891
-0.17338665
-0.25852207
0.11211991
-0.6558277
-0.14640217
0.014143104
-0.6416846
-0.097976802
0.15551104
-0.18016431
-0.013854613
0.1663097
0.016406496
0.12978436
-0.56551615
0.0039406561
-0.5694568
0.20634934
-0
-0
-0
-0.55030988
-0.10793749
0.011570123
-0.10793749
0.10172422
-0.16801033
-0.0071778217
-0.17958046
-0.11511531
-0.018747945
-0.15455106
0.0058791309
-0.16043019
-0.16612118
0.02505776
-0.10793749
-0
-0
-0.082879727
-0
-0
-0
0.10793749
0.81569625
0.25438919
0.011288814
-0.45446088
0.24668876
0.73186784
0.50107795
0.74315666
0.31851252
0.1275163
0.36216754
0.10777835
0.24926085
0.48968384
0.3570392
-0.005128339
0.67125482
0.22390216
0.89515698
0.68254364
0.078344006
0.32166158
-0.0099188452
0.31174274
-0.13989491
-0
-0
-0
0.30136357
-0.051540779
0.38769742
-0
0.43923819
-0
-0
0.38769742
0.1360258
-0
0.28738635
-0
-0.17394321
-0.46132956
-0
-0
-0
0.28738635
-0
-0
-0
0.42334104
-0.24473962
0.27814292
-0
-0
-0.52288254
-0
-0
-0
0.27814292
-0
-0
-0
0.4509222
-0.29921145
0.016110645
-0.3153221
0.10997953
-0.16738158
-0
-0
-0
0.2527224
-0.051555318
-0
-0.30427772
-0
-0.30427772
-0.17786416
0.3293139
0.15144974
-0.58428381
-0.6654039
-0.6654039
0.070852069
0.21944933
0.023719298
-0.15598271
-0.6416846
-0.22683478
0.12396798
0.25308982
-0.14866099
-0.40175081
-0.084205062
-0.6654039
-0
-0.0095761933
-0.6558277
-0
-0
-0.6654039
0.24351363
0.14822269
-0.040164734
0.10805796
0.21367726
0.078523075
-0.031114537
-0.10963761
0.17933723
-1.4380966
1.4380966
-0.8810215
0.56190343
0.029890664
-0.24753319
-1.4082059
-1.1285547
0.88955221
-0.27735237
0.56190343
-0.8392558
-0.52488556
-0.045467781
-0.77167463
-0.72620685
0.82219465
-0.13151024
0.20534732
-0.74980311
-0.95515043
0.15003029
0.86224215
-0.5694568
-0
-0.040831823
-0.61028862
-0
-0
-0.57727325
0.26883466
-0
0.061061818
-0
1.1475166
-0
1.0864548
0.74977112
-0.53693866
0.0062212921
-0.061736177
-0
-0.055514885
-0
-0
-0.061736177
-0.02114355
-0.081679987
-0.15232548
0.070645489
0.042061791
-0.073802402
0.22323055
0.23747372
0.014243171
0.21487512
-0.094427487
0.124474
0.035723074
0.074287946
0.124474
0.050186049
-0.088750922
-0.038564872
-0
-0
-0
0.11086404
-0.15320268
-0.45652156
0.26993881
-0.46664353
-0.46664353
-0.42314149
-0.010121971
0.26889884
0.24140529
-0.28015956
-0.065049422
-0.34520899
-0.010220758
0.034224589
-0.46664353
-0
-0.50086812
-0
-0
-0.46664353
0.099274011
0.078548349
0.029048378
0.049499972
0.026824831
0.081099016
-0.42107285
0.42107285
0.09175895
-0.24367991
0.17739294
0.57892715
-0.57892715
-0.6706861
0.24320869
-0
-0.38336114
-0
-0.42107285
-0
0.037711706
-0.24367991
-0.0010560518
-0.57892715
-0
-0.5799832
-0
-0
-0.57892715
-1
0.72439017
-0.27086146
-0.28515197
-0.1980282
0.10571753
0.040437461
0.37657899
0.32558943
-0.12590141
0.20194689
-0.16308311
0.36502999
0.086177744
0.019962415
0.72439017
0.70442775
0.2906894
-0.14312069
-0.12165452
0.012712435
-0.10894208
-0.16726349
0.022665758
-0.085271729
-0.10793749
0.009953323
-0
-0
-0
-0.085271729
