MFEM mesh v1.0

#
# MFEM Geometry Types (see mesh/geom.hpp):
#
# POINT       = 0
# SEGMENT     = 1
# TRIANGLE    = 2
# SQUARE      = 3
# TETRAHEDRON = 4
# CUBE        = 5
# PRISM       = 6
#

dimension
3

elements
10104
9 4 255 797 891 1408
9 4 797 56 787 790
9 4 891 787 66 882
9 4 1408 790 882 138
9 4 1408 797 891 787
9 4 1408 891 882 787
9 4 1408 882 790 787
9 4 1408 790 797 787
9 4 246 1506 1884 1847
9 4 1506 162 1507 1505
9 4 1884 1507 247 1848
9 4 1847 1505 1848 241
9 4 1847 1506 1884 1507
9 4 1847 1884 1848 1507
9 4 1847 1848 1505 1507
9 4 1847 1505 1506 1507
9 4 257 956 909 420
9 4 956 74 901 416
9 4 909 901 68 414
9 4 420 416 414 11
9 4 420 956 909 901
9 4 420 909 414 901
9 4 420 414 416 901
9 4 420 416 956 901
9 4 154 1460 1456 1013
9 4 1460 261 1457 1019
9 4 1456 1457 153 1012
9 4 1013 1019 1012 81
9 4 1460 1012 1456 1013
9 4 1460 1012 1013 1019
9 4 1460 1012 1019 1457
9 4 1460 1012 1457 1456
9 4 124 1319 353 1291
9 4 1319 251 357 1296
9 4 353 357 5 352
9 4 1291 1296 352 120
9 4 1319 352 353 1291
9 4 1319 352 1291 1296
9 4 1319 352 1296 357
9 4 1319 352 357 353
9 4 154 1223 1008 503
9 4 1223 109 1007 501
9 4 1008 1007 80 499
9 4 503 501 499 18
9 4 503 1223 1008 1007
9 4 503 1008 499 1007
9 4 503 499 501 1007
9 4 503 501 1223 1007
9 4 145 1437 367 1439
9 4 1437 242 370 1860
9 4 367 370 6 372
9 4 1439 1860 372 255
9 4 1439 1437 367 370
9 4 1439 367 372 370
9 4 1439 372 1860 370
9 4 1439 1860 1437 370
9 4 74 955 416 956
9 4 955 251 419 1910
9 4 416 419 11 420
9 4 956 1910 420 257
9 4 956 955 416 419
9 4 956 416 420 419
9 4 956 420 1910 419
9 4 956 1910 955 419
9 4 244 1499 1871 1845
9 4 1499 161 1500 1498
9 4 1871 1500 246 1847
9 4 1845 1498 1847 241
9 4 1871 1499 1498 1845
9 4 1871 1845 1498 1847
9 4 1871 1847 1498 1500
9 4 1871 1500 1498 1499
9 4 162 1507 1505 1508
9 4 1507 247 1848 1891
9 4 1505 1848 241 1853
9 4 1508 1891 1853 262
9 4 1507 1853 1505 1508
9 4 1507 1853 1508 1891
9 4 1507 1853 1891 1848
9 4 1507 1853 1848 1505
9 4 249 1535 1893 1899
9 4 1535 170 1534 1536
9 4 1893 1534 248 1896
9 4 1899 1536 1896 258
9 4 1535 1896 1893 1899
9 4 1535 1896 1899 1536
9 4 1535 1896 1536 1534
9 4 1535 1896 1534 1893
9 4 260 472 983 1447
9 4 472 15 465 469
9 4 983 465 77 977
9 4 1447 469 977 149
9 4 1447 472 983 465
9 4 1447 983 977 465
9 4 1447 977 469 465
9 4 1447 469 472 465
9 4 8 391 389 384
9 4 391 249 1441 826
9 4 389 1441 146 822
9 4 384 826 822 59
9 4 384 391 389 1441
9 4 384 389 822 1441
9 4 384 822 826 1441
9 4 384 826 391 1441
9 4 165 1520 1521 1522
9 4 1520 246 1884 1886
9 4 1521 1884 247 1890
9 4 1522 1886 1890 260
9 4 1520 1890 1521 1522
9 4 1520 1890 1522 1886
9 4 1520 1890 1886 1884
9 4 1520 1890 1884 1521
9 4 167 1528 1527 1529
9 4 1528 249 1877 1899
9 4 1527 1877 245 1880
9 4 1529 1899 1880 258
9 4 1528 1880 1527 1529
9 4 1528 1880 1529 1899
9 4 1528 1880 1899 1877
9 4 1528 1880 1877 1527
9 4 244 1458 1017 1876
9 4 1458 154 1013 1460
9 4 1017 1013 81 1019
9 4 1876 1460 1019 261
9 4 1017 1458 1460 1876
9 4 1017 1876 1460 1019
9 4 1017 1019 1460 1013
9 4 1017 1013 1460 1458
9 4 258 1913 1896 1862
9 4 1913 252 1894 1858
9 4 1896 1894 248 1856
9 4 1862 1858 1856 242
9 4 1913 1856 1896 1862
9 4 1913 1856 1862 1858
9 4 1913 1856 1858 1894
9 4 1913 1856 1894 1896
9 4 246 1871 1847 1887
9 4 1871 244 1845 1876
9 4 1847 1845 241 1852
9 4 1887 1876 1852 261
9 4 1871 1852 1847 1887
9 4 1871 1852 1887 1876
9 4 1871 1852 1876 1845
9 4 1871 1852 1845 1847
9 4 35 654 328 651
9 4 654 107 332 762
9 4 328 332 3 330
9 4 651 762 330 53
9 4 651 654 328 332
9 4 651 328 330 332
9 4 651 330 762 332
9 4 651 762 654 332
9 4 127 1344 1011 1262
9 4 1344 252 1018 1268
9 4 1011 1018 81 1010
9 4 1262 1268 1010 117
9 4 1344 1010 1011 1262
9 4 1344 1010 1262 1268
9 4 1344 1010 1268 1018
9 4 1344 1010 1018 1011
9 4 162 1506 1495 1505
9 4 1506 246 1500 1847
9 4 1495 1500 161 1498
9 4 1505 1847 1498 241
9 4 1506 1498 1495 1505
9 4 1506 1498 1505 1847
9 4 1506 1498 1847 1500
9 4 1506 1498 1500 1495
9 4 250 898 412 1432
9 4 898 67 406 895
9 4 412 406 10 410
9 4 1432 895 410 143
9 4 898 410 412 1432
9 4 898 410 1432 895
9 4 898 410 895 406
9 4 898 410 406 412
9 4 241 1849 1844 1852
9 4 1849 252 1867 1914
9 4 1844 1867 243 1870
9 4 1852 1914 1870 261
9 4 1852 1849 1844 1867
9 4 1852 1844 1870 1867
9 4 1852 1870 1914 1867
9 4 1852 1914 1849 1867
9 4 253 1889 1868 1908
9 4 1889 247 1864 1888
9 4 1868 1864 243 1866
9 4 1908 1888 1866 251
9 4 1868 1889 1888 1908
9 4 1868 1908 1888 1866
9 4 1868 1866 1888 1864
9 4 1868 1864 1888 1889
9 4 254 1414 1430 1287
9 4 1414 139 1409 1282
9 4 1430 1409 142 1284
9 4 1287 1282 1284 119
9 4 1430 1414 1282 1287
9 4 1430 1287 1282 1284
9 4 1430 1284 1282 1409
9 4 1430 1409 1282 1414
9 4 251 1319 435 1296
9 4 1319 124 427 1291
9 4 435 427 12 426
9 4 1296 1291 426 120
9 4 1319 426 435 1296
9 4 1319 426 1296 1291
9 4 1319 426 1291 427
9 4 1319 426 427 435
9 4 165 1520 1504 1521
9 4 1520 246 1506 1884
9 4 1504 1506 162 1507
9 4 1521 1884 1507 247
9 4 1520 1507 1504 1521
9 4 1520 1507 1521 1884
9 4 1520 1507 1884 1506
9 4 1520 1507 1506 1504
9 4 161 1501 1491 1499
9 4 1501 254 1494 1874
9 4 1491 1494 160 1493
9 4 1499 1874 1493 244
9 4 1501 1493 1491 1499
9 4 1501 1493 1499 1874
9 4 1501 1493 1874 1494
9 4 1501 1493 1494 1491
9 4 154 1203 514 1008
9 4 1203 106 512 1006
9 4 514 512 19 509
9 4 1008 1006 509 80
9 4 514 1203 1006 1008
9 4 514 1008 1006 509
9 4 514 509 1006 512
9 4 514 512 1006 1203
9 4 248 1438 1895 1856
9 4 1438 145 1440 1437
9 4 1895 1440 256 1861
9 4 1856 1437 1861 242
9 4 1895 1438 1437 1856
9 4 1895 1856 1437 1861
9 4 1895 1861 1437 1440
9 4 1895 1440 1437 1438
9 4 0 300 307 299
9 4 300 27 583 462
9 4 307 583 115 467
9 4 299 462 467 15
9 4 300 467 307 299
9 4 300 467 299 462
9 4 300 467 462 583
9 4 300 467 583 307
9 4 74 955 942 416
9 4 955 251 949 419
9 4 942 949 73 415
9 4 416 419 415 11
9 4 942 955 419 416
9 4 942 416 419 415
9 4 942 415 419 949
9 4 942 949 419 955
9 4 74 954 955 956
9 4 954 243 1866 1869
9 4 955 1866 251 1910
9 4 956 1869 1910 257
9 4 954 1910 955 956
9 4 954 1910 956 1869
9 4 954 1910 1869 1866
9 4 954 1910 1866 955
9 4 243 1863 1844 1870
9 4 1863 246 1847 1887
9 4 1844 1847 241 1852
9 4 1870 1887 1852 261
9 4 1863 1852 1844 1870
9 4 1863 1852 1870 1887
9 4 1863 1852 1887 1847
9 4 1863 1852 1847 1844
9 4 4 347 344 339
9 4 347 264 1455 772
9 4 344 1455 152 768
9 4 339 772 768 54
9 4 339 347 344 1455
9 4 339 344 768 1455
9 4 339 768 772 1455
9 4 339 772 347 1455
9 4 246 433 1884 1444
9 4 433 12 434 429
9 4 1884 434 247 1445
9 4 1444 429 1445 148
9 4 433 1445 1884 1444
9 4 433 1445 1444 429
9 4 433 1445 429 434
9 4 433 1445 434 1884
9 4 250 888 898 1432
9 4 888 66 881 883
9 4 898 881 67 895
9 4 1432 883 895 143
9 4 888 895 898 1432
9 4 888 895 1432 883
9 4 888 895 883 881
9 4 888 895 881 898
9 4 161 1501 1499 1500
9 4 1501 254 1874 1885
9 4 1499 1874 244 1871
9 4 1500 1885 1871 246
9 4 1501 1871 1499 1500
9 4 1501 1871 1500 1885
9 4 1501 1871 1885 1874
9 4 1501 1871 1874 1499
9 4 38 301 676 451
9 4 301 0 306 298
9 4 676 306 114 456
9 4 451 298 456 14
9 4 301 456 676 451
9 4 301 456 451 298
9 4 301 456 298 306
9 4 301 456 306 676
9 4 161 1501 1497 1491
9 4 1501 254 1533 1494
9 4 1497 1533 169 1492
9 4 1491 1494 1492 160
9 4 1491 1501 1497 1533
9 4 1491 1497 1492 1533
9 4 1491 1492 1494 1533
9 4 1491 1494 1501 1533
9 4 81 1009 510 1013
9 4 1009 106 512 1203
9 4 510 512 19 514
9 4 1013 1203 514 154
9 4 510 1009 1203 1013
9 4 510 1013 1203 514
9 4 510 514 1203 512
9 4 510 512 1203 1009
9 4 254 1501 1533 1885
9 4 1501 161 1497 1500
9 4 1533 1497 169 1532
9 4 1885 1500 1532 246
9 4 1501 1532 1533 1885
9 4 1501 1532 1885 1500
9 4 1501 1532 1500 1497
9 4 1501 1532 1497 1533
9 4 245 1218 1882 1883
9 4 1218 108 1220 1221
9 4 1882 1220 262 1927
9 4 1883 1221 1927 264
9 4 1218 1927 1882 1883
9 4 1218 1927 1883 1221
9 4 1218 1927 1221 1220
9 4 1218 1927 1220 1882
9 4 12 433 434 432
9 4 433 246 1884 1863
9 4 434 1884 247 1864
9 4 432 1863 1864 243
9 4 433 1864 434 432
9 4 433 1864 432 1863
9 4 433 1864 1863 1884
9 4 433 1864 1884 434
9 4 13 449 438 437
9 4 449 257 956 909
9 4 438 956 74 901
9 4 437 909 901 68
9 4 437 449 438 956
9 4 437 438 901 956
9 4 437 901 909 956
9 4 437 909 449 956
9 4 247 968 434 1325
9 4 968 75 424 958
9 4 434 424 12 428
9 4 1325 958 428 125
9 4 1325 968 434 424
9 4 1325 434 428 424
9 4 1325 428 958 424
9 4 1325 958 968 424
9 4 253 1276 755 326
9 4 1276 118 747 321
9 4 755 747 52 318
9 4 326 321 318 2
9 4 1276 318 755 326
9 4 1276 318 326 321
9 4 1276 318 321 747
9 4 1276 318 747 755
9 4 246 1884 1863 1847
9 4 1884 247 1864 1848
9 4 1863 1864 243 1844
9 4 1847 1848 1844 241
9 4 1847 1884 1863 1864
9 4 1847 1863 1844 1864
9 4 1847 1844 1848 1864
9 4 1847 1848 1884 1864
9 4 104 1190 1189 1191
9 4 1190 168 1526 1530
9 4 1189 1526 167 1527
9 4 1191 1530 1527 245
9 4 1190 1527 1189 1191
9 4 1190 1527 1191 1530
9 4 1190 1527 1530 1526
9 4 1190 1527 1526 1189
9 4 170 1535 1534 1161
9 4 1535 249 1893 1163
9 4 1534 1893 248 1162
9 4 1161 1163 1162 101
9 4 1535 1162 1534 1161
9 4 1535 1162 1161 1163
9 4 1535 1162 1163 1893
9 4 1535 1162 1893 1534
9 4 248 371 1438 1856
9 4 371 6 367 370
9 4 1438 367 145 1437
9 4 1856 370 1437 242
9 4 371 1437 1438 1856
9 4 371 1437 1856 370
9 4 371 1437 370 367
9 4 371 1437 367 1438
9 4 154 1223 1203 1008
9 4 1223 109 1201 1007
9 4 1203 1201 106 1006
9 4 1008 1007 1006 80
9 4 1203 1223 1007 1008
9 4 1203 1008 1007 1006
9 4 1203 1006 1007 1201
9 4 1203 1201 1007 1223
9 4 52 755 318 749
9 4 755 253 326 1450
9 4 318 326 2 323
9 4 749 1450 323 150
9 4 755 323 318 749
9 4 755 323 749 1450
9 4 755 323 1450 326
9 4 755 323 326 318
9 4 33 634 632 382
9 4 634 101 815 386
9 4 632 815 58 383
9 4 382 386 383 8
9 4 632 634 386 382
9 4 632 382 386 383
9 4 632 383 386 815
9 4 632 815 386 634
9 4 244 1511 1499 1845
9 4 1511 163 1496 1510
9 4 1499 1496 161 1498
9 4 1845 1510 1498 241
9 4 1511 1498 1499 1845
9 4 1511 1498 1845 1510
9 4 1511 1498 1510 1496
9 4 1511 1498 1496 1499
9 4 244 1511 1845 1875
9 4 1511 163 1510 1513
9 4 1845 1510 241 1851
9 4 1875 1513 1851 258
9 4 1875 1511 1845 1510
9 4 1875 1845 1851 1510
9 4 1875 1851 1513 1510
9 4 1875 1513 1511 1510
9 4 52 755 749 758
9 4 755 253 1450 1918
9 4 749 1450 150 1451
9 4 758 1918 1451 264
9 4 755 1451 749 758
9 4 755 1451 758 1918
9 4 755 1451 1918 1450
9 4 755 1451 1450 749
9 4 6 371 361 366
9 4 371 248 807 1396
9 4 361 807 57 800
9 4 366 1396 800 136
9 4 361 371 1396 366
9 4 361 366 1396 800
9 4 361 800 1396 807
9 4 361 807 1396 371
9 4 249 1528 1877 1192
9 4 1528 167 1527 1189
9 4 1877 1527 245 1191
9 4 1192 1189 1191 104
9 4 1528 1191 1877 1192
9 4 1528 1191 1192 1189
9 4 1528 1191 1189 1527
9 4 1528 1191 1527 1877
9 4 247 1246 1521 1890
9 4 1246 113 1245 1247
9 4 1521 1245 165 1522
9 4 1890 1247 1522 260
9 4 1246 1522 1521 1890
9 4 1246 1522 1890 1247
9 4 1246 1522 1247 1245
9 4 1246 1522 1245 1521
9 4 32 625 373 622
9 4 625 101 377 815
9 4 373 377 7 375
9 4 622 815 375 58
9 4 622 625 373 377
9 4 622 373 375 377
9 4 622 375 815 377
9 4 622 815 625 377
9 4 127 1342 1011 1344
9 4 1342 244 1017 1873
9 4 1011 1017 81 1018
9 4 1344 1873 1018 252
9 4 1344 1342 1011 1017
9 4 1344 1011 1018 1017
9 4 1344 1018 1873 1017
9 4 1344 1873 1342 1017
9 4 81 1009 1013 1017
9 4 1009 106 1203 1207
9 4 1013 1203 154 1458
9 4 1017 1207 1458 244
9 4 1009 1458 1013 1017
9 4 1009 1458 1017 1207
9 4 1009 1458 1207 1203
9 4 1009 1458 1203 1013
9 4 107 1213 1210 1211
9 4 1213 262 1531 1882
9 4 1210 1531 168 1530
9 4 1211 1882 1530 245
9 4 1213 1530 1210 1211
9 4 1213 1530 1211 1882
9 4 1213 1530 1882 1531
9 4 1213 1530 1531 1210
9 4 243 432 954 1866
9 4 432 12 423 435
9 4 954 423 74 955
9 4 1866 435 955 251
9 4 954 432 435 1866
9 4 954 1866 435 955
9 4 954 955 435 423
9 4 954 423 435 432
9 4 248 1438 807 1895
9 4 1438 145 802 1440
9 4 807 802 57 808
9 4 1895 1440 808 256
9 4 1438 808 807 1895
9 4 1438 808 1895 1440
9 4 1438 808 1440 802
9 4 1438 808 802 807
9 4 11 420 418 414
9 4 420 257 1435 909
9 4 418 1435 144 905
9 4 414 909 905 68
9 4 420 905 418 414
9 4 420 905 414 909
9 4 420 905 909 1435
9 4 420 905 1435 418
9 4 248 1343 1267 1894
9 4 1343 127 1262 1344
9 4 1267 1262 117 1268
9 4 1894 1344 1268 252
9 4 1267 1343 1344 1894
9 4 1267 1894 1344 1268
9 4 1267 1268 1344 1262
9 4 1267 1262 1344 1343
9 4 127 1343 1342 1344
9 4 1343 248 1872 1894
9 4 1342 1872 244 1873
9 4 1344 1894 1873 252
9 4 1342 1343 1894 1344
9 4 1342 1344 1894 1873
9 4 1342 1873 1894 1872
9 4 1342 1872 1894 1343
9 4 264 1214 347 1926
9 4 1214 107 341 1212
9 4 347 341 4 346
9 4 1926 1212 346 259
9 4 1214 346 347 1926
9 4 1214 346 1926 1212
9 4 1214 346 1212 341
9 4 1214 346 341 347
9 4 4 347 346 344
9 4 347 264 1926 1455
9 4 346 1926 259 1454
9 4 344 1455 1454 152
9 4 346 347 1455 344
9 4 346 344 1455 1454
9 4 346 1454 1455 1926
9 4 346 1926 1455 347
9 4 241 1849 1843 1844
9 4 1849 252 1858 1867
9 4 1843 1858 242 1855
9 4 1844 1867 1855 243
9 4 1849 1855 1843 1844
9 4 1849 1855 1844 1867
9 4 1849 1855 1867 1858
9 4 1849 1855 1858 1843
9 4 165 1520 1522 1481
9 4 1520 246 1886 1483
9 4 1522 1886 260 1484
9 4 1481 1483 1484 158
9 4 1520 1484 1522 1481
9 4 1520 1484 1481 1483
9 4 1520 1484 1483 1886
9 4 1520 1484 1886 1522
9 4 245 1846 1878 1883
9 4 1846 241 1850 1854
9 4 1878 1850 253 1918
9 4 1883 1854 1918 264
9 4 1878 1846 1854 1883
9 4 1878 1883 1854 1918
9 4 1878 1918 1854 1850
9 4 1878 1850 1854 1846
9 4 262 1184 1523 1891
9 4 1184 103 1181 1182
9 4 1523 1181 165 1521
9 4 1891 1182 1521 247
9 4 1184 1521 1523 1891
9 4 1184 1521 1891 1182
9 4 1184 1521 1182 1181
9 4 1184 1521 1181 1523
9 4 8 392 383 389
9 4 392 263 817 1442
9 4 383 817 58 816
9 4 389 1442 816 146
9 4 392 816 383 389
9 4 392 816 389 1442
9 4 392 816 1442 817
9 4 392 816 817 383
9 4 247 1889 1864 1848
9 4 1889 253 1868 1850
9 4 1864 1868 243 1844
9 4 1848 1850 1844 241
9 4 1864 1889 1850 1848
9 4 1864 1848 1850 1844
9 4 1864 1844 1850 1868
9 4 1864 1868 1850 1889
9 4 247 1884 1445 1890
9 4 1884 246 1444 1886
9 4 1445 1444 148 1446
9 4 1890 1886 1446 260
9 4 1884 1446 1445 1890
9 4 1884 1446 1890 1886
9 4 1884 1446 1886 1444
9 4 1884 1446 1444 1445
9 4 154 1458 1459 1460
9 4 1458 244 1874 1876
9 4 1459 1874 254 1919
9 4 1460 1876 1919 261
9 4 1458 1919 1459 1460
9 4 1458 1919 1460 1876
9 4 1458 1919 1876 1874
9 4 1458 1919 1874 1459
9 4 75 968 424 961
9 4 968 247 434 1445
9 4 424 434 12 429
9 4 961 1445 429 148
9 4 424 968 1445 961
9 4 424 961 1445 429
9 4 424 429 1445 434
9 4 424 434 1445 968
9 4 258 1875 1896 1913
9 4 1875 244 1872 1873
9 4 1896 1872 248 1894
9 4 1913 1873 1894 252
9 4 1913 1875 1896 1872
9 4 1913 1896 1894 1872
9 4 1913 1894 1873 1872
9 4 1913 1873 1875 1872
9 4 106 1208 1203 1207
9 4 1208 254 1459 1874
9 4 1203 1459 154 1458
9 4 1207 1874 1458 244
9 4 1208 1458 1203 1207
9 4 1208 1458 1207 1874
9 4 1208 1458 1874 1459
9 4 1208 1458 1459 1203
9 4 252 1912 1383 1390
9 4 1912 255 1384 1391
9 4 1383 1384 134 1378
9 4 1390 1391 1378 135
9 4 1383 1912 1391 1390
9 4 1383 1390 1391 1378
9 4 1383 1378 1391 1384
9 4 1383 1384 1391 1912
9 4 243 1864 432 1866
9 4 1864 247 434 1888
9 4 432 434 12 435
9 4 1866 1888 435 251
9 4 432 1864 1888 1866
9 4 432 1866 1888 435
9 4 432 435 1888 434
9 4 432 434 1888 1864
9 4 248 1512 1872 1896
9 4 1512 163 1511 1513
9 4 1872 1511 244 1875
9 4 1896 1513 1875 258
9 4 1512 1875 1872 1896
9 4 1512 1875 1896 1513
9 4 1512 1875 1513 1511
9 4 1512 1875 1511 1872
9 4 246 1520 1506 1483
9 4 1520 165 1504 1481
9 4 1506 1504 162 1480
9 4 1483 1481 1480 158
9 4 1520 1480 1506 1483
9 4 1520 1480 1483 1481
9 4 1520 1480 1481 1504
9 4 1520 1480 1504 1506
9 4 108 1221 342 1215
9 4 1221 264 347 1369
9 4 342 347 4 343
9 4 1215 1369 343 132
9 4 1215 1221 342 347
9 4 1215 342 343 347
9 4 1215 343 1369 347
9 4 1215 1369 1221 347
9 4 256 1440 1920 1861
9 4 1440 145 1439 1437
9 4 1920 1439 255 1860
9 4 1861 1437 1860 242
9 4 1920 1440 1437 1861
9 4 1920 1861 1437 1860
9 4 1920 1860 1437 1439
9 4 1920 1439 1437 1440
9 4 170 1534 1536 1487
9 4 1534 248 1896 1489
9 4 1536 1896 258 1490
9 4 1487 1489 1490 159
9 4 1534 1490 1536 1487
9 4 1534 1490 1487 1489
9 4 1534 1490 1489 1896
9 4 1534 1490 1896 1536
9 4 251 1911 357 1908
9 4 1911 264 359 1918
9 4 357 359 5 358
9 4 1908 1918 358 253
9 4 1911 358 357 1908
9 4 1911 358 1908 1918
9 4 1911 358 1918 359
9 4 1911 358 359 357
9 4 10 412 410 405
9 4 412 250 1432 859
9 4 410 1432 143 856
9 4 405 859 856 62
9 4 412 856 410 405
9 4 412 856 405 859
9 4 412 856 859 1432
9 4 412 856 1432 410
9 4 249 1528 1477 1899
9 4 1528 167 1475 1529
9 4 1477 1475 157 1478
9 4 1899 1529 1478 258
9 4 1477 1528 1529 1899
9 4 1477 1899 1529 1478
9 4 1477 1478 1529 1475
9 4 1477 1475 1529 1528
9 4 8 391 384 388
9 4 391 249 826 1363
9 4 384 826 59 820
9 4 388 1363 820 131
9 4 384 391 1363 388
9 4 384 388 1363 820
9 4 384 820 1363 826
9 4 384 826 1363 391
9 4 255 1912 1384 1905
9 4 1912 252 1383 1903
9 4 1384 1383 134 1382
9 4 1905 1903 1382 250
9 4 1912 1382 1384 1905
9 4 1912 1382 1905 1903
9 4 1912 1382 1903 1383
9 4 1912 1382 1383 1384
9 4 260 472 1447 973
9 4 472 15 469 464
9 4 1447 469 149 972
9 4 973 464 972 76
9 4 973 472 1447 469
9 4 973 1447 972 469
9 4 973 972 464 469
9 4 973 464 472 469
9 4 159 1488 1486 1489
9 4 1488 244 1524 1872
9 4 1486 1524 166 1525
9 4 1489 1872 1525 248
9 4 1488 1525 1486 1489
9 4 1488 1525 1489 1872
9 4 1488 1525 1872 1524
9 4 1488 1525 1524 1486
9 4 247 1368 1335 1258
9 4 1368 132 1331 1256
9 4 1335 1331 126 1255
9 4 1258 1256 1255 116
9 4 1368 1255 1335 1258
9 4 1368 1255 1258 1256
9 4 1368 1255 1256 1331
9 4 1368 1255 1331 1335
9 4 264 347 1369 772
9 4 347 4 343 339
9 4 1369 343 132 766
9 4 772 339 766 54
9 4 1369 347 339 772
9 4 1369 772 339 766
9 4 1369 766 339 343
9 4 1369 343 339 347
9 4 251 419 1910 1434
9 4 419 11 420 418
9 4 1910 420 257 1435
9 4 1434 418 1435 144
9 4 419 1435 1910 1434
9 4 419 1435 1434 418
9 4 419 1435 418 420
9 4 419 1435 420 1910
9 4 75 968 961 969
9 4 968 247 1445 1890
9 4 961 1445 148 1446
9 4 969 1890 1446 260
9 4 968 1446 961 969
9 4 968 1446 969 1890
9 4 968 1446 1890 1445
9 4 968 1446 1445 961
9 4 103 1184 1174 1182
9 4 1184 262 1220 1891
9 4 1174 1220 108 1219
9 4 1182 1891 1219 247
9 4 1184 1219 1174 1182
9 4 1184 1219 1182 1891
9 4 1184 1219 1891 1220
9 4 1184 1219 1220 1174
9 4 52 754 755 758
9 4 754 245 1878 1883
9 4 755 1878 253 1918
9 4 758 1883 1918 264
9 4 754 1918 755 758
9 4 754 1918 758 1883
9 4 754 1918 1883 1878
9 4 754 1918 1878 755
9 4 108 1217 1220 1216
9 4 1217 168 1531 1470
9 4 1220 1531 262 1471
9 4 1216 1470 1471 156
9 4 1216 1217 1220 1531
9 4 1216 1220 1471 1531
9 4 1216 1471 1470 1531
9 4 1216 1470 1217 1531
9 4 165 1521 1504 1523
9 4 1521 247 1507 1891
9 4 1504 1507 162 1508
9 4 1523 1891 1508 262
9 4 1523 1521 1504 1507
9 4 1523 1504 1508 1507
9 4 1523 1508 1891 1507
9 4 1523 1891 1521 1507
9 4 166 1524 1198 1525
9 4 1524 244 1199 1872
9 4 1198 1199 105 1200
9 4 1525 1872 1200 248
9 4 1525 1524 1198 1199
9 4 1525 1198 1200 1199
9 4 1525 1200 1872 1199
9 4 1525 1872 1524 1199
9 4 13 447 438 449
9 4 447 243 954 1869
9 4 438 954 74 956
9 4 449 1869 956 257
9 4 447 956 438 449
9 4 447 956 449 1869
9 4 447 956 1869 954
9 4 447 956 954 438
9 4 248 371 807 1438
9 4 371 6 361 367
9 4 807 361 57 802
9 4 1438 367 802 145
9 4 1438 371 807 361
9 4 1438 807 802 361
9 4 1438 802 367 361
9 4 1438 367 371 361
9 4 170 1535 1476 1536
9 4 1535 249 1477 1899
9 4 1476 1477 157 1478
9 4 1536 1899 1478 258
9 4 1536 1535 1476 1477
9 4 1536 1476 1478 1477
9 4 1536 1478 1899 1477
9 4 1536 1899 1535 1477
9 4 113 1246 1175 1247
9 4 1246 247 1182 1890
9 4 1175 1182 103 1183
9 4 1247 1890 1183 260
9 4 1246 1183 1175 1247
9 4 1246 1183 1247 1890
9 4 1246 1183 1890 1182
9 4 1246 1183 1182 1175
9 4 111 1235 1234 1237
9 4 1235 167 1475 1528
9 4 1234 1475 157 1477
9 4 1237 1528 1477 249
9 4 1234 1235 1528 1237
9 4 1234 1237 1528 1477
9 4 1234 1477 1528 1475
9 4 1234 1475 1528 1235
9 4 13 448 439 443
9 4 448 246 982 1444
9 4 439 982 77 976
9 4 443 1444 976 148
9 4 439 448 1444 443
9 4 439 443 1444 976
9 4 439 976 1444 982
9 4 439 982 1444 448
9 4 247 434 1888 1318
9 4 434 12 435 427
9 4 1888 435 251 1319
9 4 1318 427 1319 124
9 4 434 1319 1888 1318
9 4 434 1319 1318 427
9 4 434 1319 427 435
9 4 434 1319 435 1888
9 4 103 1180 1184 1181
9 4 1180 156 1471 1469
9 4 1184 1471 262 1523
9 4 1181 1469 1523 165
9 4 1180 1523 1184 1181
9 4 1180 1523 1181 1469
9 4 1180 1523 1469 1471
9 4 1180 1523 1471 1184
9 4 154 1223 503 1459
9 4 1223 109 501 1227
9 4 503 501 18 506
9 4 1459 1227 506 254
9 4 1223 506 503 1459
9 4 1223 506 1459 1227
9 4 1223 506 1227 501
9 4 1223 506 501 503
9 4 81 1009 1011 510
9 4 1009 106 1202 512
9 4 1011 1202 127 513
9 4 510 512 513 19
9 4 1009 513 1011 510
9 4 1009 513 510 512
9 4 1009 513 512 1202
9 4 1009 513 1202 1011
9 4 167 1527 1526 1515
9 4 1527 245 1530 1517
9 4 1526 1530 168 1516
9 4 1515 1517 1516 164
9 4 1515 1527 1526 1530
9 4 1515 1526 1516 1530
9 4 1515 1516 1517 1530
9 4 1515 1517 1527 1530
9 4 160 1494 1224 1493
9 4 1494 254 1227 1874
9 4 1224 1227 109 1226
9 4 1493 1874 1226 244
9 4 1494 1226 1224 1493
9 4 1494 1226 1493 1874
9 4 1494 1226 1874 1227
9 4 1494 1226 1227 1224
9 4 261 1309 1907 1924
9 4 1309 122 1307 1308
9 4 1907 1307 250 1906
9 4 1924 1308 1906 257
9 4 1309 1906 1907 1924
9 4 1309 1906 1924 1308
9 4 1309 1906 1308 1307
9 4 1309 1906 1307 1907
9 4 253 1276 326 1916
9 4 1276 118 321 1277
9 4 326 321 2 327
9 4 1916 1277 327 256
9 4 1276 327 326 1916
9 4 1276 327 1916 1277
9 4 1276 327 1277 321
9 4 1276 327 321 326
9 4 170 1236 1476 1535
9 4 1236 111 1234 1237
9 4 1476 1234 157 1477
9 4 1535 1237 1477 249
9 4 1535 1236 1476 1234
9 4 1535 1476 1477 1234
9 4 1535 1477 1237 1234
9 4 1535 1237 1236 1234
9 4 243 432 447 954
9 4 432 12 421 423
9 4 447 421 13 438
9 4 954 423 438 74
9 4 954 432 447 421
9 4 954 447 438 421
9 4 954 438 423 421
9 4 954 423 432 421
9 4 109 1225 1227 1224
9 4 1225 169 1533 1492
9 4 1227 1533 254 1494
9 4 1224 1492 1494 160
9 4 1225 1494 1227 1224
9 4 1225 1494 1224 1492
9 4 1225 1494 1492 1533
9 4 1225 1494 1533 1227
9 4 143 1433 883 876
9 4 1433 255 891 880
9 4 883 891 66 874
9 4 876 880 874 65
9 4 883 1433 880 876
9 4 883 876 880 874
9 4 883 874 880 891
9 4 883 891 880 1433
9 4 247 1219 1368 1892
9 4 1219 108 1215 1221
9 4 1368 1215 132 1369
9 4 1892 1221 1369 264
9 4 1368 1219 1221 1892
9 4 1368 1892 1221 1369
9 4 1368 1369 1221 1215
9 4 1368 1215 1221 1219
9 4 11 419 415 418
9 4 419 251 949 1434
9 4 415 949 73 945
9 4 418 1434 945 144
9 4 419 945 415 418
9 4 419 945 418 1434
9 4 419 945 1434 949
9 4 419 945 949 415
9 4 241 1845 1849 1852
9 4 1845 244 1873 1876
9 4 1849 1873 252 1914
9 4 1852 1876 1914 261
9 4 1849 1845 1876 1852
9 4 1849 1852 1876 1914
9 4 1849 1914 1876 1873
9 4 1849 1873 1876 1845
9 4 106 1009 1202 1207
9 4 1009 81 1011 1017
9 4 1202 1011 127 1342
9 4 1207 1017 1342 244
9 4 1009 1342 1202 1207
9 4 1009 1342 1207 1017
9 4 1009 1342 1017 1011
9 4 1009 1342 1011 1202
9 4 254 1533 1173 1885
9 4 1533 169 1171 1532
9 4 1173 1171 102 1172
9 4 1885 1532 1172 246
9 4 1533 1172 1173 1885
9 4 1533 1172 1885 1532
9 4 1533 1172 1532 1171
9 4 1533 1172 1171 1173
9 4 247 1368 1258 1892
9 4 1368 132 1256 1369
9 4 1258 1256 116 1259
9 4 1892 1369 1259 264
9 4 1368 1259 1258 1892
9 4 1368 1259 1892 1369
9 4 1368 1259 1369 1256
9 4 1368 1259 1256 1258
9 4 262 1220 1891 1927
9 4 1220 108 1219 1221
9 4 1891 1219 247 1892
9 4 1927 1221 1892 264
9 4 1927 1220 1891 1219
9 4 1927 1891 1892 1219
9 4 1927 1892 1221 1219
9 4 1927 1221 1220 1219
9 4 250 493 1382 1307
9 4 493 17 489 488
9 4 1382 489 134 1303
9 4 1307 488 1303 122
9 4 493 1303 1382 1307
9 4 493 1303 1307 488
9 4 493 1303 488 489
9 4 493 1303 489 1382
9 4 167 1529 1527 1515
9 4 1529 258 1880 1518
9 4 1527 1880 245 1517
9 4 1515 1518 1517 164
9 4 1529 1517 1527 1515
9 4 1529 1517 1515 1518
9 4 1529 1517 1518 1880
9 4 1529 1517 1880 1527
9 4 162 1506 1480 1495
9 4 1506 246 1483 1500
9 4 1480 1483 158 1479
9 4 1495 1500 1479 161
9 4 1480 1506 1500 1495
9 4 1480 1495 1500 1479
9 4 1480 1479 1500 1483
9 4 1480 1483 1500 1506
9 4 156 1180 1471 1216
9 4 1180 103 1184 1174
9 4 1471 1184 262 1220
9 4 1216 1174 1220 108
9 4 1180 1220 1471 1216
9 4 1180 1220 1216 1174
9 4 1180 1220 1174 1184
9 4 1180 1220 1184 1471
9 4 249 1900 1877 1898
9 4 1900 259 1881 1922
9 4 1877 1881 245 1879
9 4 1898 1922 1879 256
9 4 1877 1900 1922 1898
9 4 1877 1898 1922 1879
9 4 1877 1879 1922 1881
9 4 1877 1881 1922 1900
9 4 132 1178 1368 1331
9 4 1178 103 1182 1177
9 4 1368 1182 247 1335
9 4 1331 1177 1335 126
9 4 1178 1335 1368 1331
9 4 1178 1335 1331 1177
9 4 1178 1335 1177 1182
9 4 1178 1335 1182 1368
9 4 106 1206 1204 1207
9 4 1206 166 1465 1524
9 4 1204 1465 155 1466
9 4 1207 1524 1466 244
9 4 1204 1206 1524 1207
9 4 1204 1207 1524 1466
9 4 1204 1466 1524 1465
9 4 1204 1465 1524 1206
9 4 260 1484 1886 1242
9 4 1484 158 1483 1239
9 4 1886 1483 246 1241
9 4 1242 1239 1241 112
9 4 1484 1241 1886 1242
9 4 1484 1241 1242 1239
9 4 1484 1241 1239 1483
9 4 1484 1241 1483 1886
9 4 29 600 588 497
9 4 600 109 590 501
9 4 588 590 28 496
9 4 497 501 496 18
9 4 588 600 501 497
9 4 588 497 501 496
9 4 588 496 501 590
9 4 588 590 501 600
9 4 160 1205 1462 1493
9 4 1205 106 1204 1207
9 4 1462 1204 155 1466
9 4 1493 1207 1466 244
9 4 1493 1205 1462 1204
9 4 1493 1462 1466 1204
9 4 1493 1466 1207 1204
9 4 1493 1207 1205 1204
9 4 169 1532 1482 1240
9 4 1532 246 1483 1241
9 4 1482 1483 158 1239
9 4 1240 1241 1239 112
9 4 1532 1239 1482 1240
9 4 1532 1239 1240 1241
9 4 1532 1239 1241 1483
9 4 1532 1239 1483 1482
9 4 248 1162 1893 1897
9 4 1162 101 1163 1164
9 4 1893 1163 249 1901
9 4 1897 1164 1901 263
9 4 1162 1901 1893 1897
9 4 1162 1901 1897 1164
9 4 1162 1901 1164 1163
9 4 1162 1901 1163 1893
9 4 13 448 447 450
9 4 448 246 1863 1887
9 4 447 1863 243 1870
9 4 450 1887 1870 261
9 4 450 448 447 1863
9 4 450 447 1870 1863
9 4 450 1870 1887 1863
9 4 450 1887 448 1863
9 4 106 1206 1207 1194
9 4 1206 166 1524 1198
9 4 1207 1524 244 1199
9 4 1194 1198 1199 105
9 4 1206 1199 1207 1194
9 4 1206 1199 1194 1198
9 4 1206 1199 1198 1524
9 4 1206 1199 1524 1207
9 4 245 1218 1883 1211
9 4 1218 108 1221 1209
9 4 1883 1221 264 1214
9 4 1211 1209 1214 107
9 4 1218 1214 1883 1211
9 4 1218 1214 1211 1209
9 4 1218 1214 1209 1221
9 4 1218 1214 1221 1883
9 4 36 663 650 660
9 4 663 107 654 762
9 4 650 654 35 651
9 4 660 762 651 53
9 4 650 663 762 660
9 4 650 660 762 651
9 4 650 651 762 654
9 4 650 654 762 663
9 4 244 1488 1511 1872
9 4 1488 159 1485 1489
9 4 1511 1485 163 1512
9 4 1872 1489 1512 248
9 4 1488 1512 1511 1872
9 4 1488 1512 1872 1489
9 4 1488 1512 1489 1485
9 4 1488 1512 1485 1511
9 4 244 1871 1874 1876
9 4 1871 246 1885 1887
9 4 1874 1885 254 1919
9 4 1876 1887 1919 261
9 4 1871 1919 1874 1876
9 4 1871 1919 1876 1887
9 4 1871 1919 1887 1885
9 4 1871 1919 1885 1874
9 4 18 506 498 503
9 4 506 254 1002 1459
9 4 498 1002 79 998
9 4 503 1459 998 154
9 4 498 506 1459 503
9 4 498 503 1459 998
9 4 498 998 1459 1002
9 4 498 1002 1459 506
9 4 111 1235 1237 1186
9 4 1235 167 1528 1189
9 4 1237 1528 249 1192
9 4 1186 1189 1192 104
9 4 1235 1192 1237 1186
9 4 1235 1192 1186 1189
9 4 1235 1192 1189 1528
9 4 1235 1192 1528 1237
9 4 262 1213 1531 1220
9 4 1213 107 1210 1209
9 4 1531 1210 168 1217
9 4 1220 1209 1217 108
9 4 1213 1217 1531 1220
9 4 1213 1217 1220 1209
9 4 1213 1217 1209 1210
9 4 1213 1217 1210 1531
9 4 244 1017 1873 1876
9 4 1017 81 1018 1019
9 4 1873 1018 252 1914
9 4 1876 1019 1914 261
9 4 1876 1017 1873 1018
9 4 1876 1873 1914 1018
9 4 1876 1914 1019 1018
9 4 1876 1019 1017 1018
9 4 66 891 882 874
9 4 891 255 1408 880
9 4 882 1408 138 875
9 4 874 880 875 65
9 4 874 891 882 1408
9 4 874 882 875 1408
9 4 874 875 880 1408
9 4 874 880 891 1408
9 4 241 1854 1848 1850
9 4 1854 264 1892 1918
9 4 1848 1892 247 1889
9 4 1850 1918 1889 253
9 4 1854 1889 1848 1850
9 4 1854 1889 1850 1918
9 4 1854 1889 1918 1892
9 4 1854 1889 1892 1848
9 4 259 1900 1278 1922
9 4 1900 249 1275 1898
9 4 1278 1275 118 1277
9 4 1922 1898 1277 256
9 4 1922 1900 1278 1275
9 4 1922 1278 1277 1275
9 4 1922 1277 1898 1275
9 4 1922 1898 1900 1275
9 4 104 1187 1188 1193
9 4 1187 118 1272 1278
9 4 1188 1272 129 1352
9 4 1193 1278 1352 259
9 4 1188 1187 1278 1193
9 4 1188 1193 1278 1352
9 4 1188 1352 1278 1272
9 4 1188 1272 1278 1187
9 4 253 1889 1908 1918
9 4 1889 247 1888 1892
9 4 1908 1888 251 1911
9 4 1918 1892 1911 264
9 4 1889 1911 1908 1918
9 4 1889 1911 1918 1892
9 4 1889 1911 1892 1888
9 4 1889 1911 1888 1908
9 4 106 1205 1201 1207
9 4 1205 160 1224 1493
9 4 1201 1224 109 1226
9 4 1207 1493 1226 244
9 4 1205 1226 1201 1207
9 4 1205 1226 1207 1493
9 4 1205 1226 1493 1224
9 4 1205 1226 1224 1201
9 4 251 435 955 949
9 4 435 12 423 422
9 4 955 423 74 942
9 4 949 422 942 73
9 4 955 435 422 949
9 4 955 949 422 942
9 4 955 942 422 423
9 4 955 423 422 435
9 4 102 1168 1170 1173
9 4 1168 139 1409 1414
9 4 1170 1409 142 1430
9 4 1173 1414 1430 254
9 4 1170 1168 1414 1173
9 4 1170 1173 1414 1430
9 4 1170 1430 1414 1409
9 4 1170 1409 1414 1168
9 4 170 1236 1535 1161
9 4 1236 111 1237 1159
9 4 1535 1237 249 1163
9 4 1161 1159 1163 101
9 4 1236 1163 1535 1161
9 4 1236 1163 1161 1159
9 4 1236 1163 1159 1237
9 4 1236 1163 1237 1535
9 4 169 1532 1497 1482
9 4 1532 246 1500 1483
9 4 1497 1500 161 1479
9 4 1482 1483 1479 158
9 4 1532 1479 1497 1482
9 4 1532 1479 1482 1483
9 4 1532 1479 1483 1500
9 4 1532 1479 1500 1497
9 4 127 1343 1262 1339
9 4 1343 248 1267 1401
9 4 1262 1267 117 1265
9 4 1339 1401 1265 137
9 4 1343 1265 1262 1339
9 4 1343 1265 1339 1401
9 4 1343 1265 1401 1267
9 4 1343 1265 1267 1262
9 4 139 1413 975 1371
9 4 1413 246 982 1374
9 4 975 982 77 974
9 4 1371 1374 974 133
9 4 1371 1413 975 982
9 4 1371 975 974 982
9 4 1371 974 1374 982
9 4 1371 1374 1413 982
9 4 113 1244 1247 684
9 4 1244 158 1484 687
9 4 1247 1484 260 688
9 4 684 687 688 39
9 4 1247 1244 687 684
9 4 1247 684 687 688
9 4 1247 688 687 1484
9 4 1247 1484 687 1244
9 4 159 1488 1461 1486
9 4 1488 244 1466 1524
9 4 1461 1466 155 1465
9 4 1486 1524 1465 166
9 4 1461 1488 1524 1486
9 4 1461 1486 1524 1465
9 4 1461 1465 1524 1466
9 4 1461 1466 1524 1488
9 4 246 448 982 1374
9 4 448 13 439 442
9 4 982 439 77 974
9 4 1374 442 974 133
9 4 1374 448 982 439
9 4 1374 982 974 439
9 4 1374 974 442 439
9 4 1374 442 448 439
9 4 258 1917 1851 1862
9 4 1917 253 1850 1859
9 4 1851 1850 241 1843
9 4 1862 1859 1843 242
9 4 1917 1843 1851 1862
9 4 1917 1843 1862 1859
9 4 1917 1843 1859 1850
9 4 1917 1843 1850 1851
9 4 110 1230 1231 1158
9 4 1230 170 1534 1161
9 4 1231 1534 248 1162
9 4 1158 1161 1162 101
9 4 1230 1162 1231 1158
9 4 1230 1162 1158 1161
9 4 1230 1162 1161 1534
9 4 1230 1162 1534 1231
9 4 110 1230 1228 1231
9 4 1230 170 1487 1534
9 4 1228 1487 159 1489
9 4 1231 1534 1489 248
9 4 1228 1230 1534 1231
9 4 1228 1231 1534 1489
9 4 1228 1489 1534 1487
9 4 1228 1487 1534 1230
9 4 105 1199 1196 1200
9 4 1199 244 1342 1872
9 4 1196 1342 127 1343
9 4 1200 1872 1343 248
9 4 1199 1343 1196 1200
9 4 1199 1343 1200 1872
9 4 1199 1343 1872 1342
9 4 1199 1343 1342 1196
9 4 246 1413 982 1886
9 4 1413 139 975 1415
9 4 982 975 77 983
9 4 1886 1415 983 260
9 4 982 1413 1415 1886
9 4 982 1886 1415 983
9 4 982 983 1415 975
9 4 982 975 1415 1413
9 4 248 1267 1401 1396
9 4 1267 117 1265 1264
9 4 1401 1265 137 1394
9 4 1396 1264 1394 136
9 4 1396 1267 1401 1265
9 4 1396 1401 1394 1265
9 4 1396 1394 1264 1265
9 4 1396 1264 1267 1265
9 4 168 1190 1210 1530
9 4 1190 104 1185 1191
9 4 1210 1185 107 1211
9 4 1530 1191 1211 245
9 4 1190 1211 1210 1530
9 4 1190 1211 1530 1191
9 4 1190 1211 1191 1185
9 4 1190 1211 1185 1210
9 4 241 1846 1850 1851
9 4 1846 245 1878 1880
9 4 1850 1878 253 1917
9 4 1851 1880 1917 258
9 4 1846 1917 1850 1851
9 4 1846 1917 1851 1880
9 4 1846 1917 1880 1878
9 4 1846 1917 1878 1850
9 4 143 1432 863 856
9 4 1432 250 866 859
9 4 863 866 63 851
9 4 856 859 851 62
9 4 863 1432 859 856
9 4 863 856 859 851
9 4 863 851 859 866
9 4 863 866 859 1432
9 4 66 890 775 787
9 4 890 253 785 796
9 4 775 785 55 774
9 4 787 796 774 56
9 4 890 774 775 787
9 4 890 774 787 796
9 4 890 774 796 785
9 4 890 774 785 775
9 4 57 808 802 798
9 4 808 256 1440 827
9 4 802 1440 145 821
9 4 798 827 821 59
9 4 808 821 802 798
9 4 808 821 798 827
9 4 808 821 827 1440
9 4 808 821 1440 802
9 4 246 1251 1413 1886
9 4 1251 115 1250 1252
9 4 1413 1250 139 1415
9 4 1886 1252 1415 260
9 4 1251 1415 1413 1886
9 4 1251 1415 1886 1252
9 4 1251 1415 1252 1250
9 4 1251 1415 1250 1413
9 4 143 1433 876 868
9 4 1433 255 880 873
9 4 876 880 65 867
9 4 868 873 867 64
9 4 1433 867 876 868
9 4 1433 867 868 873
9 4 1433 867 873 880
9 4 1433 867 880 876
9 4 107 1214 1211 1212
9 4 1214 264 1883 1926
9 4 1211 1883 245 1881
9 4 1212 1926 1881 259
9 4 1214 1881 1211 1212
9 4 1214 1881 1212 1926
9 4 1214 1881 1926 1883
9 4 1214 1881 1883 1211
9 4 113 1246 1245 1175
9 4 1246 247 1521 1182
9 4 1245 1521 165 1181
9 4 1175 1182 1181 103
9 4 1246 1181 1245 1175
9 4 1246 1181 1175 1182
9 4 1246 1181 1182 1521
9 4 1246 1181 1521 1245
9 4 56 797 786 790
9 4 797 255 840 1408
9 4 786 840 60 834
9 4 790 1408 834 138
9 4 786 797 1408 790
9 4 786 790 1408 834
9 4 786 834 1408 840
9 4 786 840 1408 797
9 4 245 1218 1211 1882
9 4 1218 108 1209 1220
9 4 1211 1209 107 1213
9 4 1882 1220 1213 262
9 4 1218 1213 1211 1882
9 4 1218 1213 1882 1220
9 4 1218 1213 1220 1209
9 4 1218 1213 1209 1211
9 4 131 1160 388 1363
9 4 1160 101 386 1163
9 4 388 386 8 391
9 4 1363 1163 391 249
9 4 1160 391 388 1363
9 4 1160 391 1363 1163
9 4 1160 391 1163 386
9 4 1160 391 386 388
9 4 118 1187 1275 1278
9 4 1187 104 1192 1193
9 4 1275 1192 249 1900
9 4 1278 1193 1900 259
9 4 1187 1900 1275 1278
9 4 1187 1900 1278 1193
9 4 1187 1900 1193 1192
9 4 1187 1900 1192 1275
9 4 264 1221 347 1214
9 4 1221 108 342 1209
9 4 347 342 4 341
9 4 1214 1209 341 107
9 4 1214 1221 347 342
9 4 1214 347 341 342
9 4 1214 341 1209 342
9 4 1214 1209 1221 342
9 4 146 1441 1442 822
9 4 1441 249 1901 826
9 4 1442 1901 263 828
9 4 822 826 828 59
9 4 1441 828 1442 822
9 4 1441 828 822 826
9 4 1441 828 826 1901
9 4 1441 828 1901 1442
9 4 113 1244 1245 1247
9 4 1244 158 1481 1484
9 4 1245 1481 165 1522
9 4 1247 1484 1522 260
9 4 1244 1522 1245 1247
9 4 1244 1522 1247 1484
9 4 1244 1522 1484 1481
9 4 1244 1522 1481 1245
9 4 245 1530 1517 1882
9 4 1530 168 1516 1531
9 4 1517 1516 164 1519
9 4 1882 1531 1519 262
9 4 1517 1530 1531 1882
9 4 1517 1882 1531 1519
9 4 1517 1519 1531 1516
9 4 1517 1516 1531 1530
9 4 4 346 338 344
9 4 346 259 764 1454
9 4 338 764 53 763
9 4 344 1454 763 152
9 4 344 346 338 764
9 4 344 338 763 764
9 4 344 763 1454 764
9 4 344 1454 346 764
9 4 126 1336 959 1332
9 4 1336 260 969 1420
9 4 959 969 75 960
9 4 1332 1420 960 140
9 4 959 1336 1420 1332
9 4 959 1332 1420 960
9 4 959 960 1420 969
9 4 959 969 1420 1336
9 4 134 1382 1303 862
9 4 1382 250 1307 866
9 4 1303 1307 122 861
9 4 862 866 861 63
9 4 1303 1382 866 862
9 4 1303 862 866 861
9 4 1303 861 866 1307
9 4 1303 1307 866 1382
9 4 168 1190 1526 733
9 4 1190 104 1189 730
9 4 1526 1189 167 732
9 4 733 730 732 48
9 4 1190 732 1526 733
9 4 1190 732 733 730
9 4 1190 732 730 1189
9 4 1190 732 1189 1526
9 4 251 889 784 899
9 4 889 66 775 881
9 4 784 775 55 776
9 4 899 881 776 67
9 4 899 889 784 775
9 4 899 784 776 775
9 4 899 776 881 775
9 4 899 881 889 775
9 4 76 973 454 972
9 4 973 260 461 1447
9 4 454 461 14 458
9 4 972 1447 458 149
9 4 973 458 454 972
9 4 973 458 972 1447
9 4 973 458 1447 461
9 4 973 458 461 454
9 4 163 1512 1485 1513
9 4 1512 248 1489 1896
9 4 1485 1489 159 1490
9 4 1513 1896 1490 258
9 4 1512 1490 1485 1513
9 4 1512 1490 1513 1896
9 4 1512 1490 1896 1489
9 4 1512 1490 1489 1485
9 4 30 605 596 508
9 4 605 106 599 512
9 4 596 599 29 507
9 4 508 512 507 19
9 4 596 605 512 508
9 4 596 508 512 507
9 4 596 507 512 599
9 4 596 599 512 605
9 4 169 1171 1532 1240
9 4 1171 102 1172 1166
9 4 1532 1172 246 1241
9 4 1240 1166 1241 112
9 4 1171 1241 1532 1240
9 4 1171 1241 1240 1166
9 4 1171 1241 1166 1172
9 4 1171 1241 1172 1532
9 4 66 890 787 891
9 4 890 253 796 1915
9 4 787 796 56 797
9 4 891 1915 797 255
9 4 890 797 787 891
9 4 890 797 891 1915
9 4 890 797 1915 796
9 4 890 797 796 787
9 4 103 1183 1177 1179
9 4 1183 260 1336 1420
9 4 1177 1336 126 1332
9 4 1179 1420 1332 140
9 4 1179 1183 1177 1336
9 4 1179 1177 1332 1336
9 4 1179 1332 1420 1336
9 4 1179 1420 1183 1336
9 4 244 1493 1499 1466
9 4 1493 160 1491 1462
9 4 1499 1491 161 1463
9 4 1466 1462 1463 155
9 4 1493 1463 1499 1466
9 4 1493 1463 1466 1462
9 4 1493 1463 1462 1491
9 4 1493 1463 1491 1499
9 4 254 1208 1459 1227
9 4 1208 106 1203 1201
9 4 1459 1203 154 1223
9 4 1227 1201 1223 109
9 4 1208 1223 1459 1227
9 4 1208 1223 1227 1201
9 4 1208 1223 1201 1203
9 4 1208 1223 1203 1459
9 4 166 1229 1486 1525
9 4 1229 110 1228 1231
9 4 1486 1228 159 1489
9 4 1525 1231 1489 248
9 4 1525 1229 1486 1228
9 4 1525 1486 1489 1228
9 4 1525 1489 1231 1228
9 4 1525 1231 1229 1228
9 4 253 1850 1859 1868
9 4 1850 241 1843 1844
9 4 1859 1843 242 1855
9 4 1868 1844 1855 243
9 4 1850 1855 1859 1868
9 4 1850 1855 1868 1844
9 4 1850 1855 1844 1843
9 4 1850 1855 1843 1859
9 4 102 1172 1168 1173
9 4 1172 246 1413 1885
9 4 1168 1413 139 1414
9 4 1173 1885 1414 254
9 4 1172 1414 1168 1173
9 4 1172 1414 1173 1885
9 4 1172 1414 1885 1413
9 4 1172 1414 1413 1168
9 4 245 1846 1883 1882
9 4 1846 241 1854 1853
9 4 1883 1854 264 1927
9 4 1882 1853 1927 262
9 4 1846 1927 1883 1882
9 4 1846 1927 1882 1853
9 4 1846 1927 1853 1854
9 4 1846 1927 1854 1883
9 4 248 1895 1896 1856
9 4 1895 256 1921 1861
9 4 1896 1921 258 1862
9 4 1856 1861 1862 242
9 4 1895 1862 1896 1856
9 4 1895 1862 1856 1861
9 4 1895 1862 1861 1921
9 4 1895 1862 1921 1896
9 4 137 1197 1339 1401
9 4 1197 105 1196 1200
9 4 1339 1196 127 1343
9 4 1401 1200 1343 248
9 4 1197 1343 1339 1401
9 4 1197 1343 1401 1200
9 4 1197 1343 1200 1196
9 4 1197 1343 1196 1339
9 4 12 435 426 422
9 4 435 251 1296 949
9 4 426 1296 120 944
9 4 422 949 944 73
9 4 435 944 426 422
9 4 435 944 422 949
9 4 435 944 949 1296
9 4 435 944 1296 426
9 4 255 1391 372 1384
9 4 1391 135 365 1378
9 4 372 365 6 364
9 4 1384 1378 364 134
9 4 1391 364 372 1384
9 4 1391 364 1384 1378
9 4 1391 364 1378 365
9 4 1391 364 365 372
9 4 158 1484 687 1239
9 4 1484 260 688 1242
9 4 687 688 39 683
9 4 1239 1242 683 112
9 4 687 1484 1242 1239
9 4 687 1239 1242 683
9 4 687 683 1242 688
9 4 687 688 1242 1484
9 4 251 1909 889 1902
9 4 1909 255 891 1905
9 4 889 891 66 888
9 4 1902 1905 888 250
9 4 1909 888 889 1902
9 4 1909 888 1902 1905
9 4 1909 888 1905 891
9 4 1909 888 891 889
9 4 166 1229 1525 1198
9 4 1229 110 1231 1195
9 4 1525 1231 248 1200
9 4 1198 1195 1200 105
9 4 1229 1200 1525 1198
9 4 1229 1200 1198 1195
9 4 1229 1200 1195 1231
9 4 1229 1200 1231 1525
9 4 249 1192 1877 1900
9 4 1192 104 1191 1193
9 4 1877 1191 245 1881
9 4 1900 1193 1881 259
9 4 1900 1192 1877 1191
9 4 1900 1877 1881 1191
9 4 1900 1881 1193 1191
9 4 1900 1193 1192 1191
9 4 102 1172 1167 1168
9 4 1172 246 1251 1413
9 4 1167 1251 115 1250
9 4 1168 1413 1250 139
9 4 1168 1172 1167 1251
9 4 1168 1167 1250 1251
9 4 1168 1250 1413 1251
9 4 1168 1413 1172 1251
9 4 260 461 1447 969
9 4 461 14 458 453
9 4 1447 458 149 962
9 4 969 453 962 75
9 4 1447 461 453 969
9 4 1447 969 453 962
9 4 1447 962 453 458
9 4 1447 458 453 461
9 4 34 647 644 642
9 4 647 249 1363 1275
9 4 644 1363 131 1273
9 4 642 1275 1273 118
9 4 647 1273 644 642
9 4 647 1273 642 1275
9 4 647 1273 1275 1363
9 4 647 1273 1363 644
9 4 253 890 785 1908
9 4 890 66 775 889
9 4 785 775 55 784
9 4 1908 889 784 251
9 4 785 890 889 1908
9 4 785 1908 889 784
9 4 785 784 889 775
9 4 785 775 889 890
9 4 161 1498 1496 1495
9 4 1498 241 1510 1505
9 4 1496 1510 163 1502
9 4 1495 1505 1502 162
9 4 1498 1502 1496 1495
9 4 1498 1502 1495 1505
9 4 1498 1502 1505 1510
9 4 1498 1502 1510 1496
9 4 253 890 1908 1915
9 4 890 66 889 891
9 4 1908 889 251 1909
9 4 1915 891 1909 255
9 4 890 1909 1908 1915
9 4 890 1909 1915 891
9 4 890 1909 891 889
9 4 890 1909 889 1908
9 4 246 481 448 1374
9 4 481 16 436 477
9 4 448 436 13 442
9 4 1374 477 442 133
9 4 481 442 448 1374
9 4 481 442 1374 477
9 4 481 442 477 436
9 4 481 442 436 448
9 4 246 982 1444 1886
9 4 982 77 976 983
9 4 1444 976 148 1446
9 4 1886 983 1446 260
9 4 982 1446 1444 1886
9 4 982 1446 1886 983
9 4 982 1446 983 976
9 4 982 1446 976 1444
9 4 244 1488 1466 1511
9 4 1488 159 1461 1485
9 4 1466 1461 155 1464
9 4 1511 1485 1464 163
9 4 1488 1464 1466 1511
9 4 1488 1464 1511 1485
9 4 1488 1464 1485 1461
9 4 1488 1464 1461 1466
9 4 16 481 436 483
9 4 481 246 448 1887
9 4 436 448 13 450
9 4 483 1887 450 261
9 4 481 450 436 483
9 4 481 450 483 1887
9 4 481 450 1887 448
9 4 481 450 448 436
9 4 247 1182 1890 1335
9 4 1182 103 1183 1177
9 4 1890 1183 260 1336
9 4 1335 1177 1336 126
9 4 1182 1336 1890 1335
9 4 1182 1336 1335 1177
9 4 1182 1336 1177 1183
9 4 1182 1336 1183 1890
9 4 124 1320 1253 353
9 4 1320 264 1259 359
9 4 1253 1259 116 351
9 4 353 359 351 5
9 4 1320 351 1253 353
9 4 1320 351 353 359
9 4 1320 351 359 1259
9 4 1320 351 1259 1253
9 4 132 1178 1215 1368
9 4 1178 103 1174 1182
9 4 1215 1174 108 1219
9 4 1368 1182 1219 247
9 4 1178 1219 1215 1368
9 4 1178 1219 1368 1182
9 4 1178 1219 1182 1174
9 4 1178 1219 1174 1215
9 4 243 447 1870 1869
9 4 447 13 450 449
9 4 1870 450 261 1924
9 4 1869 449 1924 257
9 4 447 1924 1870 1869
9 4 447 1924 1869 449
9 4 447 1924 449 450
9 4 447 1924 450 1870
9 4 18 506 502 498
9 4 506 254 1427 1002
9 4 502 1427 141 996
9 4 498 1002 996 79
9 4 502 506 1002 498
9 4 502 498 1002 996
9 4 502 996 1002 1427
9 4 502 1427 1002 506
9 4 167 1235 1475 728
9 4 1235 111 1234 726
9 4 1475 1234 157 727
9 4 728 726 727 47
9 4 1235 727 1475 728
9 4 1235 727 728 726
9 4 1235 727 726 1234
9 4 1235 727 1234 1475
9 4 12 434 428 427
9 4 434 247 1325 1318
9 4 428 1325 125 1316
9 4 427 1318 1316 124
9 4 428 434 1318 427
9 4 428 427 1318 1316
9 4 428 1316 1318 1325
9 4 428 1325 1318 434
9 4 15 463 464 472
9 4 463 39 682 688
9 4 464 682 76 973
9 4 472 688 973 260
9 4 472 463 464 682
9 4 472 464 973 682
9 4 472 973 688 682
9 4 472 688 463 682
9 4 105 1199 1194 1196
9 4 1199 244 1207 1342
9 4 1194 1207 106 1202
9 4 1196 1342 1202 127
9 4 1199 1202 1194 1196
9 4 1199 1202 1196 1342
9 4 1199 1202 1342 1207
9 4 1199 1202 1207 1194
9 4 246 481 1374 1885
9 4 481 16 477 482
9 4 1374 477 133 1375
9 4 1885 482 1375 254
9 4 481 1375 1374 1885
9 4 481 1375 1885 482
9 4 481 1375 482 477
9 4 481 1375 477 1374
9 4 80 1007 597 499
9 4 1007 109 600 501
9 4 597 600 29 497
9 4 499 501 497 18
9 4 1007 497 597 499
9 4 1007 497 499 501
9 4 1007 497 501 600
9 4 1007 497 600 597
9 4 133 1375 477 1281
9 4 1375 254 482 1287
9 4 477 482 16 476
9 4 1281 1287 476 119
9 4 1375 476 477 1281
9 4 1375 476 1281 1287
9 4 1375 476 1287 482
9 4 1375 476 482 477
9 4 246 481 1885 1887
9 4 481 16 482 483
9 4 1885 482 254 1919
9 4 1887 483 1919 261
9 4 1887 481 1885 482
9 4 1887 1885 1919 482
9 4 1887 1919 483 482
9 4 1887 483 481 482
9 4 264 1854 1892 1927
9 4 1854 241 1848 1853
9 4 1892 1848 247 1891
9 4 1927 1853 1891 262
9 4 1854 1891 1892 1927
9 4 1854 1891 1927 1853
9 4 1854 1891 1853 1848
9 4 1854 1891 1848 1892
9 4 109 1225 1165 1227
9 4 1225 169 1171 1533
9 4 1165 1171 102 1173
9 4 1227 1533 1173 254
9 4 1165 1225 1533 1227
9 4 1165 1227 1533 1173
9 4 1165 1173 1533 1171
9 4 1165 1171 1533 1225
9 4 139 1415 468 975
9 4 1415 260 472 983
9 4 468 472 15 465
9 4 975 983 465 77
9 4 1415 465 468 975
9 4 1415 465 975 983
9 4 1415 465 983 472
9 4 1415 465 472 468
9 4 111 1236 1234 721
9 4 1236 170 1476 723
9 4 1234 1476 157 722
9 4 721 723 722 46
9 4 1236 722 1234 721
9 4 1236 722 721 723
9 4 1236 722 723 1476
9 4 1236 722 1476 1234
9 4 244 1511 1466 1499
9 4 1511 163 1464 1496
9 4 1466 1464 155 1463
9 4 1499 1496 1463 161
9 4 1499 1511 1466 1464
9 4 1499 1466 1463 1464
9 4 1499 1463 1496 1464
9 4 1499 1496 1511 1464
9 4 108 1217 1216 736
9 4 1217 168 1470 738
9 4 1216 1470 156 737
9 4 736 738 737 49
9 4 1217 737 1216 736
9 4 1217 737 736 738
9 4 1217 737 738 1470
9 4 1217 737 1470 1216
9 4 103 1180 1181 740
9 4 1180 156 1469 742
9 4 1181 1469 165 743
9 4 740 742 743 50
9 4 1180 743 1181 740
9 4 1180 743 740 742
9 4 1180 743 742 1469
9 4 1180 743 1469 1181
9 4 31 619 616 620
9 4 619 248 1401 1897
9 4 616 1401 137 1402
9 4 620 1897 1402 263
9 4 619 1402 616 620
9 4 619 1402 620 1897
9 4 619 1402 1897 1401
9 4 619 1402 1401 616
9 4 109 1222 501 1227
9 4 1222 141 502 1427
9 4 501 502 18 506
9 4 1227 1427 506 254
9 4 1222 506 501 1227
9 4 1222 506 1227 1427
9 4 1222 506 1427 502
9 4 1222 506 502 501
9 4 262 1514 1925 1853
9 4 1514 163 1513 1510
9 4 1925 1513 258 1851
9 4 1853 1510 1851 241
9 4 1925 1514 1510 1853
9 4 1925 1853 1510 1851
9 4 1925 1851 1510 1513
9 4 1925 1513 1510 1514
9 4 66 888 881 889
9 4 888 250 898 1902
9 4 881 898 67 899
9 4 889 1902 899 251
9 4 889 888 881 898
9 4 889 881 899 898
9 4 889 899 1902 898
9 4 889 1902 888 898
9 4 104 1187 640 1188
9 4 1187 118 642 1272
9 4 640 642 34 643
9 4 1188 1272 643 129
9 4 1187 643 640 1188
9 4 1187 643 1188 1272
9 4 1187 643 1272 642
9 4 1187 643 642 640
9 4 250 888 1432 1905
9 4 888 66 883 891
9 4 1432 883 143 1433
9 4 1905 891 1433 255
9 4 888 1433 1432 1905
9 4 888 1433 1905 891
9 4 888 1433 891 883
9 4 888 1433 883 1432
9 4 166 1206 1465 708
9 4 1206 106 1204 706
9 4 1465 1204 155 707
9 4 708 706 707 43
9 4 1206 707 1465 708
9 4 1206 707 708 706
9 4 1206 707 706 1204
9 4 1206 707 1204 1465
9 4 264 1369 1259 772
9 4 1369 132 1256 766
9 4 1259 1256 116 765
9 4 772 766 765 54
9 4 1369 765 1259 772
9 4 1369 765 772 766
9 4 1369 765 766 1256
9 4 1369 765 1256 1259
9 4 106 1205 1204 700
9 4 1205 160 1462 703
9 4 1204 1462 155 702
9 4 700 703 702 42
9 4 1205 702 1204 700
9 4 1205 702 700 703
9 4 1205 702 703 1462
9 4 1205 702 1462 1204
9 4 118 1187 642 1275
9 4 1187 104 640 1192
9 4 642 640 34 647
9 4 1275 1192 647 249
9 4 1187 647 642 1275
9 4 1187 647 1275 1192
9 4 1187 647 1192 640
9 4 1187 647 640 642
9 4 8 387 388 382
9 4 387 111 1233 635
9 4 388 1233 131 636
9 4 382 635 636 33
9 4 387 636 388 382
9 4 387 636 382 635
9 4 387 636 635 1233
9 4 387 636 1233 388
9 4 101 1162 1158 1164
9 4 1162 248 1231 1897
9 4 1158 1231 110 1232
9 4 1164 1897 1232 263
9 4 1162 1232 1158 1164
9 4 1162 1232 1164 1897
9 4 1162 1232 1897 1231
9 4 1162 1232 1231 1158
9 4 256 1923 808 1895
9 4 1923 263 809 1897
9 4 808 809 57 807
9 4 1895 1897 807 248
9 4 1923 807 808 1895
9 4 1923 807 1895 1897
9 4 1923 807 1897 809
9 4 1923 807 809 808
9 4 256 1440 404 1920
9 4 1440 145 399 1439
9 4 404 399 9 403
9 4 1920 1439 403 255
9 4 404 1440 1439 1920
9 4 404 1920 1439 403
9 4 404 403 1439 399
9 4 404 399 1439 1440
9 4 103 1183 1179 1176
9 4 1183 260 1420 1249
9 4 1179 1420 140 1248
9 4 1176 1249 1248 114
9 4 1183 1248 1179 1176
9 4 1183 1248 1176 1249
9 4 1183 1248 1249 1420
9 4 1183 1248 1420 1179
9 4 250 1307 866 859
9 4 1307 122 861 855
9 4 866 861 63 851
9 4 859 855 851 62
9 4 859 1307 866 861
9 4 859 866 851 861
9 4 859 851 855 861
9 4 859 855 1307 861
9 4 55 785 781 774
9 4 785 253 1452 796
9 4 781 1452 151 791
9 4 774 796 791 56
9 4 785 791 781 774
9 4 785 791 774 796
9 4 785 791 796 1452
9 4 785 791 1452 781
9 4 256 1920 1916 1861
9 4 1920 255 1915 1860
9 4 1916 1915 253 1859
9 4 1861 1860 1859 242
9 4 1920 1859 1916 1861
9 4 1920 1859 1861 1860
9 4 1920 1859 1860 1915
9 4 1920 1859 1915 1916
9 4 52 754 758 757
9 4 754 245 1883 1881
9 4 758 1883 264 1926
9 4 757 1881 1926 259
9 4 754 1926 758 757
9 4 754 1926 757 1881
9 4 754 1926 1881 1883
9 4 754 1926 1883 758
9 4 113 1244 684 314
9 4 1244 158 687 315
9 4 684 687 39 310
9 4 314 315 310 1
9 4 1244 310 684 314
9 4 1244 310 314 315
9 4 1244 310 315 687
9 4 1244 310 687 684
9 4 134 1383 489 1382
9 4 1383 252 494 1903
9 4 489 494 17 493
9 4 1382 1903 493 250
9 4 1383 493 489 1382
9 4 1383 493 1382 1903
9 4 1383 493 1903 494
9 4 1383 493 494 489
9 4 167 1529 1515 1475
9 4 1529 258 1518 1478
9 4 1515 1518 164 1474
9 4 1475 1478 1474 157
9 4 1529 1474 1515 1475
9 4 1529 1474 1475 1478
9 4 1529 1474 1478 1518
9 4 1529 1474 1518 1515
9 4 55 784 776 780
9 4 784 251 899 1315
9 4 776 899 67 894
9 4 780 1315 894 123
9 4 776 784 1315 780
9 4 776 780 1315 894
9 4 776 894 1315 899
9 4 776 899 1315 784
9 4 156 1180 1216 742
9 4 1180 103 1174 740
9 4 1216 1174 108 741
9 4 742 740 741 50
9 4 1180 741 1216 742
9 4 1180 741 742 740
9 4 1180 741 740 1174
9 4 1180 741 1174 1216
9 4 256 404 827 1347
9 4 404 9 394 398
9 4 827 394 59 819
9 4 1347 398 819 128
9 4 1347 404 827 394
9 4 1347 827 819 394
9 4 1347 819 398 394
9 4 1347 398 404 394
9 4 253 358 785 1452
9 4 358 5 349 355
9 4 785 349 55 781
9 4 1452 355 781 151
9 4 358 781 785 1452
9 4 358 781 1452 355
9 4 358 781 355 349
9 4 358 781 349 785
9 4 253 358 1908 785
9 4 358 5 357 349
9 4 1908 357 251 784
9 4 785 349 784 55
9 4 785 358 1908 357
9 4 785 1908 784 357
9 4 785 784 349 357
9 4 785 349 358 357
9 4 101 1160 386 1159
9 4 1160 131 388 1233
9 4 386 388 8 387
9 4 1159 1233 387 111
9 4 1160 387 386 1159
9 4 1160 387 1159 1233
9 4 1160 387 1233 388
9 4 1160 387 388 386
9 4 256 1923 827 808
9 4 1923 263 828 809
9 4 827 828 59 798
9 4 808 809 798 57
9 4 808 1923 827 828
9 4 808 827 798 828
9 4 808 798 809 828
9 4 808 809 1923 828
9 4 139 1415 1250 468
9 4 1415 260 1252 472
9 4 1250 1252 115 467
9 4 468 472 467 15
9 4 1250 1415 472 468
9 4 1250 468 472 467
9 4 1250 467 472 1252
9 4 1250 1252 472 1415
9 4 166 1206 708 1198
9 4 1206 106 706 1194
9 4 708 706 43 705
9 4 1198 1194 705 105
9 4 1206 705 708 1198
9 4 1206 705 1198 1194
9 4 1206 705 1194 706
9 4 1206 705 706 708
9 4 110 1229 1228 711
9 4 1229 166 1486 713
9 4 1228 1486 159 712
9 4 711 713 712 44
9 4 1229 712 1228 711
9 4 1229 712 711 713
9 4 1229 712 713 1486
9 4 1229 712 1486 1228
9 4 257 449 993 909
9 4 449 13 440 437
9 4 993 440 78 902
9 4 909 437 902 68
9 4 909 449 993 440
9 4 909 993 902 440
9 4 909 902 437 440
9 4 909 437 449 440
9 4 243 1867 1855 1865
9 4 1867 252 1858 1903
9 4 1855 1858 242 1857
9 4 1865 1903 1857 250
9 4 1867 1857 1855 1865
9 4 1867 1857 1865 1903
9 4 1867 1857 1903 1858
9 4 1867 1857 1858 1855
9 4 59 828 822 798
9 4 828 263 1442 809
9 4 822 1442 146 803
9 4 798 809 803 57
9 4 828 803 822 798
9 4 828 803 798 809
9 4 828 803 809 1442
9 4 828 803 1442 822
9 4 253 1917 1916 1859
9 4 1917 258 1921 1862
9 4 1916 1921 256 1861
9 4 1859 1862 1861 242
9 4 1917 1861 1916 1859
9 4 1917 1861 1859 1862
9 4 1917 1861 1862 1921
9 4 1917 1861 1921 1916
9 4 262 1514 1853 1508
9 4 1514 163 1510 1502
9 4 1853 1510 241 1505
9 4 1508 1502 1505 162
9 4 1514 1505 1853 1508
9 4 1514 1505 1508 1502
9 4 1514 1505 1502 1510
9 4 1514 1505 1510 1853
9 4 148 1446 976 961
9 4 1446 260 983 969
9 4 976 983 77 957
9 4 961 969 957 75
9 4 1446 957 976 961
9 4 1446 957 961 969
9 4 1446 957 969 983
9 4 1446 957 983 976
9 4 264 1320 1259 1892
9 4 1320 124 1253 1318
9 4 1259 1253 116 1258
9 4 1892 1318 1258 247
9 4 1320 1258 1259 1892
9 4 1320 1258 1892 1318
9 4 1320 1258 1318 1253
9 4 1320 1258 1253 1259
9 4 5 357 349 352
9 4 357 251 784 1296
9 4 349 784 55 779
9 4 352 1296 779 120
9 4 357 779 349 352
9 4 357 779 352 1296
9 4 357 779 1296 784
9 4 357 779 784 349
9 4 126 1335 1255 1323
9 4 1335 247 1258 1325
9 4 1255 1258 116 1254
9 4 1323 1325 1254 125
9 4 1255 1335 1325 1323
9 4 1255 1323 1325 1254
9 4 1255 1254 1325 1258
9 4 1255 1258 1325 1335
9 4 31 619 612 616
9 4 619 248 1200 1401
9 4 612 1200 105 1197
9 4 616 1401 1197 137
9 4 619 1197 612 616
9 4 619 1197 616 1401
9 4 619 1197 1401 1200
9 4 619 1197 1200 612
9 4 263 1397 1402 809
9 4 1397 136 1394 800
9 4 1402 1394 137 801
9 4 809 800 801 57
9 4 1397 801 1402 809
9 4 1397 801 809 800
9 4 1397 801 800 1394
9 4 1397 801 1394 1402
9 4 151 1453 1448 1452
9 4 1453 264 1451 1918
9 4 1448 1451 150 1450
9 4 1452 1918 1450 253
9 4 1453 1450 1448 1452
9 4 1453 1450 1452 1918
9 4 1453 1450 1918 1451
9 4 1453 1450 1451 1448
9 4 261 1309 495 1907
9 4 1309 122 488 1307
9 4 495 488 17 493
9 4 1907 1307 493 250
9 4 1309 493 495 1907
9 4 1309 493 1907 1307
9 4 1309 493 1307 488
9 4 1309 493 488 495
9 4 109 1225 1224 696
9 4 1225 169 1492 698
9 4 1224 1492 160 697
9 4 696 698 697 41
9 4 1225 697 1224 696
9 4 1225 697 696 698
9 4 1225 697 698 1492
9 4 1225 697 1492 1224
9 4 167 1235 728 1189
9 4 1235 111 726 1186
9 4 728 726 47 725
9 4 1189 1186 725 104
9 4 1235 725 728 1189
9 4 1235 725 1189 1186
9 4 1235 725 1186 726
9 4 1235 725 726 728
9 4 261 1003 1457 483
9 4 1003 79 997 474
9 4 1457 997 153 478
9 4 483 474 478 16
9 4 1003 478 1457 483
9 4 1003 478 483 474
9 4 1003 478 474 997
9 4 1003 478 997 1457
9 4 4 341 338 346
9 4 341 107 762 1212
9 4 338 762 53 764
9 4 346 1212 764 259
9 4 346 341 338 762
9 4 346 338 764 762
9 4 346 764 1212 762
9 4 346 1212 341 762
9 4 144 1435 920 913
9 4 1435 257 925 916
9 4 920 925 70 910
9 4 913 916 910 69
9 4 913 1435 920 925
9 4 913 920 910 925
9 4 913 910 916 925
9 4 913 916 1435 925
9 4 106 1205 700 1201
9 4 1205 160 703 1224
9 4 700 703 42 701
9 4 1201 1224 701 109
9 4 1205 701 700 1201
9 4 1205 701 1201 1224
9 4 1205 701 1224 703
9 4 1205 701 703 700
9 4 261 1907 1870 1924
9 4 1907 250 1865 1906
9 4 1870 1865 243 1869
9 4 1924 1906 1869 257
9 4 1907 1869 1870 1924
9 4 1907 1869 1924 1906
9 4 1907 1869 1906 1865
9 4 1907 1869 1865 1870
9 4 258 1536 1490 1478
9 4 1536 170 1487 1476
9 4 1490 1487 159 1472
9 4 1478 1476 1472 157
9 4 1536 1472 1490 1478
9 4 1536 1472 1478 1476
9 4 1536 1472 1476 1487
9 4 1536 1472 1487 1490
9 4 252 1912 1858 1903
9 4 1912 255 1860 1905
9 4 1858 1860 242 1857
9 4 1903 1905 1857 250
9 4 1912 1857 1858 1903
9 4 1912 1857 1903 1905
9 4 1912 1857 1905 1860
9 4 1912 1857 1860 1858
9 4 247 1258 1325 1318
9 4 1258 116 1254 1253
9 4 1325 1254 125 1316
9 4 1318 1253 1316 124
9 4 1318 1258 1325 1254
9 4 1318 1325 1316 1254
9 4 1318 1316 1253 1254
9 4 1318 1253 1258 1254
9 4 249 1893 1898 1899
9 4 1893 248 1895 1896
9 4 1898 1895 256 1921
9 4 1899 1896 1921 258
9 4 1893 1921 1898 1899
9 4 1893 1921 1899 1896
9 4 1893 1921 1896 1895
9 4 1893 1921 1895 1898
9 4 166 1229 1198 713
9 4 1229 110 1195 711
9 4 1198 1195 105 710
9 4 713 711 710 44
9 4 1229 710 1198 713
9 4 1229 710 713 711
9 4 1229 710 711 1195
9 4 1229 710 1195 1198
9 4 264 1453 359 1918
9 4 1453 151 355 1452
9 4 359 355 5 358
9 4 1918 1452 358 253
9 4 1453 358 359 1918
9 4 1453 358 1918 1452
9 4 1453 358 1452 355
9 4 1453 358 355 359
9 4 170 1236 1161 723
9 4 1236 111 1159 721
9 4 1161 1159 101 720
9 4 723 721 720 46
9 4 1236 720 1161 723
9 4 1236 720 723 721
9 4 1236 720 721 1159
9 4 1236 720 1159 1161
9 4 145 1440 399 821
9 4 1440 256 404 827
9 4 399 404 9 394
9 4 821 827 394 59
9 4 1440 394 399 821
9 4 1440 394 821 827
9 4 1440 394 827 404
9 4 1440 394 404 399
9 4 34 647 641 644
9 4 647 249 1237 1363
9 4 641 1237 111 1233
9 4 644 1363 1233 131
9 4 647 1233 641 644
9 4 647 1233 644 1363
9 4 647 1233 1363 1237
9 4 647 1233 1237 641
9 4 170 1230 1487 718
9 4 1230 110 1228 716
9 4 1487 1228 159 717
9 4 718 716 717 45
9 4 1230 717 1487 718
9 4 1230 717 718 716
9 4 1230 717 716 1228
9 4 1230 717 1228 1487
9 4 246 1241 1251 1886
9 4 1241 112 1238 1242
9 4 1251 1238 115 1252
9 4 1886 1242 1252 260
9 4 1251 1241 1242 1886
9 4 1251 1886 1242 1252
9 4 1251 1252 1242 1238
9 4 1251 1238 1242 1241
9 4 101 1160 1159 1163
9 4 1160 131 1233 1363
9 4 1159 1233 111 1237
9 4 1163 1363 1237 249
9 4 1163 1160 1159 1233
9 4 1163 1159 1237 1233
9 4 1163 1237 1363 1233
9 4 1163 1363 1160 1233
9 4 81 1018 485 1010
9 4 1018 252 494 1268
9 4 485 494 17 487
9 4 1010 1268 487 117
9 4 1018 487 485 1010
9 4 1018 487 1010 1268
9 4 1018 487 1268 494
9 4 1018 487 494 485
9 4 132 1178 1331 672
9 4 1178 103 1177 669
9 4 1331 1177 126 671
9 4 672 669 671 37
9 4 1178 671 1331 672
9 4 1178 671 672 669
9 4 1178 671 669 1177
9 4 1178 671 1177 1331
9 4 254 1208 1227 1874
9 4 1208 106 1201 1207
9 4 1227 1201 109 1226
9 4 1874 1207 1226 244
9 4 1208 1226 1227 1874
9 4 1208 1226 1874 1207
9 4 1208 1226 1207 1201
9 4 1208 1226 1201 1227
9 4 104 1190 1185 730
9 4 1190 168 1210 733
9 4 1185 1210 107 731
9 4 730 733 731 48
9 4 1190 731 1185 730
9 4 1190 731 730 733
9 4 1190 731 733 1210
9 4 1190 731 1210 1185
9 4 168 1217 1210 738
9 4 1217 108 1209 736
9 4 1210 1209 107 735
9 4 738 736 735 49
9 4 1217 735 1210 738
9 4 1217 735 738 736
9 4 1217 735 736 1209
9 4 1217 735 1209 1210
9 4 241 1846 1851 1853
9 4 1846 245 1880 1882
9 4 1851 1880 258 1925
9 4 1853 1882 1925 262
9 4 1846 1925 1851 1853
9 4 1846 1925 1853 1882
9 4 1846 1925 1882 1880
9 4 1846 1925 1880 1851
9 4 255 1439 403 1443
9 4 1439 145 399 1436
9 4 403 399 9 400
9 4 1443 1436 400 147
9 4 1439 400 403 1443
9 4 1439 400 1443 1436
9 4 1439 400 1436 399
9 4 1439 400 399 403
9 4 150 1450 323 1448
9 4 1450 253 326 1452
9 4 323 326 2 324
9 4 1448 1452 324 151
9 4 323 1450 1452 1448
9 4 323 1448 1452 324
9 4 323 324 1452 326
9 4 323 326 1452 1450
9 4 145 1439 367 1436
9 4 1439 255 372 1443
9 4 367 372 6 368
9 4 1436 1443 368 147
9 4 1439 368 367 1436
9 4 1439 368 1436 1443
9 4 1439 368 1443 372
9 4 1439 368 372 367
9 4 253 1917 1878 1916
9 4 1917 258 1880 1921
9 4 1878 1880 245 1879
9 4 1916 1921 1879 256
9 4 1917 1879 1878 1916
9 4 1917 1879 1916 1921
9 4 1917 1879 1921 1880
9 4 1917 1879 1880 1878
9 4 256 404 1916 1920
9 4 404 9 402 403
9 4 1916 402 253 1915
9 4 1920 403 1915 255
9 4 1920 404 1916 402
9 4 1920 1916 1915 402
9 4 1920 1915 403 402
9 4 1920 403 404 402
9 4 16 482 483 474
9 4 482 254 1919 1002
9 4 483 1919 261 1003
9 4 474 1002 1003 79
9 4 482 1003 483 474
9 4 482 1003 474 1002
9 4 482 1003 1002 1919
9 4 482 1003 1919 483
9 4 251 899 1315 933
9 4 899 67 894 892
9 4 1315 894 123 928
9 4 933 892 928 71
9 4 899 928 1315 933
9 4 899 928 933 892
9 4 899 928 892 894
9 4 899 928 894 1315
9 4 105 1197 1196 612
9 4 1197 137 1339 616
9 4 1196 1339 127 614
9 4 612 616 614 31
9 4 1197 614 1196 612
9 4 1197 614 612 616
9 4 1197 614 616 1339
9 4 1197 614 1339 1196
9 4 110 1230 1158 716
9 4 1230 170 1161 718
9 4 1158 1161 101 715
9 4 716 718 715 45
9 4 1230 715 1158 716
9 4 1230 715 716 718
9 4 1230 715 718 1161
9 4 1230 715 1161 1158
9 4 256 1923 1898 827
9 4 1923 263 1901 828
9 4 1898 1901 249 826
9 4 827 828 826 59
9 4 1923 826 1898 827
9 4 1923 826 827 828
9 4 1923 826 828 1901
9 4 1923 826 1901 1898
9 4 144 1434 937 929
9 4 1434 251 941 933
9 4 937 941 72 926
9 4 929 933 926 71
9 4 929 1434 937 941
9 4 929 937 926 941
9 4 929 926 933 941
9 4 929 933 1434 941
9 4 255 1408 880 840
9 4 1408 138 875 834
9 4 880 875 65 832
9 4 840 834 832 60
9 4 840 1408 880 875
9 4 840 880 832 875
9 4 840 832 834 875
9 4 840 834 1408 875
9 4 264 758 1455 1451
9 4 758 52 750 749
9 4 1455 750 152 1449
9 4 1451 749 1449 150
9 4 758 1449 1455 1451
9 4 758 1449 1451 749
9 4 758 1449 749 750
9 4 758 1449 750 1455
9 4 158 1244 1481 315
9 4 1244 113 1245 314
9 4 1481 1245 165 316
9 4 315 314 316 1
9 4 1244 316 1481 315
9 4 1244 316 315 314
9 4 1244 316 314 1245
9 4 1244 316 1245 1481
9 4 16 482 474 476
9 4 482 254 1002 1287
9 4 474 1002 79 995
9 4 476 1287 995 119
9 4 482 995 474 476
9 4 482 995 476 1287
9 4 482 995 1287 1002
9 4 482 995 1002 474
9 4 250 1904 1902 1905
9 4 1904 253 1908 1915
9 4 1902 1908 251 1909
9 4 1905 1915 1909 255
9 4 1904 1909 1902 1905
9 4 1904 1909 1905 1915
9 4 1904 1909 1915 1908
9 4 1904 1909 1908 1902
9 4 259 1278 1352 757
9 4 1278 118 1272 747
9 4 1352 1272 129 748
9 4 757 747 748 52
9 4 1278 748 1352 757
9 4 1278 748 757 747
9 4 1278 748 747 1272
9 4 1278 748 1272 1352
9 4 245 1517 1880 1882
9 4 1517 164 1518 1519
9 4 1880 1518 258 1925
9 4 1882 1519 1925 262
9 4 1517 1925 1880 1882
9 4 1517 1925 1882 1519
9 4 1517 1925 1519 1518
9 4 1517 1925 1518 1880
9 4 245 1191 1211 1881
9 4 1191 104 1185 1193
9 4 1211 1185 107 1212
9 4 1881 1193 1212 259
9 4 1211 1191 1193 1881
9 4 1211 1881 1193 1212
9 4 1211 1212 1193 1185
9 4 1211 1185 1193 1191
9 4 256 1923 1895 1898
9 4 1923 263 1897 1901
9 4 1895 1897 248 1893
9 4 1898 1901 1893 249
9 4 1923 1893 1895 1898
9 4 1923 1893 1898 1901
9 4 1923 1893 1901 1897
9 4 1923 1893 1897 1895
9 4 2 327 321 322
9 4 327 256 1277 1347
9 4 321 1277 118 1271
9 4 322 1347 1271 128
9 4 321 327 1347 322
9 4 321 322 1347 1271
9 4 321 1271 1347 1277
9 4 321 1277 1347 327
9 4 144 1435 913 905
9 4 1435 257 916 909
9 4 913 916 69 900
9 4 905 909 900 68
9 4 1435 900 913 905
9 4 1435 900 905 909
9 4 1435 900 909 916
9 4 1435 900 916 913
9 4 151 1453 355 1448
9 4 1453 264 359 1451
9 4 355 359 5 354
9 4 1448 1451 354 150
9 4 1453 354 355 1448
9 4 1453 354 1448 1451
9 4 1453 354 1451 359
9 4 1453 354 359 355
9 4 137 1401 1394 1402
9 4 1401 248 1396 1897
9 4 1394 1396 136 1397
9 4 1402 1897 1397 263
9 4 1401 1397 1394 1402
9 4 1401 1397 1402 1897
9 4 1401 1397 1897 1396
9 4 1401 1397 1396 1394
9 4 15 463 299 464
9 4 463 39 302 682
9 4 299 302 0 303
9 4 464 682 303 76
9 4 299 463 682 464
9 4 299 464 682 303
9 4 299 303 682 302
9 4 299 302 682 463
9 4 34 647 640 641
9 4 647 249 1192 1237
9 4 640 1192 104 1186
9 4 641 1237 1186 111
9 4 641 647 640 1192
9 4 641 640 1186 1192
9 4 641 1186 1237 1192
9 4 641 1237 647 1192
9 4 243 1867 1865 1870
9 4 1867 252 1903 1914
9 4 1865 1903 250 1907
9 4 1870 1914 1907 261
9 4 1867 1907 1865 1870
9 4 1867 1907 1870 1914
9 4 1867 1907 1914 1903
9 4 1867 1907 1903 1865
9 4 248 807 1396 1897
9 4 807 57 800 809
9 4 1396 800 136 1397
9 4 1897 809 1397 263
9 4 807 1397 1396 1897
9 4 807 1397 1897 809
9 4 807 1397 809 800
9 4 807 1397 800 1396
9 4 109 1222 590 501
9 4 1222 141 591 502
9 4 590 591 28 496
9 4 501 502 496 18
9 4 1222 496 590 501
9 4 1222 496 501 502
9 4 1222 496 502 591
9 4 1222 496 591 590
9 4 251 784 941 1315
9 4 784 55 777 780
9 4 941 777 72 936
9 4 1315 780 936 123
9 4 1315 784 941 777
9 4 1315 941 936 777
9 4 1315 936 780 777
9 4 1315 780 784 777
9 4 39 687 683 310
9 4 687 158 1239 315
9 4 683 1239 112 313
9 4 310 315 313 1
9 4 687 313 683 310
9 4 687 313 310 315
9 4 687 313 315 1239
9 4 687 313 1239 683
9 4 141 1169 1422 1427
9 4 1169 102 1170 1173
9 4 1422 1170 142 1430
9 4 1427 1173 1430 254
9 4 1169 1430 1422 1427
9 4 1169 1430 1427 1173
9 4 1169 1430 1173 1170
9 4 1169 1430 1170 1422
9 4 107 332 762 1212
9 4 332 3 330 336
9 4 762 330 53 764
9 4 1212 336 764 259
9 4 332 764 762 1212
9 4 332 764 1212 336
9 4 332 764 336 330
9 4 332 764 330 762
9 4 109 1007 600 1201
9 4 1007 80 597 1006
9 4 600 597 29 599
9 4 1201 1006 599 106
9 4 1007 599 600 1201
9 4 1007 599 1201 1006
9 4 1007 599 1006 597
9 4 1007 599 597 600
9 4 106 1202 512 605
9 4 1202 127 513 606
9 4 512 513 19 508
9 4 605 606 508 30
9 4 605 1202 512 513
9 4 605 512 508 513
9 4 605 508 606 513
9 4 605 606 1202 513
9 4 8 386 383 392
9 4 386 101 815 1164
9 4 383 815 58 817
9 4 392 1164 817 263
9 4 392 386 383 815
9 4 392 383 817 815
9 4 392 817 1164 815
9 4 392 1164 386 815
9 4 118 1277 818 1271
9 4 1277 256 827 1347
9 4 818 827 59 819
9 4 1271 1347 819 128
9 4 818 1277 1347 1271
9 4 818 1271 1347 819
9 4 818 819 1347 827
9 4 818 827 1347 1277
9 4 252 1383 494 1390
9 4 1383 134 489 1378
9 4 494 489 17 490
9 4 1390 1378 490 135
9 4 1383 490 494 1390
9 4 1383 490 1390 1378
9 4 1383 490 1378 489
9 4 1383 490 489 494
9 4 251 1296 949 941
9 4 1296 120 944 935
9 4 949 944 73 934
9 4 941 935 934 72
9 4 949 1296 935 941
9 4 949 941 935 934
9 4 949 934 935 944
9 4 949 944 935 1296
9 4 152 1455 1449 768
9 4 1455 264 1451 772
9 4 1449 1451 150 767
9 4 768 772 767 54
9 4 1449 1455 772 768
9 4 1449 768 772 767
9 4 1449 767 772 1451
9 4 1449 1451 772 1455
9 4 142 1430 1284 1422
9 4 1430 254 1287 1427
9 4 1284 1287 119 1283
9 4 1422 1427 1283 141
9 4 1430 1283 1284 1422
9 4 1430 1283 1422 1427
9 4 1430 1283 1427 1287
9 4 1430 1283 1287 1284
9 4 262 1514 1519 1925
9 4 1514 163 1509 1513
9 4 1519 1509 164 1518
9 4 1925 1513 1518 258
9 4 1514 1518 1519 1925
9 4 1514 1518 1925 1513
9 4 1514 1518 1513 1509
9 4 1514 1518 1509 1519
9 4 103 1179 1177 675
9 4 1179 140 1332 678
9 4 1177 1332 126 677
9 4 675 678 677 38
9 4 1179 677 1177 675
9 4 1179 677 675 678
9 4 1179 677 678 1332
9 4 1179 677 1332 1177
9 4 108 342 664 1215
9 4 342 4 337 343
9 4 664 337 36 665
9 4 1215 343 665 132
9 4 342 665 664 1215
9 4 342 665 1215 343
9 4 342 665 343 337
9 4 342 665 337 664
9 4 169 1225 1171 698
9 4 1225 109 1165 696
9 4 1171 1165 102 695
9 4 698 696 695 41
9 4 1225 695 1171 698
9 4 1225 695 698 696
9 4 1225 695 696 1165
9 4 1225 695 1165 1171
9 4 251 949 1434 941
9 4 949 73 945 934
9 4 1434 945 144 937
9 4 941 934 937 72
9 4 949 937 1434 941
9 4 949 937 941 934
9 4 949 937 934 945
9 4 949 937 945 1434
9 4 120 1296 779 935
9 4 1296 251 784 941
9 4 779 784 55 777
9 4 935 941 777 72
9 4 1296 777 779 935
9 4 1296 777 935 941
9 4 1296 777 941 784
9 4 1296 777 784 779
9 4 72 941 936 926
9 4 941 251 1315 933
9 4 936 1315 123 928
9 4 926 933 928 71
9 4 926 941 936 1315
9 4 926 936 928 1315
9 4 926 928 933 1315
9 4 926 933 941 1315
9 4 248 619 1231 1897
9 4 619 31 613 620
9 4 1231 613 110 1232
9 4 1897 620 1232 263
9 4 619 1232 1231 1897
9 4 619 1232 1897 620
9 4 619 1232 620 613
9 4 619 1232 613 1231
9 4 264 758 1926 1455
9 4 758 52 757 750
9 4 1926 757 259 1454
9 4 1455 750 1454 152
9 4 758 1454 1926 1455
9 4 758 1454 1455 750
9 4 758 1454 750 757
9 4 758 1454 757 1926
9 4 8 387 382 386
9 4 387 111 635 1159
9 4 382 635 33 634
9 4 386 1159 634 101
9 4 387 634 382 386
9 4 387 634 386 1159
9 4 387 634 1159 635
9 4 387 634 635 382
9 4 70 925 919 910
9 4 925 257 1302 916
9 4 919 1302 121 912
9 4 910 916 912 69
9 4 910 925 919 1302
9 4 910 919 912 1302
9 4 910 912 916 1302
9 4 910 916 925 1302
9 4 141 1222 591 1427
9 4 1222 109 590 1227
9 4 591 590 28 595
9 4 1427 1227 595 254
9 4 1222 595 591 1427
9 4 1222 595 1427 1227
9 4 1222 595 1227 590
9 4 1222 595 590 591
9 4 132 1178 672 1215
9 4 1178 103 669 1174
9 4 672 669 37 670
9 4 1215 1174 670 108
9 4 1178 670 672 1215
9 4 1178 670 1215 1174
9 4 1178 670 1174 669
9 4 1178 670 669 672
9 4 102 1172 1166 1167
9 4 1172 246 1241 1251
9 4 1166 1241 112 1238
9 4 1167 1251 1238 115
9 4 1167 1172 1166 1241
9 4 1167 1166 1238 1241
9 4 1167 1238 1251 1241
9 4 1167 1251 1172 1241
9 4 106 599 512 1006
9 4 599 29 507 597
9 4 512 507 19 509
9 4 1006 597 509 80
9 4 1006 599 512 507
9 4 1006 512 509 507
9 4 1006 509 597 507
9 4 1006 597 599 507
9 4 256 1364 1277 827
9 4 1364 131 1273 820
9 4 1277 1273 118 818
9 4 827 820 818 59
9 4 1364 818 1277 827
9 4 1364 818 827 820
9 4 1364 818 820 1273
9 4 1364 818 1273 1277
9 4 131 1364 1363 820
9 4 1364 256 1898 827
9 4 1363 1898 249 826
9 4 820 827 826 59
9 4 1364 826 1363 820
9 4 1364 826 820 827
9 4 1364 826 827 1898
9 4 1364 826 1898 1363
9 4 256 1364 1898 1277
9 4 1364 131 1363 1273
9 4 1898 1363 249 1275
9 4 1277 1273 1275 118
9 4 1364 1275 1898 1277
9 4 1364 1275 1277 1273
9 4 1364 1275 1273 1363
9 4 1364 1275 1363 1898
9 4 58 817 375 816
9 4 817 263 381 1442
9 4 375 381 7 379
9 4 816 1442 379 146
9 4 817 379 375 816
9 4 817 379 816 1442
9 4 817 379 1442 381
9 4 817 379 381 375
9 4 260 461 969 1420
9 4 461 14 453 457
9 4 969 453 75 960
9 4 1420 457 960 140
9 4 1420 461 969 453
9 4 1420 969 960 453
9 4 1420 960 457 453
9 4 1420 457 461 453
9 4 31 619 613 612
9 4 619 248 1231 1200
9 4 613 1231 110 1195
9 4 612 1200 1195 105
9 4 619 1195 613 612
9 4 619 1195 612 1200
9 4 619 1195 1200 1231
9 4 619 1195 1231 613
9 4 253 1904 1859 1915
9 4 1904 250 1857 1905
9 4 1859 1857 242 1860
9 4 1915 1905 1860 255
9 4 1904 1860 1859 1915
9 4 1904 1860 1915 1905
9 4 1904 1860 1905 1857
9 4 1904 1860 1857 1859
9 4 140 1179 1248 678
9 4 1179 103 1176 675
9 4 1248 1176 114 676
9 4 678 675 676 38
9 4 1179 676 1248 678
9 4 1179 676 678 675
9 4 1179 676 675 1176
9 4 1179 676 1176 1248
9 4 122 1309 987 1308
9 4 1309 261 994 1924
9 4 987 994 78 993
9 4 1308 1924 993 257
9 4 1308 1309 987 994
9 4 1308 987 993 994
9 4 1308 993 1924 994
9 4 1308 1924 1309 994
9 4 157 1234 722 727
9 4 1234 111 721 726
9 4 722 721 46 719
9 4 727 726 719 47
9 4 1234 719 722 727
9 4 1234 719 727 726
9 4 1234 719 726 721
9 4 1234 719 721 722
9 4 107 663 341 762
9 4 663 36 337 660
9 4 341 337 4 338
9 4 762 660 338 53
9 4 341 663 660 762
9 4 341 762 660 338
9 4 341 338 660 337
9 4 341 337 660 663
9 4 127 1202 1196 606
9 4 1202 106 1194 605
9 4 1196 1194 105 604
9 4 606 605 604 30
9 4 1202 604 1196 606
9 4 1202 604 606 605
9 4 1202 604 605 1194
9 4 1202 604 1194 1196
9 4 17 494 495 493
9 4 494 252 1914 1903
9 4 495 1914 261 1907
9 4 493 1903 1907 250
9 4 494 1907 495 493
9 4 494 1907 493 1903
9 4 494 1907 1903 1914
9 4 494 1907 1914 495
9 4 163 1514 1509 1502
9 4 1514 262 1519 1508
9 4 1509 1519 164 1503
9 4 1502 1508 1503 162
9 4 1514 1503 1509 1502
9 4 1514 1503 1502 1508
9 4 1514 1503 1508 1519
9 4 1514 1503 1519 1509
9 4 4 342 337 341
9 4 342 108 664 1209
9 4 337 664 36 663
9 4 341 1209 663 107
9 4 342 663 337 341
9 4 342 663 341 1209
9 4 342 663 1209 664
9 4 342 663 664 337
9 4 117 1268 487 1263
9 4 1268 252 494 1390
9 4 487 494 17 490
9 4 1263 1390 490 135
9 4 487 1268 1390 1263
9 4 487 1263 1390 490
9 4 487 490 1390 494
9 4 487 494 1390 1268
9 4 39 463 686 688
9 4 463 15 467 472
9 4 686 467 115 1252
9 4 688 472 1252 260
9 4 463 1252 686 688
9 4 463 1252 688 472
9 4 463 1252 472 467
9 4 463 1252 467 686
9 4 261 450 994 1924
9 4 450 13 440 449
9 4 994 440 78 993
9 4 1924 449 993 257
9 4 994 450 449 1924
9 4 994 1924 449 993
9 4 994 993 449 440
9 4 994 440 449 450
9 4 106 1204 706 700
9 4 1204 155 707 702
9 4 706 707 43 699
9 4 700 702 699 42
9 4 1204 699 706 700
9 4 1204 699 700 702
9 4 1204 699 702 707
9 4 1204 699 707 706
9 4 262 1523 1471 1508
9 4 1523 165 1469 1504
9 4 1471 1469 156 1467
9 4 1508 1504 1467 162
9 4 1523 1467 1471 1508
9 4 1523 1467 1508 1504
9 4 1523 1467 1504 1469
9 4 1523 1467 1469 1471
9 4 31 620 616 615
9 4 620 263 1402 1358
9 4 616 1402 137 1354
9 4 615 1358 1354 130
9 4 615 620 616 1402
9 4 615 616 1354 1402
9 4 615 1354 1358 1402
9 4 615 1358 620 1402
9 4 57 374 809 803
9 4 374 7 381 379
9 4 809 381 263 1442
9 4 803 379 1442 146
9 4 374 1442 809 803
9 4 374 1442 803 379
9 4 374 1442 379 381
9 4 374 1442 381 809
9 4 77 983 977 957
9 4 983 260 1447 969
9 4 977 1447 149 962
9 4 957 969 962 75
9 4 983 962 977 957
9 4 983 962 957 969
9 4 983 962 969 1447
9 4 983 962 1447 977
9 4 253 402 796 1915
9 4 402 9 393 403
9 4 796 393 56 797
9 4 1915 403 797 255
9 4 402 797 796 1915
9 4 402 797 1915 403
9 4 402 797 403 393
9 4 402 797 393 796
9 4 169 1171 1240 693
9 4 1171 102 1166 690
9 4 1240 1166 112 691
9 4 693 690 691 40
9 4 1240 1171 690 693
9 4 1240 693 690 691
9 4 1240 691 690 1166
9 4 1240 1166 690 1171
9 4 112 1242 683 1238
9 4 1242 260 688 1252
9 4 683 688 39 686
9 4 1238 1252 686 115
9 4 1242 686 683 1238
9 4 1242 686 1238 1252
9 4 1242 686 1252 688
9 4 1242 686 688 683
9 4 103 1183 1176 1175
9 4 1183 260 1249 1247
9 4 1176 1249 114 1243
9 4 1175 1247 1243 113
9 4 1176 1183 1247 1175
9 4 1176 1175 1247 1243
9 4 1176 1243 1247 1249
9 4 1176 1249 1247 1183
9 4 169 1240 1482 693
9 4 1240 112 1239 691
9 4 1482 1239 158 692
9 4 693 691 692 40
9 4 1240 692 1482 693
9 4 1240 692 693 691
9 4 1240 692 691 1239
9 4 1240 692 1239 1482
9 4 35 653 639 655
9 4 653 104 640 1188
9 4 639 640 34 643
9 4 655 1188 643 129
9 4 639 653 1188 655
9 4 639 655 1188 643
9 4 639 643 1188 640
9 4 639 640 1188 653
9 4 159 1490 1472 1485
9 4 1490 258 1478 1513
9 4 1472 1478 157 1473
9 4 1485 1513 1473 163
9 4 1490 1473 1472 1485
9 4 1490 1473 1485 1513
9 4 1490 1473 1513 1478
9 4 1490 1473 1478 1472
9 4 103 1181 1175 744
9 4 1181 165 1245 746
9 4 1175 1245 113 745
9 4 744 746 745 51
9 4 744 1181 1175 1245
9 4 744 1175 745 1245
9 4 744 745 746 1245
9 4 744 746 1181 1245
9 4 101 1161 720 715
9 4 1161 170 723 718
9 4 720 723 46 714
9 4 715 718 714 45
9 4 1161 714 720 715
9 4 1161 714 715 718
9 4 1161 714 718 723
9 4 1161 714 723 720
9 4 262 1531 1519 1471
9 4 1531 168 1516 1470
9 4 1519 1516 164 1468
9 4 1471 1470 1468 156
9 4 1531 1468 1519 1471
9 4 1531 1468 1471 1470
9 4 1531 1468 1470 1516
9 4 1531 1468 1516 1519
9 4 107 1210 735 731
9 4 1210 168 738 733
9 4 735 738 49 729
9 4 731 733 729 48
9 4 1210 729 735 731
9 4 1210 729 731 733
9 4 1210 729 733 738
9 4 1210 729 738 735
9 4 104 653 1185 1193
9 4 653 35 654 658
9 4 1185 654 107 1212
9 4 1193 658 1212 259
9 4 1193 653 1185 654
9 4 1193 1185 1212 654
9 4 1193 1212 658 654
9 4 1193 658 653 654
9 4 35 653 655 658
9 4 653 104 1188 1193
9 4 655 1188 129 1352
9 4 658 1193 1352 259
9 4 658 653 655 1188
9 4 658 655 1352 1188
9 4 658 1352 1193 1188
9 4 658 1193 653 1188
9 4 255 873 850 880
9 4 873 64 842 867
9 4 850 842 61 843
9 4 880 867 843 65
9 4 873 843 850 880
9 4 873 843 880 867
9 4 873 843 867 842
9 4 873 843 842 850
9 4 263 620 630 1358
9 4 620 31 611 615
9 4 630 611 32 627
9 4 1358 615 627 130
9 4 630 620 615 1358
9 4 630 1358 615 627
9 4 630 627 615 611
9 4 630 611 615 620
9 4 111 635 641 1233
9 4 635 33 631 636
9 4 641 631 34 644
9 4 1233 636 644 131
9 4 1233 635 641 631
9 4 1233 641 644 631
9 4 1233 644 636 631
9 4 1233 636 635 631
9 4 159 1228 712 717
9 4 1228 110 711 716
9 4 712 711 44 709
9 4 717 716 709 45
9 4 1228 709 712 717
9 4 1228 709 717 716
9 4 1228 709 716 711
9 4 1228 709 711 712
9 4 141 1169 591 1422
9 4 1169 102 589 1170
9 4 591 589 28 592
9 4 1422 1170 592 142
9 4 1169 592 591 1422
9 4 1169 592 1422 1170
9 4 1169 592 1170 589
9 4 1169 592 589 591
9 4 260 461 1420 1249
9 4 461 14 457 456
9 4 1420 457 140 1248
9 4 1249 456 1248 114
9 4 461 1248 1420 1249
9 4 461 1248 1249 456
9 4 461 1248 456 457
9 4 461 1248 457 1420
9 4 102 1171 695 690
9 4 1171 169 698 693
9 4 695 698 41 689
9 4 690 693 689 40
9 4 1171 689 695 690
9 4 1171 689 690 693
9 4 1171 689 693 698
9 4 1171 689 698 695
9 4 37 670 659 672
9 4 670 108 664 1215
9 4 659 664 36 665
9 4 672 1215 665 132
9 4 659 670 1215 672
9 4 659 672 1215 665
9 4 659 665 1215 664
9 4 659 664 1215 670
9 4 253 326 1452 796
9 4 326 2 324 319
9 4 1452 324 151 791
9 4 796 319 791 56
9 4 326 791 1452 796
9 4 326 791 796 319
9 4 326 791 319 324
9 4 326 791 324 1452
9 4 105 1198 710 705
9 4 1198 166 713 708
9 4 710 713 44 704
9 4 705 708 704 43
9 4 1198 704 710 705
9 4 1198 704 705 708
9 4 1198 704 708 713
9 4 1198 704 713 710
9 4 119 1287 995 1283
9 4 1287 254 1002 1427
9 4 995 1002 79 996
9 4 1283 1427 996 141
9 4 995 1287 1427 1283
9 4 995 1283 1427 996
9 4 995 996 1427 1002
9 4 995 1002 1427 1287
9 4 264 359 1451 772
9 4 359 5 354 348
9 4 1451 354 150 767
9 4 772 348 767 54
9 4 1451 359 348 772
9 4 1451 772 348 767
9 4 1451 767 348 354
9 4 1451 354 348 359
9 4 165 1181 743 746
9 4 1181 103 740 744
9 4 743 740 50 739
9 4 746 744 739 51
9 4 1181 739 743 746
9 4 1181 739 746 744
9 4 1181 739 744 740
9 4 1181 739 740 743
9 4 101 377 815 1164
9 4 377 7 375 381
9 4 815 375 58 817
9 4 1164 381 817 263
9 4 377 817 815 1164
9 4 377 817 1164 381
9 4 377 817 381 375
9 4 377 817 375 815
9 4 264 1259 359 772
9 4 1259 116 351 765
9 4 359 351 5 348
9 4 772 765 348 54
9 4 1259 348 359 772
9 4 1259 348 772 765
9 4 1259 348 765 351
9 4 1259 348 351 359
9 4 107 654 332 1212
9 4 654 35 328 658
9 4 332 328 3 336
9 4 1212 658 336 259
9 4 332 654 658 1212
9 4 332 1212 658 336
9 4 332 336 658 328
9 4 332 328 658 654
9 4 163 1473 1509 1513
9 4 1473 157 1474 1478
9 4 1509 1474 164 1518
9 4 1513 1478 1518 258
9 4 1473 1518 1509 1513
9 4 1473 1518 1513 1478
9 4 1473 1518 1478 1474
9 4 1473 1518 1474 1509
9 4 110 626 1158 1232
9 4 626 32 625 630
9 4 1158 625 101 1164
9 4 1232 630 1164 263
9 4 626 1164 1158 1232
9 4 626 1164 1232 630
9 4 626 1164 630 625
9 4 626 1164 625 1158
9 4 127 1196 614 606
9 4 1196 105 612 604
9 4 614 612 31 603
9 4 606 604 603 30
9 4 1196 603 614 606
9 4 1196 603 606 604
9 4 1196 603 604 612
9 4 1196 603 612 614
9 4 245 1877 1879 1880
9 4 1877 249 1898 1899
9 4 1879 1898 256 1921
9 4 1880 1899 1921 258
9 4 1877 1921 1879 1880
9 4 1877 1921 1880 1899
9 4 1877 1921 1899 1898
9 4 1877 1921 1898 1879
9 4 104 1189 730 725
9 4 1189 167 732 728
9 4 730 732 48 724
9 4 725 728 724 47
9 4 1189 724 730 725
9 4 1189 724 725 728
9 4 1189 724 728 732
9 4 1189 724 732 730
9 4 27 581 582 585
9 4 581 28 589 592
9 4 582 589 102 1170
9 4 585 592 1170 142
9 4 581 1170 582 585
9 4 581 1170 585 592
9 4 581 1170 592 589
9 4 581 1170 589 582
9 4 108 1216 741 736
9 4 1216 156 742 737
9 4 741 742 50 734
9 4 736 737 734 49
9 4 1216 734 741 736
9 4 1216 734 736 737
9 4 1216 734 737 742
9 4 1216 734 742 741
9 4 102 1169 589 1173
9 4 1169 141 591 1427
9 4 589 591 28 595
9 4 1173 1427 595 254
9 4 1169 595 589 1173
9 4 1169 595 1173 1427
9 4 1169 595 1427 591
9 4 1169 595 591 589
9 4 110 613 626 1232
9 4 613 31 611 620
9 4 626 611 32 630
9 4 1232 620 630 263
9 4 626 613 620 1232
9 4 626 1232 620 630
9 4 626 630 620 611
9 4 626 611 620 613
9 4 3 336 329 334
9 4 336 259 757 1454
9 4 329 757 52 750
9 4 334 1454 750 152
9 4 329 336 1454 334
9 4 329 334 1454 750
9 4 329 750 1454 757
9 4 329 757 1454 336
9 4 253 402 326 796
9 4 402 9 317 393
9 4 326 317 2 319
9 4 796 393 319 56
9 4 796 402 326 317
9 4 796 326 319 317
9 4 796 319 393 317
9 4 796 393 402 317
9 4 39 463 302 686
9 4 463 15 299 467
9 4 302 299 0 307
9 4 686 467 307 115
9 4 463 307 302 686
9 4 463 307 686 467
9 4 463 307 467 299
9 4 463 307 299 302
9 4 158 1239 315 692
9 4 1239 112 313 691
9 4 315 313 1 311
9 4 692 691 311 40
9 4 1239 311 315 692
9 4 1239 311 692 691
9 4 1239 311 691 313
9 4 1239 311 313 315
9 4 109 1224 701 696
9 4 1224 160 703 697
9 4 701 703 42 694
9 4 696 697 694 41
9 4 1224 694 701 696
9 4 1224 694 696 697
9 4 1224 694 697 703
9 4 1224 694 703 701
9 4 53 764 330 763
9 4 764 259 336 1454
9 4 330 336 3 334
9 4 763 1454 334 152
9 4 764 334 330 763
9 4 764 334 763 1454
9 4 764 334 1454 336
9 4 764 334 336 330
9 4 61 850 843 831
9 4 850 255 880 840
9 4 843 880 65 832
9 4 831 840 832 60
9 4 831 850 843 880
9 4 831 843 832 880
9 4 831 832 840 880
9 4 831 840 850 880
9 4 255 1384 372 850
9 4 1384 134 364 845
9 4 372 364 6 362
9 4 850 845 362 61
9 4 1384 362 372 850
9 4 1384 362 850 845
9 4 1384 362 845 364
9 4 1384 362 364 372
9 4 137 1402 801 1354
9 4 1402 263 809 1358
9 4 801 809 57 799
9 4 1354 1358 799 130
9 4 1402 799 801 1354
9 4 1402 799 1354 1358
9 4 1402 799 1358 809
9 4 1402 799 809 801
9 4 28 590 589 595
9 4 590 109 1165 1227
9 4 589 1165 102 1173
9 4 595 1227 1173 254
9 4 595 590 589 1165
9 4 595 589 1173 1165
9 4 595 1173 1227 1165
9 4 595 1227 590 1165
9 4 156 1467 1468 1471
9 4 1467 162 1503 1508
9 4 1468 1503 164 1519
9 4 1471 1508 1519 262
9 4 1467 1519 1468 1471
9 4 1467 1519 1471 1508
9 4 1467 1519 1508 1503
9 4 1467 1519 1503 1468
9 4 165 316 1245 746
9 4 316 1 314 312
9 4 1245 314 113 745
9 4 746 312 745 51
9 4 1245 316 312 746
9 4 1245 746 312 745
9 4 1245 745 312 314
9 4 1245 314 312 316
9 4 126 1177 677 671
9 4 1177 103 675 669
9 4 677 675 38 668
9 4 671 669 668 37
9 4 1177 668 677 671
9 4 1177 668 671 669
9 4 1177 668 669 675
9 4 1177 668 675 677
9 4 257 1308 1302 993
9 4 1308 122 1298 987
9 4 1302 1298 121 986
9 4 993 987 986 78
9 4 1302 1308 987 993
9 4 1302 993 987 986
9 4 1302 986 987 1298
9 4 1302 1298 987 1308
9 4 259 1352 336 757
9 4 1352 129 333 748
9 4 336 333 3 329
9 4 757 748 329 52
9 4 1352 329 336 757
9 4 1352 329 757 748
9 4 1352 329 748 333
9 4 1352 329 333 336
9 4 101 625 377 1164
9 4 625 32 373 630
9 4 377 373 7 381
9 4 1164 630 381 263
9 4 625 381 377 1164
9 4 625 381 1164 630
9 4 625 381 630 373
9 4 625 381 373 377
9 4 122 1309 488 987
9 4 1309 261 495 994
9 4 488 495 17 484
9 4 987 994 484 78
9 4 1309 484 488 987
9 4 1309 484 987 994
9 4 1309 484 994 495
9 4 1309 484 495 488
9 4 115 1250 467 583
9 4 1250 139 468 584
9 4 467 468 15 462
9 4 583 584 462 27
9 4 1250 462 467 583
9 4 1250 462 583 584
9 4 1250 462 584 468
9 4 1250 462 468 467
9 4 56 797 393 786
9 4 797 255 403 840
9 4 393 403 9 395
9 4 786 840 395 60
9 4 797 395 393 786
9 4 797 395 786 840
9 4 797 395 840 403
9 4 797 395 403 393
9 4 114 1248 676 456
9 4 1248 140 678 457
9 4 676 678 38 451
9 4 456 457 451 14
9 4 1248 451 676 456
9 4 1248 451 456 457
9 4 1248 451 457 678
9 4 1248 451 678 676
9 4 153 988 1457 478
9 4 988 78 994 473
9 4 1457 994 261 483
9 4 478 473 483 16
9 4 988 483 1457 478
9 4 988 483 478 473
9 4 988 483 473 994
9 4 988 483 994 1457
9 4 153 988 491 1457
9 4 988 78 484 994
9 4 491 484 17 495
9 4 1457 994 495 261
9 4 988 495 491 1457
9 4 988 495 1457 994
9 4 988 495 994 484
9 4 988 495 484 491
9 4 7 374 381 378
9 4 374 57 809 799
9 4 381 809 263 1358
9 4 378 799 1358 130
9 4 374 1358 381 378
9 4 374 1358 378 799
9 4 374 1358 799 809
9 4 374 1358 809 381
9 4 61 850 831 846
9 4 850 255 840 1443
9 4 831 840 60 835
9 4 846 1443 835 147
9 4 850 835 831 846
9 4 850 835 846 1443
9 4 850 835 1443 840
9 4 850 835 840 831
9 4 13 450 440 436
9 4 450 261 994 483
9 4 440 994 78 473
9 4 436 483 473 16
9 4 450 473 440 436
9 4 450 473 436 483
9 4 450 473 483 994
9 4 450 473 994 440
9 4 260 1247 688 1249
9 4 1247 113 684 1243
9 4 688 684 39 685
9 4 1249 1243 685 114
9 4 1247 685 688 1249
9 4 1247 685 1249 1243
9 4 1247 685 1243 684
9 4 1247 685 684 688
9 4 257 909 993 916
9 4 909 68 902 900
9 4 993 902 78 911
9 4 916 900 911 69
9 4 916 909 993 902
9 4 916 993 911 902
9 4 916 911 900 902
9 4 916 900 909 902
9 4 121 1302 986 912
9 4 1302 257 993 916
9 4 986 993 78 911
9 4 912 916 911 69
9 4 986 1302 916 912
9 4 986 912 916 911
9 4 986 911 916 993
9 4 986 993 916 1302
9 4 35 658 655 328
9 4 658 259 1352 336
9 4 655 1352 129 333
9 4 328 336 333 3
9 4 658 333 655 328
9 4 658 333 328 336
9 4 658 333 336 1352
9 4 658 333 1352 655
9 4 250 1902 1865 1906
9 4 1902 251 1866 1910
9 4 1865 1866 243 1869
9 4 1906 1910 1869 257
9 4 1902 1869 1865 1906
9 4 1902 1869 1906 1910
9 4 1902 1869 1910 1866
9 4 1902 1869 1866 1865
9 4 255 403 840 1443
9 4 403 9 395 400
9 4 840 395 60 835
9 4 1443 400 835 147
9 4 403 835 840 1443
9 4 403 835 1443 400
9 4 403 835 400 395
9 4 403 835 395 840
9 4 6 372 362 368
9 4 372 255 850 1443
9 4 362 850 61 846
9 4 368 1443 846 147
9 4 372 846 362 368
9 4 372 846 368 1443
9 4 372 846 1443 850
9 4 372 846 850 362
9 4 32 630 627 373
9 4 630 263 1358 381
9 4 627 1358 130 378
9 4 373 381 378 7
9 4 630 378 627 373
9 4 630 378 373 381
9 4 630 378 381 1358
9 4 630 378 1358 627
9 4 33 634 621 632
9 4 634 101 625 815
9 4 621 625 32 622
9 4 632 815 622 58
9 4 621 634 815 632
9 4 621 632 815 622
9 4 621 622 815 625
9 4 621 625 815 634
9 4 12 433 421 429
9 4 433 246 448 1444
9 4 421 448 13 443
9 4 429 1444 443 148
9 4 433 443 421 429
9 4 433 443 429 1444
9 4 433 443 1444 448
9 4 433 443 448 421
9 4 246 433 448 1863
9 4 433 12 421 432
9 4 448 421 13 447
9 4 1863 432 447 243
9 4 433 447 448 1863
9 4 433 447 1863 432
9 4 433 447 432 421
9 4 433 447 421 448
9 4 244 1875 1845 1873
9 4 1875 258 1851 1913
9 4 1845 1851 241 1849
9 4 1873 1913 1849 252
9 4 1875 1849 1845 1873
9 4 1875 1849 1873 1913
9 4 1875 1849 1913 1851
9 4 1875 1849 1851 1845
9 4 252 1913 1849 1858
9 4 1913 258 1851 1862
9 4 1849 1851 241 1843
9 4 1858 1862 1843 242
9 4 1913 1843 1849 1858
9 4 1913 1843 1858 1862
9 4 1913 1843 1862 1851
9 4 1913 1843 1851 1849
9 4 154 1460 998 1456
9 4 1460 261 1003 1457
9 4 998 1003 79 997
9 4 1456 1457 997 153
9 4 1460 997 998 1456
9 4 1460 997 1456 1457
9 4 1460 997 1457 1003
9 4 1460 997 1003 998
9 4 254 1459 1919 1002
9 4 1459 154 1460 998
9 4 1919 1460 261 1003
9 4 1002 998 1003 79
9 4 1459 1003 1919 1002
9 4 1459 1003 1002 998
9 4 1459 1003 998 1460
9 4 1459 1003 1460 1919
9 4 75 968 959 958
9 4 968 247 1335 1325
9 4 959 1335 126 1323
9 4 958 1325 1323 125
9 4 968 1323 959 958
9 4 968 1323 958 1325
9 4 968 1323 1325 1335
9 4 968 1323 1335 959
9 4 247 968 1335 1890
9 4 968 75 959 969
9 4 1335 959 126 1336
9 4 1890 969 1336 260
9 4 968 1336 1335 1890
9 4 968 1336 1890 969
9 4 968 1336 969 959
9 4 968 1336 959 1335
9 4 259 1922 757 1881
9 4 1922 256 756 1879
9 4 757 756 52 754
9 4 1881 1879 754 245
9 4 1922 754 757 1881
9 4 1922 754 1881 1879
9 4 1922 754 1879 756
9 4 1922 754 756 757
9 4 256 1922 756 1277
9 4 1922 259 757 1278
9 4 756 757 52 747
9 4 1277 1278 747 118
9 4 756 1922 1278 1277
9 4 756 1277 1278 747
9 4 756 747 1278 757
9 4 756 757 1278 1922
9 4 256 756 1879 1916
9 4 756 52 754 755
9 4 1879 754 245 1878
9 4 1916 755 1878 253
9 4 756 1878 1879 1916
9 4 756 1878 1916 755
9 4 756 1878 755 754
9 4 756 1878 754 1879
9 4 256 756 1916 1277
9 4 756 52 755 747
9 4 1916 755 253 1276
9 4 1277 747 1276 118
9 4 756 1276 1916 1277
9 4 756 1276 1277 747
9 4 756 1276 747 755
9 4 756 1276 755 1916
9 4 8 391 392 389
9 4 391 249 1901 1441
9 4 392 1901 263 1442
9 4 389 1441 1442 146
9 4 392 391 1441 389
9 4 392 389 1441 1442
9 4 392 1442 1441 1901
9 4 392 1901 1441 391
9 4 8 391 386 392
9 4 391 249 1163 1901
9 4 386 1163 101 1164
9 4 392 1901 1164 263
9 4 386 391 1901 392
9 4 386 392 1901 1164
9 4 386 1164 1901 1163
9 4 386 1163 1901 391
9 4 261 1019 495 1457
9 4 1019 81 485 1012
9 4 495 485 17 491
9 4 1457 1012 491 153
9 4 1019 491 495 1457
9 4 1019 491 1457 1012
9 4 1019 491 1012 485
9 4 1019 491 485 495
9 4 81 1018 1019 485
9 4 1018 252 1914 494
9 4 1019 1914 261 495
9 4 485 494 495 17
9 4 1019 1018 494 485
9 4 1019 485 494 495
9 4 1019 495 494 1914
9 4 1019 1914 494 1018
9 4 251 1911 1319 357
9 4 1911 264 1320 359
9 4 1319 1320 124 353
9 4 357 359 353 5
9 4 357 1911 1319 1320
9 4 357 1319 353 1320
9 4 357 353 359 1320
9 4 357 359 1911 1320
9 4 247 1888 1892 1318
9 4 1888 251 1911 1319
9 4 1892 1911 264 1320
9 4 1318 1319 1320 124
9 4 1888 1320 1892 1318
9 4 1888 1320 1318 1319
9 4 1888 1320 1319 1911
9 4 1888 1320 1911 1892
9 4 139 1414 1371 1282
9 4 1414 254 1375 1287
9 4 1371 1375 133 1281
9 4 1282 1287 1281 119
9 4 1282 1414 1371 1375
9 4 1282 1371 1281 1375
9 4 1282 1281 1287 1375
9 4 1282 1287 1414 1375
9 4 254 1414 1375 1885
9 4 1414 139 1371 1413
9 4 1375 1371 133 1374
9 4 1885 1413 1374 246
9 4 1375 1414 1413 1885
9 4 1375 1885 1413 1374
9 4 1375 1374 1413 1371
9 4 1375 1371 1413 1414
9 4 102 1168 582 1170
9 4 1168 139 584 1409
9 4 582 584 27 585
9 4 1170 1409 585 142
9 4 1168 585 582 1170
9 4 1168 585 1170 1409
9 4 1168 585 1409 584
9 4 1168 585 584 582
9 4 139 1168 584 1250
9 4 1168 102 582 1167
9 4 584 582 27 583
9 4 1250 1167 583 115
9 4 1250 1168 584 582
9 4 1250 584 583 582
9 4 1250 583 1167 582
9 4 1250 1167 1168 582
9 4 135 1388 1391 365
9 4 1388 242 1860 370
9 4 1391 1860 255 372
9 4 365 370 372 6
9 4 1391 1388 370 365
9 4 1391 365 370 372
9 4 1391 372 370 1860
9 4 1391 1860 370 1388
9 4 242 1388 1860 1858
9 4 1388 135 1391 1390
9 4 1860 1391 255 1912
9 4 1858 1390 1912 252
9 4 1388 1912 1860 1858
9 4 1388 1912 1858 1390
9 4 1388 1912 1390 1391
9 4 1388 1912 1391 1860
9 4 243 1855 1868 1865
9 4 1855 242 1859 1857
9 4 1868 1859 253 1904
9 4 1865 1857 1904 250
9 4 1855 1904 1868 1865
9 4 1855 1904 1865 1857
9 4 1855 1904 1857 1859
9 4 1855 1904 1859 1868
9 4 250 1904 1865 1902
9 4 1904 253 1868 1908
9 4 1865 1868 243 1866
9 4 1902 1908 1866 251
9 4 1902 1904 1865 1868
9 4 1902 1865 1866 1868
9 4 1902 1866 1908 1868
9 4 1902 1908 1904 1868
9 4 256 327 404 1347
9 4 327 2 317 322
9 4 404 317 9 398
9 4 1347 322 398 128
9 4 327 398 404 1347
9 4 327 398 1347 322
9 4 327 398 322 317
9 4 327 398 317 404
9 4 2 327 317 326
9 4 327 256 404 1916
9 4 317 404 9 402
9 4 326 1916 402 253
9 4 327 402 317 326
9 4 327 402 326 1916
9 4 327 402 1916 404
9 4 327 402 404 317
9 4 14 452 298 456
9 4 452 39 302 685
9 4 298 302 0 306
9 4 456 685 306 114
9 4 452 306 298 456
9 4 452 306 456 685
9 4 452 306 685 302
9 4 452 306 302 298
9 4 39 452 302 682
9 4 452 14 298 454
9 4 302 298 0 303
9 4 682 454 303 76
9 4 682 452 302 298
9 4 682 302 303 298
9 4 682 303 454 298
9 4 682 454 452 298
9 4 39 452 688 685
9 4 452 14 461 456
9 4 688 461 260 1249
9 4 685 456 1249 114
9 4 452 1249 688 685
9 4 452 1249 685 456
9 4 452 1249 456 461
9 4 452 1249 461 688
9 4 39 452 682 688
9 4 452 14 454 461
9 4 682 454 76 973
9 4 688 461 973 260
9 4 452 973 682 688
9 4 452 973 688 461
9 4 452 973 461 454
9 4 452 973 454 682
9 4 135 1389 1390 1388
9 4 1389 248 1894 1856
9 4 1390 1894 252 1858
9 4 1388 1856 1858 242
9 4 1389 1858 1390 1388
9 4 1389 1858 1388 1856
9 4 1389 1858 1856 1894
9 4 1389 1858 1894 1390
9 4 248 371 1389 1396
9 4 371 6 365 366
9 4 1389 365 135 1387
9 4 1396 366 1387 136
9 4 1389 371 366 1396
9 4 1389 1396 366 1387
9 4 1389 1387 366 365
9 4 1389 365 366 371
9 4 6 371 365 370
9 4 371 248 1389 1856
9 4 365 1389 135 1388
9 4 370 1856 1388 242
9 4 371 1388 365 370
9 4 371 1388 370 1856
9 4 371 1388 1856 1389
9 4 371 1388 1389 365
9 4 61 849 845 841
9 4 849 250 1382 866
9 4 845 1382 134 862
9 4 841 866 862 63
9 4 845 849 866 841
9 4 845 841 866 862
9 4 845 862 866 1382
9 4 845 1382 866 849
9 4 255 1384 850 1905
9 4 1384 134 845 1382
9 4 850 845 61 849
9 4 1905 1382 849 250
9 4 1384 849 850 1905
9 4 1384 849 1905 1382
9 4 1384 849 1382 845
9 4 1384 849 845 850
9 4 250 872 1432 866
9 4 872 64 868 860
9 4 1432 868 143 863
9 4 866 860 863 63
9 4 872 863 1432 866
9 4 872 863 866 860
9 4 872 863 860 868
9 4 872 863 868 1432
9 4 143 1433 868 1432
9 4 1433 255 873 1905
9 4 868 873 64 872
9 4 1432 1905 872 250
9 4 1433 872 868 1432
9 4 1433 872 1432 1905
9 4 1433 872 1905 873
9 4 1433 872 873 868
9 4 250 849 872 866
9 4 849 61 842 841
9 4 872 842 64 860
9 4 866 841 860 63
9 4 872 849 841 866
9 4 872 866 841 860
9 4 872 860 841 842
9 4 872 842 841 849
9 4 61 849 842 850
9 4 849 250 872 1905
9 4 842 872 64 873
9 4 850 1905 873 255
9 4 849 873 842 850
9 4 849 873 850 1905
9 4 849 873 1905 872
9 4 849 873 872 842
9 4 250 412 923 859
9 4 412 10 407 405
9 4 923 407 70 852
9 4 859 405 852 62
9 4 923 412 405 859
9 4 923 859 405 852
9 4 923 852 405 407
9 4 923 407 405 412
9 4 250 1301 1307 859
9 4 1301 121 1298 854
9 4 1307 1298 122 855
9 4 859 854 855 62
9 4 1301 855 1307 859
9 4 1301 855 859 854
9 4 1301 855 854 1298
9 4 1301 855 1298 1307
9 4 121 1301 1298 1302
9 4 1301 250 1307 1906
9 4 1298 1307 122 1308
9 4 1302 1906 1308 257
9 4 1301 1308 1298 1302
9 4 1301 1308 1302 1906
9 4 1301 1308 1906 1307
9 4 1301 1308 1307 1298
9 4 250 923 1301 859
9 4 923 70 919 852
9 4 1301 919 121 854
9 4 859 852 854 62
9 4 923 854 1301 859
9 4 923 854 859 852
9 4 923 854 852 919
9 4 923 854 919 1301
9 4 70 923 919 925
9 4 923 250 1301 1906
9 4 919 1301 121 1302
9 4 925 1906 1302 257
9 4 925 923 919 1301
9 4 925 919 1302 1301
9 4 925 1302 1906 1301
9 4 925 1906 923 1301
9 4 251 413 899 933
9 4 413 10 406 408
9 4 899 406 67 892
9 4 933 408 892 71
9 4 933 413 899 406
9 4 933 899 892 406
9 4 933 892 408 406
9 4 933 408 413 406
9 4 67 898 406 899
9 4 898 250 412 1902
9 4 406 412 10 413
9 4 899 1902 413 251
9 4 898 413 406 899
9 4 898 413 899 1902
9 4 898 413 1902 412
9 4 898 413 412 406
9 4 135 1389 1263 1390
9 4 1389 248 1267 1894
9 4 1263 1267 117 1268
9 4 1390 1894 1268 252
9 4 1389 1268 1263 1390
9 4 1389 1268 1390 1894
9 4 1389 1268 1894 1267
9 4 1389 1268 1267 1263
9 4 248 1389 1267 1396
9 4 1389 135 1263 1387
9 4 1267 1263 117 1264
9 4 1396 1387 1264 136
9 4 1389 1264 1267 1396
9 4 1389 1264 1396 1387
9 4 1389 1264 1387 1263
9 4 1389 1264 1263 1267
9 4 10 412 407 413
9 4 412 250 923 1902
9 4 407 923 70 924
9 4 413 1902 924 251
9 4 412 924 407 413
9 4 412 924 413 1902
9 4 412 924 1902 923
9 4 412 924 923 407
9 4 250 923 1902 1906
9 4 923 70 924 925
9 4 1902 924 251 1910
9 4 1906 925 1910 257
9 4 923 1910 1902 1906
9 4 923 1910 1906 925
9 4 923 1910 925 924
9 4 923 1910 924 1902
9 4 70 924 917 407
9 4 924 251 933 413
9 4 917 933 71 408
9 4 407 413 408 10
9 4 917 924 413 407
9 4 917 407 413 408
9 4 917 408 413 933
9 4 917 933 413 924
9 4 70 924 920 917
9 4 924 251 1434 933
9 4 920 1434 144 929
9 4 917 933 929 71
9 4 924 929 920 917
9 4 924 929 917 933
9 4 924 929 933 1434
9 4 924 929 1434 920
9 4 70 924 925 920
9 4 924 251 1910 1434
9 4 925 1910 257 1435
9 4 920 1434 1435 144
9 4 924 1435 925 920
9 4 924 1435 920 1434
9 4 924 1435 1434 1910
9 4 924 1435 1910 925
10 4 265 1935 1933 1928
10 4 1935 274 1995 1944
10 4 1933 1995 272 1943
10 4 1928 1944 1943 266
10 4 1935 1943 1933 1928
10 4 1935 1943 1928 1944
10 4 1935 1943 1944 1995
10 4 1935 1943 1995 1933
10 4 291 2042 2000 1938
10 4 2042 287 1997 1937
10 4 2000 1997 272 1933
10 4 1938 1937 1933 265
10 4 2042 1933 2000 1938
10 4 2042 1933 1938 1937
10 4 2042 1933 1937 1997
10 4 2042 1933 1997 2000
10 4 279 1031 1816 1799
10 4 1031 82 1029 1027
10 4 1816 1029 233 1798
10 4 1799 1027 1798 228
10 4 1799 1031 1816 1029
10 4 1799 1816 1798 1029
10 4 1799 1798 1027 1029
10 4 1799 1027 1031 1029
10 4 120 1294 1293 935
10 4 1294 224 1776 940
10 4 1293 1776 222 939
10 4 935 940 939 72
10 4 1294 939 1293 935
10 4 1294 939 935 940
10 4 1294 939 940 1776
10 4 1294 939 1776 1293
10 4 289 1985 1742 1732
10 4 1985 270 1738 1731
10 4 1742 1738 212 1729
10 4 1732 1731 1729 209
10 4 1742 1985 1731 1732
10 4 1742 1732 1731 1729
10 4 1742 1729 1731 1738
10 4 1742 1738 1731 1985
10 4 36 650 662 660
10 4 650 35 652 651
10 4 662 652 86 761
10 4 660 651 761 53
10 4 650 761 662 660
10 4 650 761 660 651
10 4 650 761 651 652
10 4 650 761 652 662
10 4 204 1701 1702 1700
10 4 1701 273 2004 1709
10 4 1702 2004 280 1710
10 4 1700 1709 1710 206
10 4 1701 1710 1702 1700
10 4 1701 1710 1700 1709
10 4 1701 1710 1709 2004
10 4 1701 1710 2004 1702
10 4 233 1815 1816 1801
10 4 1815 275 2013 1802
10 4 1816 2013 279 1803
10 4 1801 1802 1803 229
10 4 1816 1815 1802 1801
10 4 1816 1801 1802 1803
10 4 1816 1803 1802 2013
10 4 1816 2013 1802 1815
10 4 280 1328 2019 2031
10 4 1328 125 1327 1329
10 4 2019 1327 276 2021
10 4 2031 1329 2021 286
10 4 2031 1328 2019 1327
10 4 2031 2019 2021 1327
10 4 2031 2021 1329 1327
10 4 2031 1329 1328 1327
10 4 207 1714 1292 1715
10 4 1714 222 1293 1776
10 4 1292 1293 120 1294
10 4 1715 1776 1294 224
10 4 1714 1294 1292 1715
10 4 1714 1294 1715 1776
10 4 1714 1294 1776 1293
10 4 1714 1294 1293 1292
10 4 0 300 299 308
10 4 300 27 462 587
10 4 299 462 15 470
10 4 308 587 470 201
10 4 300 470 299 308
10 4 300 470 308 587
10 4 300 470 587 462
10 4 300 470 462 299
10 4 266 1943 1928 1950
10 4 1943 272 1933 2002
10 4 1928 1933 265 1939
10 4 1950 2002 1939 294
10 4 1943 1939 1928 1950
10 4 1943 1939 1950 2002
10 4 1943 1939 2002 1933
10 4 1943 1939 1933 1928
10 4 280 2031 2019 1967
10 4 2031 286 2021 1970
10 4 2019 2021 276 1966
10 4 1967 1970 1966 268
10 4 2031 1966 2019 1967
10 4 2031 1966 1967 1970
10 4 2031 1966 1970 2021
10 4 2031 1966 2021 2019
10 4 0 301 309 298
10 4 301 38 680 451
10 4 309 680 202 459
10 4 298 451 459 14
10 4 301 459 309 298
10 4 301 459 298 451
10 4 301 459 451 680
10 4 301 459 680 309
10 4 274 1980 1739 2011
10 4 1980 270 1738 1985
10 4 1739 1738 212 1742
10 4 2011 1985 1742 289
10 4 1980 1742 1739 2011
10 4 1980 1742 2011 1985
10 4 1980 1742 1985 1738
10 4 1980 1742 1738 1739
10 4 98 1138 1137 1142
10 4 1138 272 1943 2002
10 4 1137 1943 266 1950
10 4 1142 2002 1950 294
10 4 1142 1138 1137 1943
10 4 1142 1137 1950 1943
10 4 1142 1950 2002 1943
10 4 1142 2002 1138 1943
10 4 203 1696 528 1071
10 4 1696 270 532 1073
10 4 528 532 21 527
10 4 1071 1073 527 88
10 4 1696 527 528 1071
10 4 1696 527 1071 1073
10 4 1696 527 1073 532
10 4 1696 527 532 528
10 4 272 1999 1826 1138
10 4 1999 289 1829 1141
10 4 1826 1829 236 1136
10 4 1138 1141 1136 98
10 4 1138 1999 1826 1829
10 4 1138 1826 1136 1829
10 4 1138 1136 1141 1829
10 4 1138 1141 1999 1829
10 4 279 1031 2013 1816
10 4 1031 82 1030 1029
10 4 2013 1030 275 1815
10 4 1816 1029 1815 233
10 4 1031 1815 2013 1816
10 4 1031 1815 1816 1029
10 4 1031 1815 1029 1030
10 4 1031 1815 1030 2013
10 4 208 1723 885 1724
10 4 1723 217 886 1761
10 4 885 886 66 887
10 4 1724 1761 887 219
10 4 1724 1723 885 886
10 4 1724 885 887 886
10 4 1724 887 1761 886
10 4 1724 1761 1723 886
10 4 272 1999 1138 1943
10 4 1999 289 1141 1949
10 4 1138 1141 98 1137
10 4 1943 1949 1137 266
10 4 1943 1999 1138 1141
10 4 1943 1138 1137 1141
10 4 1943 1137 1949 1141
10 4 1943 1949 1999 1141
10 4 272 1138 1826 2002
10 4 1138 98 1136 1142
10 4 1826 1136 236 1831
10 4 2002 1142 1831 294
10 4 1138 1831 1826 2002
10 4 1138 1831 2002 1142
10 4 1138 1831 1142 1136
10 4 1138 1831 1136 1826
10 4 270 1980 1941 1985
10 4 1980 274 1944 2011
10 4 1941 1944 266 1949
10 4 1985 2011 1949 289
10 4 1985 1980 1941 1944
10 4 1985 1941 1949 1944
10 4 1985 1949 2011 1944
10 4 1985 2011 1980 1944
10 4 286 1322 2021 1126
10 4 1322 124 1321 1120
10 4 2021 1321 276 1125
10 4 1126 1120 1125 96
10 4 1322 1125 2021 1126
10 4 1322 1125 1126 1120
10 4 1322 1125 1120 1321
10 4 1322 1125 1321 2021
10 4 224 1784 1776 559
10 4 1784 285 1780 563
10 4 1776 1780 222 557
10 4 559 563 557 24
10 4 1784 557 1776 559
10 4 1784 557 559 563
10 4 1784 557 563 1780
10 4 1784 557 1780 1776
10 4 280 1054 1702 1370
10 4 1054 85 1053 1049
10 4 1702 1053 204 1367
10 4 1370 1049 1367 132
10 4 1054 1367 1702 1370
10 4 1054 1367 1370 1049
10 4 1054 1367 1049 1053
10 4 1054 1367 1053 1702
10 4 279 1040 1955 2013
10 4 1040 83 1038 1039
10 4 1955 1038 267 1954
10 4 2013 1039 1954 275
10 4 2013 1040 1955 1038
10 4 2013 1955 1954 1038
10 4 2013 1954 1039 1038
10 4 2013 1039 1040 1038
10 4 274 1995 1944 2011
10 4 1995 272 1943 1999
10 4 1944 1943 266 1949
10 4 2011 1999 1949 289
10 4 1944 1995 1999 2011
10 4 1944 2011 1999 1949
10 4 1944 1949 1999 1943
10 4 1944 1943 1999 1995
10 4 287 1997 1937 2010
10 4 1997 272 1933 1995
10 4 1937 1933 265 1935
10 4 2010 1995 1935 274
10 4 1997 1935 1937 2010
10 4 1997 1935 2010 1995
10 4 1997 1935 1995 1933
10 4 1997 1935 1933 1937
10 4 291 1685 1959 2045
10 4 1685 198 1682 1684
10 4 1959 1682 267 1958
10 4 2045 1684 1958 288
10 4 2045 1685 1959 1682
10 4 2045 1959 1958 1682
10 4 2045 1958 1684 1682
10 4 2045 1684 1685 1682
10 4 116 1260 1254 1253
10 4 1260 276 1327 1321
10 4 1254 1327 125 1316
10 4 1253 1321 1316 124
10 4 1253 1260 1254 1327
10 4 1253 1254 1316 1327
10 4 1253 1316 1321 1327
10 4 1253 1321 1260 1327
10 4 128 1348 1070 1084
10 4 1348 270 1073 1088
10 4 1070 1073 88 1068
10 4 1084 1088 1068 91
10 4 1348 1068 1070 1084
10 4 1348 1068 1084 1088
10 4 1348 1068 1088 1073
10 4 1348 1068 1073 1070
10 4 280 2014 1328 2031
10 4 2014 275 1326 2016
10 4 1328 1326 125 1329
10 4 2031 2016 1329 286
10 4 2031 2014 1328 1326
10 4 2031 1328 1329 1326
10 4 2031 1329 2016 1326
10 4 2031 2016 2014 1326
10 4 290 1811 2017 1804
10 4 1811 231 1809 1800
10 4 2017 1809 275 1802
10 4 1804 1800 1802 229
10 4 1811 1802 2017 1804
10 4 1811 1802 1804 1800
10 4 1811 1802 1800 1809
10 4 1811 1802 1809 2017
10 4 270 1986 1073 1696
10 4 1986 292 1075 1698
10 4 1073 1075 88 1071
10 4 1696 1698 1071 203
10 4 1696 1986 1073 1075
10 4 1696 1073 1071 1075
10 4 1696 1071 1698 1075
10 4 1696 1698 1986 1075
10 4 288 1289 1149 1834
10 4 1289 119 1143 1286
10 4 1149 1143 99 1147
10 4 1834 1286 1147 237
10 4 1149 1289 1286 1834
10 4 1149 1834 1286 1147
10 4 1149 1147 1286 1143
10 4 1149 1143 1286 1289
10 4 189 1647 1648 1645
10 4 1647 288 2045 1998
10 4 1648 2045 291 2000
10 4 1645 1998 2000 272
10 4 1645 1647 1648 2045
10 4 1645 1648 2000 2045
10 4 1645 2000 1998 2045
10 4 1645 1998 1647 2045
10 4 287 1948 1937 1984
10 4 1948 266 1928 1941
10 4 1937 1928 265 1931
10 4 1984 1941 1931 270
10 4 1948 1931 1937 1984
10 4 1948 1931 1984 1941
10 4 1948 1931 1941 1928
10 4 1948 1931 1928 1937
10 4 267 1038 1956 1954
10 4 1038 83 1041 1039
10 4 1956 1041 281 2015
10 4 1954 1039 2015 275
10 4 1038 2015 1956 1954
10 4 1038 2015 1954 1039
10 4 1038 2015 1039 1041
10 4 1038 2015 1041 1956
10 4 224 1715 1762 1314
10 4 1715 207 1713 1312
10 4 1762 1713 217 1313
10 4 1314 1312 1313 123
10 4 1762 1715 1312 1314
10 4 1762 1314 1312 1313
10 4 1762 1313 1312 1713
10 4 1762 1713 1312 1715
10 4 86 662 761 1048
10 4 662 36 660 661
10 4 761 660 53 760
10 4 1048 661 760 85
10 4 662 760 761 1048
10 4 662 760 1048 661
10 4 662 760 661 660
10 4 662 760 660 761
10 4 82 1030 1029 1032
10 4 1030 275 1815 2017
10 4 1029 1815 233 1817
10 4 1032 2017 1817 290
10 4 1032 1030 1029 1815
10 4 1032 1029 1817 1815
10 4 1032 1817 2017 1815
10 4 1032 2017 1030 1815
10 4 122 1305 1304 1298
10 4 1305 223 1754 1300
10 4 1304 1754 215 1299
10 4 1298 1300 1299 121
10 4 1305 1299 1304 1298
10 4 1305 1299 1298 1300
10 4 1305 1299 1300 1754
10 4 1305 1299 1754 1304
10 4 36 666 667 661
10 4 666 176 1572 1050
10 4 667 1572 180 1051
10 4 661 1050 1051 85
10 4 666 1051 667 661
10 4 666 1051 661 1050
10 4 666 1051 1050 1572
10 4 666 1051 1572 667
10 4 265 1935 1928 1937
10 4 1935 274 1944 2010
10 4 1928 1944 266 1948
10 4 1937 2010 1948 287
10 4 1935 1948 1928 1937
10 4 1935 1948 1937 2010
10 4 1935 1948 2010 1944
10 4 1935 1948 1944 1928
10 4 280 1066 2019 1261
10 4 1066 87 1065 1060
10 4 2019 1065 276 1260
10 4 1261 1060 1260 116
10 4 1066 1260 2019 1261
10 4 1066 1260 1261 1060
10 4 1066 1260 1060 1065
10 4 1066 1260 1065 2019
10 4 285 1771 1110 563
10 4 1771 220 1106 555
10 4 1110 1106 94 554
10 4 563 555 554 24
10 4 1771 554 1110 563
10 4 1771 554 563 555
10 4 1771 554 555 1106
10 4 1771 554 1106 1110
10 4 190 1653 1034 1652
10 4 1653 279 1040 1955
10 4 1034 1040 83 1038
10 4 1652 1955 1038 267
10 4 1653 1038 1034 1652
10 4 1653 1038 1652 1955
10 4 1653 1038 1955 1040
10 4 1653 1038 1040 1034
10 4 275 2014 1965 2016
10 4 2014 280 1967 2031
10 4 1965 1967 268 1970
10 4 2016 2031 1970 286
10 4 1965 2014 2031 2016
10 4 1965 2016 2031 1970
10 4 1965 1970 2031 1967
10 4 1965 1967 2031 2014
10 4 193 1666 1668 1667
10 4 1666 265 1936 1934
10 4 1668 1936 281 2005
10 4 1667 1934 2005 273
10 4 1666 2005 1668 1667
10 4 1666 2005 1667 1934
10 4 1666 2005 1934 1936
10 4 1666 2005 1936 1668
10 4 0 304 308 305
10 4 304 82 1025 1022
10 4 308 1025 201 1127
10 4 305 1022 1127 97
10 4 304 1127 308 305
10 4 304 1127 305 1022
10 4 304 1127 1022 1025
10 4 304 1127 1025 308
10 4 280 2030 2014 1967
10 4 2030 281 2015 1968
10 4 2014 2015 275 1965
10 4 1967 1968 1965 268
10 4 2030 1965 2014 1967
10 4 2030 1965 1967 1968
10 4 2030 1965 1968 2015
10 4 2030 1965 2015 2014
10 4 290 2032 2017 1330
10 4 2032 280 2014 1328
10 4 2017 2014 275 1326
10 4 1330 1328 1326 125
10 4 2032 1326 2017 1330
10 4 2032 1326 1330 1328
10 4 2032 1326 1328 2014
10 4 2032 1326 2014 2017
10 4 124 1321 1120 1317
10 4 1321 276 1125 1789
10 4 1120 1125 96 1123
10 4 1317 1789 1123 226
10 4 1120 1321 1789 1317
10 4 1120 1317 1789 1123
10 4 1120 1123 1789 1125
10 4 1120 1125 1789 1321
10 4 272 1838 2001 1826
10 4 1838 238 1840 1825
10 4 2001 1840 293 1830
10 4 1826 1825 1830 236
10 4 1838 1830 2001 1826
10 4 1838 1830 1826 1825
10 4 1838 1830 1825 1840
10 4 1838 1830 1840 2001
10 4 267 1682 1955 1958
10 4 1682 198 1683 1684
10 4 1955 1683 279 2027
10 4 1958 1684 2027 288
10 4 1682 2027 1955 1958
10 4 1682 2027 1958 1684
10 4 1682 2027 1684 1683
10 4 1682 2027 1683 1955
10 4 125 1328 1327 1254
10 4 1328 280 2019 1261
10 4 1327 2019 276 1260
10 4 1254 1261 1260 116
10 4 1328 1260 1327 1254
10 4 1328 1260 1254 1261
10 4 1328 1260 1261 2019
10 4 1328 1260 2019 1327
10 4 82 304 1026 1022
10 4 304 0 309 305
10 4 1026 309 202 1128
10 4 1022 305 1128 97
10 4 304 1128 1026 1022
10 4 304 1128 1022 305
10 4 304 1128 305 309
10 4 304 1128 309 1026
10 4 266 540 1095 1947
10 4 540 22 535 543
10 4 1095 535 92 1096
10 4 1947 543 1096 284
10 4 540 1096 1095 1947
10 4 540 1096 1947 543
10 4 540 1096 543 535
10 4 540 1096 535 1095
10 4 29 601 507 598
10 4 601 175 515 1152
10 4 507 515 19 511
10 4 598 1152 511 100
10 4 601 511 507 598
10 4 601 511 598 1152
10 4 601 511 1152 515
10 4 601 511 515 507
10 4 265 1929 1930 1939
10 4 1929 267 1952 1960
10 4 1930 1952 268 1971
10 4 1939 1960 1971 294
10 4 1929 1971 1930 1939
10 4 1929 1971 1939 1960
10 4 1929 1971 1960 1952
10 4 1929 1971 1952 1930
10 4 265 522 1936 1938
10 4 522 20 523 525
10 4 1936 523 281 2034
10 4 1938 525 2034 291
10 4 522 2034 1936 1938
10 4 522 2034 1938 525
10 4 522 2034 525 523
10 4 522 2034 523 1936
10 4 193 1666 521 1668
10 4 1666 265 522 1936
10 4 521 522 20 523
10 4 1668 1936 523 281
10 4 1668 1666 521 522
10 4 1668 521 523 522
10 4 1668 523 1936 522
10 4 1668 1936 1666 522
10 4 272 1838 1826 1996
10 4 1838 238 1825 1839
10 4 1826 1825 236 1827
10 4 1996 1839 1827 283
10 4 1838 1827 1826 1996
10 4 1838 1827 1996 1839
10 4 1838 1827 1839 1825
10 4 1838 1827 1825 1826
10 4 135 1392 1091 1378
10 4 1392 266 1095 1385
10 4 1091 1095 92 1090
10 4 1378 1385 1090 134
10 4 1392 1090 1091 1378
10 4 1392 1090 1378 1385
10 4 1392 1090 1385 1095
10 4 1392 1090 1095 1091
10 4 204 1702 769 1700
10 4 1702 280 773 1710
10 4 769 773 54 771
10 4 1700 1710 771 206
10 4 769 1702 1710 1700
10 4 769 1700 1710 771
10 4 769 771 1710 773
10 4 769 773 1710 1702
10 4 29 588 602 497
10 4 588 28 594 496
10 4 602 594 179 504
10 4 497 496 504 18
10 4 588 504 602 497
10 4 588 504 497 496
10 4 588 504 496 594
10 4 588 504 594 602
10 4 83 1038 1041 1034
10 4 1038 267 1956 1652
10 4 1041 1956 281 1654
10 4 1034 1652 1654 190
10 4 1038 1654 1041 1034
10 4 1038 1654 1034 1652
10 4 1038 1654 1652 1956
10 4 1038 1654 1956 1041
10 4 30 596 607 508
10 4 596 29 601 507
10 4 607 601 175 515
10 4 508 507 515 19
10 4 596 515 607 508
10 4 596 515 508 507
10 4 596 515 507 601
10 4 596 515 601 607
10 4 265 1666 1937 1934
10 4 1666 193 1669 1667
10 4 1937 1669 287 2006
10 4 1934 1667 2006 273
10 4 1666 2006 1937 1934
10 4 1666 2006 1934 1667
10 4 1666 2006 1667 1669
10 4 1666 2006 1669 1937
10 4 212 1741 1738 1739
10 4 1741 287 1984 2010
10 4 1738 1984 270 1980
10 4 1739 2010 1980 274
10 4 1741 1980 1738 1739
10 4 1741 1980 1739 2010
10 4 1741 1980 2010 1984
10 4 1741 1980 1984 1738
10 4 287 2043 1984 1937
10 4 2043 295 1987 1940
10 4 1984 1987 270 1931
10 4 1937 1940 1931 265
10 4 2043 1931 1984 1937
10 4 2043 1931 1937 1940
10 4 2043 1931 1940 1987
10 4 2043 1931 1987 1984
10 4 196 1678 1677 1679
10 4 1678 280 2014 2032
10 4 1677 2014 275 2017
10 4 1679 2032 2017 290
10 4 1677 1678 2032 1679
10 4 1677 1679 2032 2017
10 4 1677 2017 2032 2014
10 4 1677 2014 2032 1678
10 4 134 1385 1090 1386
10 4 1385 266 1095 1947
10 4 1090 1095 92 1096
10 4 1386 1947 1096 284
10 4 1386 1385 1090 1095
10 4 1386 1090 1096 1095
10 4 1386 1096 1947 1095
10 4 1386 1947 1385 1095
10 4 138 1406 1407 834
10 4 1406 214 1749 837
10 4 1407 1749 219 839
10 4 834 837 839 60
10 4 1406 839 1407 834
10 4 1406 839 834 837
10 4 1406 839 837 1749
10 4 1406 839 1749 1407
10 4 99 1148 1149 1151
10 4 1148 279 2027 2029
10 4 1149 2027 288 2048
10 4 1151 2029 2048 296
10 4 1148 2048 1149 1151
10 4 1148 2048 1151 2029
10 4 1148 2048 2029 2027
10 4 1148 2048 2027 1149
10 4 270 1696 532 1987
10 4 1696 203 528 1699
10 4 532 528 21 533
10 4 1987 1699 533 295
10 4 532 1696 1699 1987
10 4 532 1987 1699 533
10 4 532 533 1699 528
10 4 532 528 1699 1696
10 4 209 1730 1731 536
10 4 1730 266 1941 540
10 4 1731 1941 270 541
10 4 536 540 541 22
10 4 1731 1730 540 536
10 4 1731 536 540 541
10 4 1731 541 540 1941
10 4 1731 1941 540 1730
10 4 271 1932 1963 1993
10 4 1932 265 1930 1939
10 4 1963 1930 268 1971
10 4 1993 1939 1971 294
10 4 1932 1971 1963 1993
10 4 1932 1971 1993 1939
10 4 1932 1971 1939 1930
10 4 1932 1971 1930 1963
10 4 57 810 806 811
10 4 810 274 1739 2011
10 4 806 1739 212 1742
10 4 811 2011 1742 289
10 4 811 810 806 1739
10 4 811 806 1742 1739
10 4 811 1742 2011 1739
10 4 811 2011 810 1739
10 4 294 1971 1993 1977
10 4 1971 268 1963 1962
10 4 1993 1963 271 1973
10 4 1977 1962 1973 269
10 4 1971 1973 1993 1977
10 4 1971 1973 1977 1962
10 4 1971 1973 1962 1963
10 4 1971 1973 1963 1993
10 4 293 2001 1830 2046
10 4 2001 272 1826 1998
10 4 1830 1826 236 1828
10 4 2046 1998 1828 288
10 4 2001 1828 1830 2046
10 4 2001 1828 2046 1998
10 4 2001 1828 1998 1826
10 4 2001 1828 1826 1830
10 4 283 2039 1996 1839
10 4 2039 293 2001 1840
10 4 1996 2001 272 1838
10 4 1839 1840 1838 238
10 4 2039 1838 1996 1839
10 4 2039 1838 1839 1840
10 4 2039 1838 1840 2001
10 4 2039 1838 2001 1996
10 4 56 794 795 790
10 4 794 214 1749 1406
10 4 795 1749 219 1407
10 4 790 1406 1407 138
10 4 795 794 1406 790
10 4 795 790 1406 1407
10 4 795 1407 1406 1749
10 4 795 1749 1406 794
10 4 125 1329 1121 1316
10 4 1329 286 1126 1322
10 4 1121 1126 96 1120
10 4 1316 1322 1120 124
10 4 1121 1329 1322 1316
10 4 1121 1316 1322 1120
10 4 1121 1120 1322 1126
10 4 1121 1126 1322 1329
10 4 177 1285 1423 1429
10 4 1285 119 1283 1284
10 4 1423 1283 141 1422
10 4 1429 1284 1422 142
10 4 1285 1422 1423 1429
10 4 1285 1422 1429 1284
10 4 1285 1422 1284 1283
10 4 1285 1422 1283 1423
10 4 265 1932 1928 1939
10 4 1932 271 1942 1993
10 4 1928 1942 266 1950
10 4 1939 1993 1950 294
10 4 1928 1932 1993 1939
10 4 1928 1939 1993 1950
10 4 1928 1950 1993 1942
10 4 1928 1942 1993 1932
10 4 190 1653 1652 1651
10 4 1653 279 1955 1683
10 4 1652 1955 267 1682
10 4 1651 1683 1682 198
10 4 1653 1682 1652 1651
10 4 1653 1682 1651 1683
10 4 1653 1682 1683 1955
10 4 1653 1682 1955 1652
10 4 134 1386 1379 1381
10 4 1386 284 1747 1765
10 4 1379 1747 213 1746
10 4 1381 1765 1746 218
10 4 1386 1746 1379 1381
10 4 1386 1746 1381 1765
10 4 1386 1746 1765 1747
10 4 1386 1746 1747 1379
10 4 119 1289 1143 1288
10 4 1289 288 1149 2027
10 4 1143 1149 99 1148
10 4 1288 2027 1148 279
10 4 1289 1148 1143 1288
10 4 1289 1148 1288 2027
10 4 1289 1148 2027 1149
10 4 1289 1148 1149 1143
10 4 177 1586 1285 1585
10 4 1586 293 1290 2028
10 4 1285 1290 119 1288
10 4 1585 2028 1288 279
10 4 1285 1586 2028 1585
10 4 1285 1585 2028 1288
10 4 1285 1288 2028 1290
10 4 1285 1290 2028 1586
10 4 294 1831 2047 580
10 4 1831 236 1828 576
10 4 2047 1828 288 579
10 4 580 576 579 26
10 4 1831 579 2047 580
10 4 1831 579 580 576
10 4 1831 579 576 1828
10 4 1831 579 1828 2047
10 4 279 2028 1288 2027
10 4 2028 293 1290 2046
10 4 1288 1290 119 1289
10 4 2027 2046 1289 288
10 4 2028 1289 1288 2027
10 4 2028 1289 2027 2046
10 4 2028 1289 2046 1290
10 4 2028 1289 1290 1288
10 4 282 1310 1782 1755
10 4 1310 122 1305 1304
10 4 1782 1305 223 1754
10 4 1755 1304 1754 215
10 4 1310 1754 1782 1755
10 4 1310 1754 1755 1304
10 4 1310 1754 1304 1305
10 4 1310 1754 1305 1782
10 4 280 2032 1337 1328
10 4 2032 290 1338 1330
10 4 1337 1338 126 1323
10 4 1328 1330 1323 125
10 4 1337 2032 1330 1328
10 4 1337 1328 1330 1323
10 4 1337 1323 1330 1338
10 4 1337 1338 1330 2032
10 4 276 1718 1779 1297
10 4 1718 207 1714 1292
10 4 1779 1714 222 1293
10 4 1297 1292 1293 120
10 4 1297 1718 1779 1714
10 4 1297 1779 1293 1714
10 4 1297 1293 1292 1714
10 4 1297 1292 1718 1714
10 4 294 1993 1950 2037
10 4 1993 271 1942 1990
10 4 1950 1942 266 1946
10 4 2037 1990 1946 282
10 4 1993 1946 1950 2037
10 4 1993 1946 2037 1990
10 4 1993 1946 1990 1942
10 4 1993 1946 1942 1950
10 4 172 1548 1361 1078
10 4 1548 210 1362 1080
10 4 1361 1362 131 1077
10 4 1078 1080 1077 89
10 4 1548 1077 1361 1078
10 4 1548 1077 1078 1080
10 4 1548 1077 1080 1362
10 4 1548 1077 1362 1361
10 4 187 1356 1636 1082
10 4 1356 130 1357 1081
10 4 1636 1357 210 1083
10 4 1082 1081 1083 90
10 4 1636 1356 1081 1082
10 4 1636 1082 1081 1083
10 4 1636 1083 1081 1357
10 4 1636 1357 1081 1356
10 4 233 1815 1801 1817
10 4 1815 275 1802 2017
10 4 1801 1802 229 1804
10 4 1817 2017 1804 290
10 4 1815 1804 1801 1817
10 4 1815 1804 1817 2017
10 4 1815 1804 2017 1802
10 4 1815 1804 1802 1801
10 4 272 1999 1996 1826
10 4 1999 289 2038 1829
10 4 1996 2038 283 1827
10 4 1826 1829 1827 236
10 4 1999 1827 1996 1826
10 4 1999 1827 1826 1829
10 4 1999 1827 1829 2038
10 4 1999 1827 2038 1996
10 4 268 1964 1930 1972
10 4 1964 273 1934 2008
10 4 1930 1934 265 1940
10 4 1972 2008 1940 295
10 4 1964 1940 1930 1972
10 4 1964 1940 1972 2008
10 4 1964 1940 2008 1934
10 4 1964 1940 1934 1930
10 4 291 1685 1655 1959
10 4 1685 198 1651 1682
10 4 1655 1651 190 1652
10 4 1959 1682 1652 267
10 4 1685 1652 1655 1959
10 4 1685 1652 1959 1682
10 4 1685 1652 1682 1651
10 4 1685 1652 1651 1655
10 4 198 1683 1684 1686
10 4 1683 279 2027 2028
10 4 1684 2027 288 2046
10 4 1686 2028 2046 293
10 4 1684 1683 2028 1686
10 4 1684 1686 2028 2046
10 4 1684 2046 2028 2027
10 4 1684 2027 2028 1683
10 4 275 1663 2015 2014
10 4 1663 192 1665 1664
10 4 2015 1665 281 2030
10 4 2014 1664 2030 280
10 4 1663 2030 2015 2014
10 4 1663 2030 2014 1664
10 4 1663 2030 1664 1665
10 4 1663 2030 1665 2015
10 4 294 1150 1821 580
10 4 1150 99 1145 574
10 4 1821 1145 234 575
10 4 580 574 575 26
10 4 1150 575 1821 580
10 4 1150 575 580 574
10 4 1150 575 574 1145
10 4 1150 575 1145 1821
10 4 265 1929 1936 1930
10 4 1929 267 1956 1952
10 4 1936 1956 281 1968
10 4 1930 1952 1968 268
10 4 1929 1968 1936 1930
10 4 1929 1968 1930 1952
10 4 1929 1968 1952 1956
10 4 1929 1968 1956 1936
10 4 100 1157 1154 1155
10 4 1157 293 1840 1841
10 4 1154 1840 238 1836
10 4 1155 1841 1836 239
10 4 1157 1836 1154 1155
10 4 1157 1836 1155 1841
10 4 1157 1836 1841 1840
10 4 1157 1836 1840 1154
10 4 236 1831 1136 576
10 4 1831 294 1142 580
10 4 1136 1142 98 573
10 4 576 580 573 26
10 4 1831 573 1136 576
10 4 1831 573 576 580
10 4 1831 573 580 1142
10 4 1831 573 1142 1136
10 4 288 1289 1834 2046
10 4 1289 119 1286 1290
10 4 1834 1286 237 1835
10 4 2046 1290 1835 293
10 4 1289 1835 1834 2046
10 4 1289 1835 2046 1290
10 4 1289 1835 1290 1286
10 4 1289 1835 1286 1834
10 4 214 1722 794 1749
10 4 1722 208 793 1724
10 4 794 793 56 795
10 4 1749 1724 795 219
10 4 794 1722 1724 1749
10 4 794 1749 1724 795
10 4 794 795 1724 793
10 4 794 793 1724 1722
10 4 293 1586 1290 1428
10 4 1586 177 1285 1423
10 4 1290 1285 119 1283
10 4 1428 1423 1283 141
10 4 1290 1586 1423 1428
10 4 1290 1428 1423 1283
10 4 1290 1283 1423 1285
10 4 1290 1285 1423 1586
10 4 281 2030 2005 1968
10 4 2030 280 2004 1967
10 4 2005 2004 273 1964
10 4 1968 1967 1964 268
10 4 2030 1964 2005 1968
10 4 2030 1964 1968 1967
10 4 2030 1964 1967 2004
10 4 2030 1964 2004 2005
10 4 226 1789 1778 1295
10 4 1789 276 1779 1297
10 4 1778 1779 222 1293
10 4 1295 1297 1293 120
10 4 1295 1789 1778 1779
10 4 1295 1778 1293 1779
10 4 1295 1293 1297 1779
10 4 1295 1297 1789 1779
10 4 270 1073 1088 1725
10 4 1073 88 1068 1072
10 4 1088 1068 91 1085
10 4 1725 1072 1085 208
10 4 1725 1073 1088 1068
10 4 1725 1088 1085 1068
10 4 1725 1085 1072 1068
10 4 1725 1072 1073 1068
10 4 279 1148 1376 2029
10 4 1148 99 1144 1151
10 4 1376 1144 133 1377
10 4 2029 1151 1377 296
10 4 1148 1377 1376 2029
10 4 1148 1377 2029 1151
10 4 1148 1377 1151 1144
10 4 1148 1377 1144 1376
10 4 209 1730 536 1093
10 4 1730 266 540 1095
10 4 536 540 22 535
10 4 1093 1095 535 92
10 4 1730 535 536 1093
10 4 1730 535 1093 1095
10 4 1730 535 1095 540
10 4 1730 535 540 536
10 4 288 1647 2046 1998
10 4 1647 189 1649 1645
10 4 2046 1649 293 2001
10 4 1998 1645 2001 272
10 4 1647 2001 2046 1998
10 4 1647 2001 1998 1645
10 4 1647 2001 1645 1649
10 4 1647 2001 1649 2046
10 4 287 1948 1984 2010
10 4 1948 266 1941 1944
10 4 1984 1941 270 1980
10 4 2010 1944 1980 274
10 4 1948 1980 1984 2010
10 4 1948 1980 2010 1944
10 4 1948 1980 1944 1941
10 4 1948 1980 1941 1984
10 4 281 1654 1956 2034
10 4 1654 190 1652 1655
10 4 1956 1652 267 1959
10 4 2034 1655 1959 291
10 4 1956 1654 1655 2034
10 4 1956 2034 1655 1959
10 4 1956 1959 1655 1652
10 4 1956 1652 1655 1654
10 4 203 1699 1694 528
10 4 1699 295 1708 533
10 4 1694 1708 205 529
10 4 528 533 529 21
10 4 1699 529 1694 528
10 4 1699 529 528 533
10 4 1699 529 533 1708
10 4 1699 529 1708 1694
10 4 295 1951 1994 2023
10 4 1951 266 1942 1945
10 4 1994 1942 271 1989
10 4 2023 1945 1989 277
10 4 2023 1951 1994 1942
10 4 2023 1994 1989 1942
10 4 2023 1989 1945 1942
10 4 2023 1945 1951 1942
10 4 208 1723 1724 1726
10 4 1723 217 1761 1764
10 4 1724 1761 219 1766
10 4 1726 1764 1766 277
10 4 1724 1723 1764 1726
10 4 1724 1726 1764 1766
10 4 1724 1766 1764 1761
10 4 1724 1761 1764 1723
10 4 82 1031 1025 1027
10 4 1031 279 1691 1799
10 4 1025 1691 201 1690
10 4 1027 1799 1690 228
10 4 1031 1690 1025 1027
10 4 1031 1690 1027 1799
10 4 1031 1690 1799 1691
10 4 1031 1690 1691 1025
10 4 270 532 1073 1725
10 4 532 21 527 531
10 4 1073 527 88 1072
10 4 1725 531 1072 208
10 4 532 1072 1073 1725
10 4 532 1072 1725 531
10 4 532 1072 531 527
10 4 532 1072 527 1073
10 4 22 542 539 543
10 4 542 277 1751 2022
10 4 539 1751 214 1752
10 4 543 2022 1752 284
10 4 542 1752 539 543
10 4 542 1752 543 2022
10 4 542 1752 2022 1751
10 4 542 1752 1751 539
10 4 273 2005 1964 1934
10 4 2005 281 1968 1936
10 4 1964 1968 268 1930
10 4 1934 1936 1930 265
10 4 2005 1930 1964 1934
10 4 2005 1930 1934 1936
10 4 2005 1930 1936 1968
10 4 2005 1930 1968 1964
10 4 276 1789 1779 2020
10 4 1789 226 1778 1790
10 4 1779 1778 222 1780
10 4 2020 1790 1780 285
10 4 1779 1789 1790 2020
10 4 1779 2020 1790 1780
10 4 1779 1780 1790 1778
10 4 1779 1778 1790 1789
10 4 98 1140 1133 1132
10 4 1140 284 1386 1311
10 4 1133 1386 134 1303
10 4 1132 1311 1303 122
10 4 1133 1140 1311 1132
10 4 1133 1132 1311 1303
10 4 1133 1303 1311 1386
10 4 1133 1386 1311 1140
10 4 119 1285 1288 1284
10 4 1285 177 1585 1429
10 4 1288 1585 279 1431
10 4 1284 1429 1431 142
10 4 1285 1431 1288 1284
10 4 1285 1431 1284 1429
10 4 1285 1431 1429 1585
10 4 1285 1431 1585 1288
10 4 283 1404 1269 2038
10 4 1404 137 1265 1405
10 4 1269 1265 117 1270
10 4 2038 1405 1270 289
10 4 1269 1404 1405 2038
10 4 1269 2038 1405 1270
10 4 1269 1270 1405 1265
10 4 1269 1265 1405 1404
10 4 137 1404 1403 1405
10 4 1404 283 2009 2038
10 4 1403 2009 274 2011
10 4 1405 2038 2011 289
10 4 1403 1404 2038 1405
10 4 1403 1405 2038 2011
10 4 1403 2011 2038 2009
10 4 1403 2009 2038 1404
10 4 268 1971 1952 1962
10 4 1971 294 1960 1977
10 4 1952 1960 267 1953
10 4 1962 1977 1953 269
10 4 1971 1953 1952 1962
10 4 1971 1953 1962 1977
10 4 1971 1953 1977 1960
10 4 1971 1953 1960 1952
10 4 271 1993 1973 1990
10 4 1993 294 1977 2037
10 4 1973 1977 269 1974
10 4 1990 2037 1974 282
10 4 1993 1974 1973 1990
10 4 1993 1974 1990 2037
10 4 1993 1974 2037 1977
10 4 1993 1974 1977 1973
10 4 214 1722 1749 1751
10 4 1722 208 1724 1726
10 4 1749 1724 219 1766
10 4 1751 1726 1766 277
10 4 1722 1766 1749 1751
10 4 1722 1766 1751 1726
10 4 1722 1766 1726 1724
10 4 1722 1766 1724 1749
10 4 215 1299 1754 857
10 4 1299 121 1300 854
10 4 1754 1300 223 858
10 4 857 854 858 62
10 4 1299 858 1754 857
10 4 1299 858 857 854
10 4 1299 858 854 1300
10 4 1299 858 1300 1754
10 4 125 1326 1324 1329
10 4 1326 275 1794 2016
10 4 1324 1794 227 1795
10 4 1329 2016 1795 286
10 4 1329 1326 1324 1794
10 4 1329 1324 1795 1794
10 4 1329 1795 2016 1794
10 4 1329 2016 1326 1794
10 4 236 1829 1266 1136
10 4 1829 289 1270 1141
10 4 1266 1270 117 1131
10 4 1136 1141 1131 98
10 4 1829 1131 1266 1136
10 4 1829 1131 1136 1141
10 4 1829 1131 1141 1270
10 4 1829 1131 1270 1266
10 4 134 1386 1090 1379
10 4 1386 284 1096 1747
10 4 1090 1096 92 1094
10 4 1379 1747 1094 213
10 4 1379 1386 1090 1096
10 4 1379 1090 1094 1096
10 4 1379 1094 1747 1096
10 4 1379 1747 1386 1096
10 4 280 1579 2004 1702
10 4 1579 176 1578 1577
10 4 2004 1578 273 1701
10 4 1702 1577 1701 204
10 4 1579 1701 2004 1702
10 4 1579 1701 1702 1577
10 4 1579 1701 1577 1578
10 4 1579 1701 1578 2004
10 4 198 1685 1644 1684
10 4 1685 291 1648 2045
10 4 1644 1648 189 1647
10 4 1684 2045 1647 288
10 4 1685 1647 1644 1684
10 4 1685 1647 1684 2045
10 4 1685 1647 2045 1648
10 4 1685 1647 1648 1644
10 4 125 1327 1329 1316
10 4 1327 276 2021 1321
10 4 1329 2021 286 1322
10 4 1316 1321 1322 124
10 4 1327 1322 1329 1316
10 4 1327 1322 1316 1321
10 4 1327 1322 1321 2021
10 4 1327 1322 2021 1329
10 4 192 1662 1665 1664
10 4 1662 273 2005 2004
10 4 1665 2005 281 2030
10 4 1664 2004 2030 280
10 4 1662 2030 1665 1664
10 4 1662 2030 1664 2004
10 4 1662 2030 2004 2005
10 4 1662 2030 2005 1665
10 4 85 1054 1051 1049
10 4 1054 280 1599 1370
10 4 1051 1599 180 1366
10 4 1049 1370 1366 132
10 4 1054 1366 1051 1049
10 4 1054 1366 1049 1370
10 4 1054 1366 1370 1599
10 4 1054 1366 1599 1051
10 4 122 1306 1310 1305
10 4 1306 234 1820 1781
10 4 1310 1820 282 1782
10 4 1305 1781 1782 223
10 4 1310 1306 1781 1305
10 4 1310 1305 1781 1782
10 4 1310 1782 1781 1820
10 4 1310 1820 1781 1306
10 4 279 1148 1288 1376
10 4 1148 99 1143 1144
10 4 1288 1143 119 1281
10 4 1376 1144 1281 133
10 4 1288 1148 1144 1376
10 4 1288 1376 1144 1281
10 4 1288 1281 1144 1143
10 4 1288 1143 1144 1148
10 4 87 1066 1062 1060
10 4 1066 280 1707 1261
10 4 1062 1707 205 1257
10 4 1060 1261 1257 116
10 4 1066 1257 1062 1060
10 4 1066 1257 1060 1261
10 4 1066 1257 1261 1707
10 4 1066 1257 1707 1062
10 4 269 1118 1109 1769
10 4 1118 95 1105 1112
10 4 1109 1105 94 1106
10 4 1769 1112 1106 220
10 4 1109 1118 1112 1769
10 4 1109 1769 1112 1106
10 4 1109 1106 1112 1105
10 4 1109 1105 1112 1118
10 4 271 1932 1942 1994
10 4 1932 265 1928 1940
10 4 1942 1928 266 1951
10 4 1994 1940 1951 295
10 4 1932 1951 1942 1994
10 4 1932 1951 1994 1940
10 4 1932 1951 1940 1928
10 4 1932 1951 1928 1942
10 4 293 1830 1840 1835
10 4 1830 236 1825 1824
10 4 1840 1825 238 1832
10 4 1835 1824 1832 237
10 4 1830 1832 1840 1835
10 4 1830 1832 1835 1824
10 4 1830 1832 1824 1825
10 4 1830 1832 1825 1840
10 4 279 1691 1799 1416
10 4 1691 201 1690 1411
10 4 1799 1690 228 1412
10 4 1416 1411 1412 139
10 4 1799 1691 1411 1416
10 4 1799 1416 1411 1412
10 4 1799 1412 1411 1690
10 4 1799 1690 1411 1691
10 4 137 1400 1403 1404
10 4 1400 181 1602 1603
10 4 1403 1602 274 2009
10 4 1404 1603 2009 283
10 4 1404 1400 1403 1602
10 4 1404 1403 2009 1602
10 4 1404 2009 1603 1602
10 4 1404 1603 1400 1602
10 4 270 1979 1696 1987
10 4 1979 273 1697 2008
10 4 1696 1697 203 1699
10 4 1987 2008 1699 295
10 4 1979 1699 1696 1987
10 4 1979 1699 1987 2008
10 4 1979 1699 2008 1697
10 4 1979 1699 1697 1696
10 4 176 1580 1577 1056
10 4 1580 292 1703 1059
10 4 1577 1703 204 1058
10 4 1056 1059 1058 86
10 4 1577 1580 1059 1056
10 4 1577 1056 1059 1058
10 4 1577 1058 1059 1703
10 4 1577 1703 1059 1580
10 4 265 1932 1930 1940
10 4 1932 271 1963 1994
10 4 1930 1963 268 1972
10 4 1940 1994 1972 295
10 4 1932 1972 1930 1940
10 4 1932 1972 1940 1994
10 4 1932 1972 1994 1963
10 4 1932 1972 1963 1930
10 4 91 1085 1087 1089
10 4 1085 208 1722 1726
10 4 1087 1722 214 1751
10 4 1089 1726 1751 277
10 4 1089 1085 1087 1722
10 4 1089 1087 1751 1722
10 4 1089 1751 1726 1722
10 4 1089 1726 1085 1722
10 4 273 2006 1934 2008
10 4 2006 287 1937 2043
10 4 1934 1937 265 1940
10 4 2008 2043 1940 295
10 4 1934 2006 2043 2008
10 4 1934 2008 2043 1940
10 4 1934 1940 2043 1937
10 4 1934 1937 2043 2006
10 4 86 1059 1058 1055
10 4 1059 292 1703 1353
10 4 1058 1703 204 1351
10 4 1055 1353 1351 129
10 4 1059 1351 1058 1055
10 4 1059 1351 1055 1353
10 4 1059 1351 1353 1703
10 4 1059 1351 1703 1058
10 4 292 1986 2007 1698
10 4 1986 270 1979 1696
10 4 2007 1979 273 1697
10 4 1698 1696 1697 203
10 4 1986 1697 2007 1698
10 4 1986 1697 1698 1696
10 4 1986 1697 1696 1979
10 4 1986 1697 1979 2007
10 4 95 1112 904 1105
10 4 1112 220 906 1106
10 4 904 906 68 903
10 4 1105 1106 903 94
10 4 1112 903 904 1105
10 4 1112 903 1105 1106
10 4 1112 903 1106 906
10 4 1112 903 906 904
10 4 135 1392 1378 1134
10 4 1392 266 1385 1137
10 4 1378 1385 134 1133
10 4 1134 1137 1133 98
10 4 1392 1133 1378 1134
10 4 1392 1133 1134 1137
10 4 1392 1133 1137 1385
10 4 1392 1133 1385 1378
10 4 279 2013 1810 1803
10 4 2013 275 1809 1802
10 4 1810 1809 231 1800
10 4 1803 1802 1800 229
10 4 1810 2013 1802 1803
10 4 1810 1803 1802 1800
10 4 1810 1800 1802 1809
10 4 1810 1809 1802 2013
10 4 293 2039 1571 1840
10 4 2039 283 1570 1839
10 4 1571 1570 175 1568
10 4 1840 1839 1568 238
10 4 2039 1568 1571 1840
10 4 2039 1568 1840 1839
10 4 2039 1568 1839 1570
10 4 2039 1568 1570 1571
10 4 295 2033 1708 1972
10 4 2033 280 1707 1967
10 4 1708 1707 205 1705
10 4 1972 1967 1705 268
10 4 2033 1705 1708 1972
10 4 2033 1705 1972 1967
10 4 2033 1705 1967 1707
10 4 2033 1705 1707 1708
10 4 278 1074 1349 1982
10 4 1074 88 1070 1073
10 4 1349 1070 128 1348
10 4 1982 1073 1348 270
10 4 1074 1348 1349 1982
10 4 1074 1348 1982 1073
10 4 1074 1348 1073 1070
10 4 1074 1348 1070 1349
10 4 272 1826 1998 2002
10 4 1826 236 1828 1831
10 4 1998 1828 288 2047
10 4 2002 1831 2047 294
10 4 1826 2047 1998 2002
10 4 1826 2047 2002 1831
10 4 1826 2047 1831 1828
10 4 1826 2047 1828 1998
10 4 273 1633 2003 2007
10 4 1633 186 1634 1635
10 4 2003 1634 278 2025
10 4 2007 1635 2025 292
10 4 2007 1633 2003 1634
10 4 2007 2003 2025 1634
10 4 2007 2025 1635 1634
10 4 2007 1635 1633 1634
10 4 92 1096 535 1094
10 4 1096 284 543 1747
10 4 535 543 22 538
10 4 1094 1747 538 213
10 4 1096 538 535 1094
10 4 1096 538 1094 1747
10 4 1096 538 1747 543
10 4 1096 538 543 535
10 4 204 1702 1367 769
10 4 1702 280 1370 773
10 4 1367 1370 132 766
10 4 769 773 766 54
10 4 1367 1702 773 769
10 4 1367 769 773 766
10 4 1367 766 773 1370
10 4 1367 1370 773 1702
10 4 272 1621 1997 2000
10 4 1621 184 1622 1623
10 4 1997 1622 287 2042
10 4 2000 1623 2042 291
10 4 1621 2042 1997 2000
10 4 1621 2042 2000 1623
10 4 1621 2042 1623 1622
10 4 1621 2042 1622 1997
10 4 283 1646 1681 1996
10 4 1646 189 1643 1645
10 4 1681 1643 197 1680
10 4 1996 1645 1680 272
10 4 1646 1680 1681 1996
10 4 1646 1680 1996 1645
10 4 1646 1680 1645 1643
10 4 1646 1680 1643 1681
10 4 175 1568 1569 1152
10 4 1568 238 1837 1154
10 4 1569 1837 240 1156
10 4 1152 1154 1156 100
10 4 1569 1568 1154 1152
10 4 1569 1152 1154 1156
10 4 1569 1156 1154 1837
10 4 1569 1837 1154 1568
10 4 234 1820 1781 1768
10 4 1820 282 1782 1770
10 4 1781 1782 223 1767
10 4 1768 1770 1767 220
10 4 1781 1820 1770 1768
10 4 1781 1768 1770 1767
10 4 1781 1767 1770 1782
10 4 1781 1782 1770 1820
10 4 133 1377 1373 1111
10 4 1377 296 1823 1119
10 4 1373 1823 235 1117
10 4 1111 1119 1117 95
10 4 1111 1377 1373 1823
10 4 1111 1373 1117 1823
10 4 1111 1117 1119 1823
10 4 1111 1119 1377 1823
10 4 236 1830 1828 1824
10 4 1830 293 2046 1835
10 4 1828 2046 288 1834
10 4 1824 1835 1834 237
10 4 1830 1834 1828 1824
10 4 1830 1834 1824 1835
10 4 1830 1834 1835 2046
10 4 1830 1834 2046 1828
10 4 294 2050 1821 1150
10 4 2050 296 1822 1151
10 4 1821 1822 234 1145
10 4 1150 1151 1145 99
10 4 1150 2050 1821 1822
10 4 1150 1821 1145 1822
10 4 1150 1145 1151 1822
10 4 1150 1151 2050 1822
10 4 192 1662 1554 1665
10 4 1662 273 1556 2005
10 4 1554 1556 173 1557
10 4 1665 2005 1557 281
10 4 1665 1662 1554 1556
10 4 1665 1554 1557 1556
10 4 1665 1557 2005 1556
10 4 1665 2005 1662 1556
10 4 284 1983 543 2022
10 4 1983 270 541 1981
10 4 543 541 22 542
10 4 2022 1981 542 277
10 4 1983 542 543 2022
10 4 1983 542 2022 1981
10 4 1983 542 1981 541
10 4 1983 542 541 543
10 4 190 1653 1650 1034
10 4 1653 279 1675 1040
10 4 1650 1675 195 1036
10 4 1034 1040 1036 83
10 4 1650 1653 1040 1034
10 4 1650 1034 1040 1036
10 4 1650 1036 1040 1675
10 4 1650 1675 1040 1653
10 4 117 1269 1270 1266
10 4 1269 283 2038 1827
10 4 1270 2038 289 1829
10 4 1266 1827 1829 236
10 4 1269 1829 1270 1266
10 4 1269 1829 1266 1827
10 4 1269 1829 1827 2038
10 4 1269 1829 2038 1270
10 4 267 1957 1952 1953
10 4 1957 286 1970 1976
10 4 1952 1970 268 1962
10 4 1953 1976 1962 269
10 4 1957 1962 1952 1953
10 4 1957 1962 1953 1976
10 4 1957 1962 1976 1970
10 4 1957 1962 1970 1952
10 4 213 1379 1746 847
10 4 1379 134 1381 845
10 4 1746 1381 218 848
10 4 847 845 848 61
10 4 1379 848 1746 847
10 4 1379 848 847 845
10 4 1379 848 845 1381
10 4 1379 848 1381 1746
10 4 87 1067 1063 526
10 4 1067 295 1721 533
10 4 1063 1721 207 530
10 4 526 533 530 21
10 4 1067 530 1063 526
10 4 1067 530 526 533
10 4 1067 530 533 1721
10 4 1067 530 1721 1063
10 4 270 1348 1736 1088
10 4 1348 128 1346 1084
10 4 1736 1346 211 1086
10 4 1088 1084 1086 91
10 4 1736 1348 1084 1088
10 4 1736 1088 1084 1086
10 4 1736 1086 1084 1346
10 4 1736 1346 1084 1348
10 4 295 1708 533 1067
10 4 1708 205 529 1062
10 4 533 529 21 526
10 4 1067 1062 526 87
10 4 1708 526 533 1067
10 4 1708 526 1067 1062
10 4 1708 526 1062 529
10 4 1708 526 529 533
10 4 266 1941 540 1947
10 4 1941 270 541 1983
10 4 540 541 22 543
10 4 1947 1983 543 284
10 4 540 1941 1983 1947
10 4 540 1947 1983 543
10 4 540 543 1983 541
10 4 540 541 1983 1941
10 4 180 1334 1366 1599
10 4 1334 126 1331 1337
10 4 1366 1331 132 1370
10 4 1599 1337 1370 280
10 4 1334 1370 1366 1599
10 4 1334 1370 1599 1337
10 4 1334 1370 1337 1331
10 4 1334 1370 1331 1366
10 4 177 1410 1585 1429
10 4 1410 139 1416 1409
10 4 1585 1416 279 1431
10 4 1429 1409 1431 142
10 4 1410 1431 1585 1429
10 4 1410 1431 1429 1409
10 4 1410 1431 1409 1416
10 4 1410 1431 1416 1585
10 4 270 1750 1088 541
10 4 1750 214 1087 539
10 4 1088 1087 91 534
10 4 541 539 534 22
10 4 1750 534 1088 541
10 4 1750 534 541 539
10 4 1750 534 539 1087
10 4 1750 534 1087 1088
10 4 280 1678 2014 1664
10 4 1678 196 1677 1660
10 4 2014 1677 275 1663
10 4 1664 1660 1663 192
10 4 1678 1663 2014 1664
10 4 1678 1663 1664 1660
10 4 1678 1663 1660 1677
10 4 1678 1663 1677 2014
10 4 175 1571 1568 1152
10 4 1571 293 1840 1157
10 4 1568 1840 238 1154
10 4 1152 1157 1154 100
10 4 1568 1571 1157 1152
10 4 1568 1152 1157 1154
10 4 1568 1154 1157 1840
10 4 1568 1840 1157 1571
10 4 287 2006 1984 2043
10 4 2006 273 1979 2008
10 4 1984 1979 270 1987
10 4 2043 2008 1987 295
10 4 2043 2006 1984 1979
10 4 2043 1984 1987 1979
10 4 2043 1987 2008 1979
10 4 2043 2008 2006 1979
10 4 275 1663 1658 2015
10 4 1663 192 1656 1665
10 4 1658 1656 191 1659
10 4 2015 1665 1659 281
10 4 1658 1663 1665 2015
10 4 1658 2015 1665 1659
10 4 1658 1659 1665 1656
10 4 1658 1656 1665 1663
10 4 176 1579 1578 1575
10 4 1579 280 2004 1688
10 4 1578 2004 273 1687
10 4 1575 1688 1687 199
10 4 1579 1687 1578 1575
10 4 1579 1687 1575 1688
10 4 1579 1687 1688 2004
10 4 1579 1687 2004 1578
10 4 208 1085 1722 793
10 4 1085 91 1087 789
10 4 1722 1087 214 794
10 4 793 789 794 56
10 4 1085 794 1722 793
10 4 1085 794 793 789
10 4 1085 794 789 1087
10 4 1085 794 1087 1722
10 4 267 1957 1953 1961
10 4 1957 286 1976 2041
10 4 1953 1976 269 1978
10 4 1961 2041 1978 296
10 4 1953 1957 2041 1961
10 4 1953 1961 2041 1978
10 4 1953 1978 2041 1976
10 4 1953 1976 2041 1957
10 4 292 1986 1075 2025
10 4 1986 270 1073 1982
10 4 1075 1073 88 1074
10 4 2025 1982 1074 278
10 4 1986 1074 1075 2025
10 4 1986 1074 2025 1982
10 4 1986 1074 1982 1073
10 4 1986 1074 1073 1075
10 4 273 1662 1687 2004
10 4 1662 192 1661 1664
10 4 1687 1661 199 1688
10 4 2004 1664 1688 280
10 4 1662 1688 1687 2004
10 4 1662 1688 2004 1664
10 4 1662 1688 1664 1661
10 4 1662 1688 1661 1687
10 4 54 773 770 771
10 4 773 280 1707 1710
10 4 770 1707 205 1704
10 4 771 1710 1704 206
10 4 770 773 1710 771
10 4 770 771 1710 1704
10 4 770 1704 1710 1707
10 4 770 1707 1710 773
10 4 212 1741 1740 1738
10 4 1741 287 2024 1984
10 4 1740 2024 278 1982
10 4 1738 1984 1982 270
10 4 1741 1982 1740 1738
10 4 1741 1982 1738 1984
10 4 1741 1982 1984 2024
10 4 1741 1982 2024 1740
10 4 137 1400 1399 1403
10 4 1400 181 1558 1602
10 4 1399 1558 174 1562
10 4 1403 1602 1562 274
10 4 1399 1400 1602 1403
10 4 1399 1403 1602 1562
10 4 1399 1562 1602 1558
10 4 1399 1558 1602 1400
10 4 233 1816 981 1801
10 4 1816 279 984 1803
10 4 981 984 77 979
10 4 1801 1803 979 229
10 4 981 1816 1803 1801
10 4 981 1801 1803 979
10 4 981 979 1803 984
10 4 981 984 1803 1816
10 4 279 1683 1585 2028
10 4 1683 198 1583 1686
10 4 1585 1583 177 1586
10 4 2028 1686 1586 293
10 4 1683 1586 1585 2028
10 4 1683 1586 2028 1686
10 4 1683 1586 1686 1583
10 4 1683 1586 1583 1585
10 4 98 1141 1131 1134
10 4 1141 289 1270 1393
10 4 1131 1270 117 1263
10 4 1134 1393 1263 135
10 4 1131 1141 1393 1134
10 4 1131 1134 1393 1263
10 4 1131 1263 1393 1270
10 4 1131 1270 1393 1141
10 4 210 1548 1636 1080
10 4 1548 172 1546 1078
10 4 1636 1546 187 1079
10 4 1080 1078 1079 89
10 4 1548 1079 1636 1080
10 4 1548 1079 1080 1078
10 4 1548 1079 1078 1546
10 4 1548 1079 1546 1636
10 4 196 1678 1679 1589
10 4 1678 280 2032 1591
10 4 1679 2032 290 1592
10 4 1589 1591 1592 178
10 4 1678 1592 1679 1589
10 4 1678 1592 1589 1591
10 4 1678 1592 1591 2032
10 4 1678 1592 2032 1679
10 4 296 1822 1823 1119
10 4 1822 234 1818 1116
10 4 1823 1818 235 1117
10 4 1119 1116 1117 95
10 4 1823 1822 1116 1119
10 4 1823 1119 1116 1117
10 4 1823 1117 1116 1818
10 4 1823 1818 1116 1822
10 4 173 1556 1555 1557
10 4 1556 273 1667 2005
10 4 1555 1667 193 1668
10 4 1557 2005 1668 281
10 4 1556 1668 1555 1557
10 4 1556 1668 1557 2005
10 4 1556 1668 2005 1667
10 4 1556 1668 1667 1555
10 4 270 1738 1731 1736
10 4 1738 212 1729 1735
10 4 1731 1729 209 1728
10 4 1736 1735 1728 211
10 4 1731 1738 1735 1736
10 4 1731 1736 1735 1728
10 4 1731 1728 1735 1729
10 4 1731 1729 1735 1738
10 4 295 1951 2023 1987
10 4 1951 266 1945 1941
10 4 2023 1945 277 1981
10 4 1987 1941 1981 270
10 4 2023 1951 1941 1987
10 4 2023 1987 1941 1981
10 4 2023 1981 1941 1945
10 4 2023 1945 1941 1951
10 4 126 1337 1323 1255
10 4 1337 280 1328 1261
10 4 1323 1328 125 1254
10 4 1255 1261 1254 116
10 4 1255 1337 1323 1328
10 4 1255 1323 1254 1328
10 4 1255 1254 1261 1328
10 4 1255 1261 1337 1328
10 4 77 439 980 974
10 4 439 13 445 442
10 4 980 445 231 1372
10 4 974 442 1372 133
10 4 439 1372 980 974
10 4 439 1372 974 442
10 4 439 1372 442 445
10 4 439 1372 445 980
10 4 24 561 556 559
10 4 561 271 1774 1783
10 4 556 1774 221 1773
10 4 559 1783 1773 224
10 4 559 561 556 1774
10 4 559 556 1773 1774
10 4 559 1773 1783 1774
10 4 559 1783 561 1774
10 4 272 1995 1996 1999
10 4 1995 274 2009 2011
10 4 1996 2009 283 2038
10 4 1999 2011 2038 289
10 4 1995 2038 1996 1999
10 4 1995 2038 1999 2011
10 4 1995 2038 2011 2009
10 4 1995 2038 2009 1996
10 4 272 1621 2000 1671
10 4 1621 184 1623 1620
10 4 2000 1623 291 1672
10 4 1671 1620 1672 194
10 4 1621 1672 2000 1671
10 4 1621 1672 1671 1620
10 4 1621 1672 1620 1623
10 4 1621 1672 1623 2000
10 4 130 1359 799 1354
10 4 1359 274 810 1403
10 4 799 810 57 801
10 4 1354 1403 801 137
10 4 1359 801 799 1354
10 4 1359 801 1354 1403
10 4 1359 801 1403 810
10 4 1359 801 810 799
10 4 275 2015 1954 1965
10 4 2015 281 1956 1968
10 4 1954 1956 267 1952
10 4 1965 1968 1952 268
10 4 2015 1952 1954 1965
10 4 2015 1952 1965 1968
10 4 2015 1952 1968 1956
10 4 2015 1952 1956 1954
10 4 274 810 1739 2012
10 4 810 57 806 812
10 4 1739 806 212 1743
10 4 2012 812 1743 297
10 4 1739 810 812 2012
10 4 1739 2012 812 1743
10 4 1739 1743 812 806
10 4 1739 806 812 810
10 4 288 1647 1684 2046
10 4 1647 189 1644 1649
10 4 1684 1644 198 1686
10 4 2046 1649 1686 293
10 4 1684 1647 1649 2046
10 4 1684 2046 1649 1686
10 4 1684 1686 1649 1644
10 4 1684 1644 1649 1647
10 4 271 1763 1103 1783
10 4 1763 217 1099 1762
10 4 1103 1099 93 1102
10 4 1783 1762 1102 224
10 4 1103 1763 1762 1783
10 4 1103 1783 1762 1102
10 4 1103 1102 1762 1099
10 4 1103 1099 1762 1763
10 4 281 1041 1654 1046
10 4 1041 83 1034 1033
10 4 1654 1034 190 1044
10 4 1046 1033 1044 84
10 4 1654 1041 1033 1046
10 4 1654 1046 1033 1044
10 4 1654 1044 1033 1034
10 4 1654 1034 1033 1041
10 4 217 1723 886 1713
10 4 1723 208 885 1712
10 4 886 885 66 884
10 4 1713 1712 884 207
10 4 1723 884 886 1713
10 4 1723 884 1713 1712
10 4 1723 884 1712 885
10 4 1723 884 885 886
10 4 93 1103 1102 1100
10 4 1103 271 1783 1774
10 4 1102 1783 224 1773
10 4 1100 1774 1773 221
10 4 1102 1103 1774 1100
10 4 1102 1100 1774 1773
10 4 1102 1773 1774 1783
10 4 1102 1783 1774 1103
10 4 282 1770 562 1782
10 4 1770 220 555 1767
10 4 562 555 24 558
10 4 1782 1767 558 223
10 4 1770 558 562 1782
10 4 1770 558 1782 1767
10 4 1770 558 1767 555
10 4 1770 558 555 562
10 4 176 656 1576 1056
10 4 656 35 657 652
10 4 1576 657 200 1057
10 4 1056 652 1057 86
10 4 656 1057 1576 1056
10 4 656 1057 1056 652
10 4 656 1057 652 657
10 4 656 1057 657 1576
10 4 237 1425 1286 999
10 4 1425 141 1283 996
10 4 1286 1283 119 995
10 4 999 996 995 79
10 4 1425 995 1286 999
10 4 1425 995 999 996
10 4 1425 995 996 1283
10 4 1425 995 1283 1286
10 4 133 1377 1144 1373
10 4 1377 296 1151 1823
10 4 1144 1151 99 1146
10 4 1373 1823 1146 235
10 4 1144 1377 1823 1373
10 4 1144 1373 1823 1146
10 4 1144 1146 1823 1151
10 4 1144 1151 1823 1377
10 4 278 2003 1982 2024
10 4 2003 273 1979 2006
10 4 1982 1979 270 1984
10 4 2024 2006 1984 287
10 4 2003 1984 1982 2024
10 4 2003 1984 2024 2006
10 4 2003 1984 2006 1979
10 4 2003 1984 1979 1982
10 4 296 2050 1822 1978
10 4 2050 294 1821 1977
10 4 1822 1821 234 1819
10 4 1978 1977 1819 269
10 4 2050 1819 1822 1978
10 4 2050 1819 1978 1977
10 4 2050 1819 1977 1821
10 4 2050 1819 1821 1822
10 4 280 2032 1591 1337
10 4 2032 290 1592 1338
10 4 1591 1592 178 1333
10 4 1337 1338 1333 126
10 4 2032 1333 1591 1337
10 4 2032 1333 1337 1338
10 4 2032 1333 1338 1592
10 4 2032 1333 1592 1591
10 4 286 1957 1970 2016
10 4 1957 267 1952 1954
10 4 1970 1952 268 1965
10 4 2016 1954 1965 275
10 4 1957 1965 1970 2016
10 4 1957 1965 2016 1954
10 4 1957 1965 1954 1952
10 4 1957 1965 1952 1970
10 4 277 1764 1766 551
10 4 1764 217 1761 547
10 4 1766 1761 219 549
10 4 551 547 549 23
10 4 1764 549 1766 551
10 4 1764 549 551 547
10 4 1764 549 547 1761
10 4 1764 549 1761 1766
10 4 280 1710 2004 1707
10 4 1710 206 1709 1704
10 4 2004 1709 273 1706
10 4 1707 1704 1706 205
10 4 1710 1706 2004 1707
10 4 1710 1706 1707 1704
10 4 1710 1706 1704 1709
10 4 1710 1706 1709 2004
10 4 23 550 547 544
10 4 550 271 1763 1103
10 4 547 1763 217 1099
10 4 544 1103 1099 93
10 4 547 550 1103 544
10 4 547 544 1103 1099
10 4 547 1099 1103 1763
10 4 547 1763 1103 550
10 4 99 1150 1149 574
10 4 1150 294 2047 580
10 4 1149 2047 288 579
10 4 574 580 579 26
10 4 1150 579 1149 574
10 4 1150 579 574 580
10 4 1150 579 580 2047
10 4 1150 579 2047 1149
10 4 212 1741 1739 1743
10 4 1741 287 2010 2044
10 4 1739 2010 274 2012
10 4 1743 2044 2012 297
10 4 1741 2012 1739 1743
10 4 1741 2012 1743 2044
10 4 1741 2012 2044 2010
10 4 1741 2012 2010 1739
10 4 190 1653 1651 1650
10 4 1653 279 1683 1675
10 4 1651 1683 198 1673
10 4 1650 1675 1673 195
10 4 1653 1673 1651 1650
10 4 1653 1673 1650 1675
10 4 1653 1673 1675 1683
10 4 1653 1673 1683 1651
10 4 119 1290 1283 1286
10 4 1290 293 1428 1835
10 4 1283 1428 141 1425
10 4 1286 1835 1425 237
10 4 1290 1425 1283 1286
10 4 1290 1425 1286 1835
10 4 1290 1425 1835 1428
10 4 1290 1425 1428 1283
10 4 279 1431 1416 1288
10 4 1431 142 1409 1284
10 4 1416 1409 139 1282
10 4 1288 1284 1282 119
10 4 1431 1282 1416 1288
10 4 1431 1282 1288 1284
10 4 1431 1282 1284 1409
10 4 1431 1282 1409 1416
10 4 22 543 539 538
10 4 543 284 1752 1747
10 4 539 1752 214 1744
10 4 538 1747 1744 213
10 4 538 543 539 1752
10 4 538 539 1744 1752
10 4 538 1744 1747 1752
10 4 538 1747 543 1752
10 4 135 1392 1393 1091
10 4 1392 266 1949 1095
10 4 1393 1949 289 1097
10 4 1091 1095 1097 92
10 4 1392 1097 1393 1091
10 4 1392 1097 1091 1095
10 4 1392 1097 1095 1949
10 4 1392 1097 1949 1393
10 4 267 1929 1959 1960
10 4 1929 265 1938 1939
10 4 1959 1938 291 2049
10 4 1960 1939 2049 294
10 4 1929 2049 1959 1960
10 4 1929 2049 1960 1939
10 4 1929 2049 1939 1938
10 4 1929 2049 1938 1959
10 4 82 1028 1027 1022
10 4 1028 232 1797 1130
10 4 1027 1797 228 1129
10 4 1022 1130 1129 97
10 4 1028 1129 1027 1022
10 4 1028 1129 1022 1130
10 4 1028 1129 1130 1797
10 4 1028 1129 1797 1027
10 4 141 1424 502 1426
10 4 1424 179 504 1595
10 4 502 504 18 505
10 4 1426 1595 505 239
10 4 1426 1424 502 504
10 4 1426 502 505 504
10 4 1426 505 1595 504
10 4 1426 1595 1424 504
10 4 139 1410 1416 1411
10 4 1410 177 1585 1584
10 4 1416 1585 279 1691
10 4 1411 1584 1691 201
10 4 1410 1691 1416 1411
10 4 1410 1691 1411 1584
10 4 1410 1691 1584 1585
10 4 1410 1691 1585 1416
10 4 270 1985 1941 1731
10 4 1985 289 1949 1732
10 4 1941 1949 266 1730
10 4 1731 1732 1730 209
10 4 1985 1730 1941 1731
10 4 1985 1730 1731 1732
10 4 1985 1730 1732 1949
10 4 1985 1730 1949 1941
10 4 281 1654 2034 1046
10 4 1654 190 1655 1044
10 4 2034 1655 291 1047
10 4 1046 1044 1047 84
10 4 1654 1047 2034 1046
10 4 1654 1047 1046 1044
10 4 1654 1047 1044 1655
10 4 1654 1047 1655 2034
10 4 286 1957 2016 2041
10 4 1957 267 1954 1961
10 4 2016 1954 275 2018
10 4 2041 1961 2018 296
10 4 1957 2018 2016 2041
10 4 1957 2018 2041 1961
10 4 1957 2018 1961 1954
10 4 1957 2018 1954 2016
10 4 130 1359 1354 1355
10 4 1359 274 1403 1562
10 4 1354 1403 137 1399
10 4 1355 1562 1399 174
10 4 1359 1399 1354 1355
10 4 1359 1399 1355 1562
10 4 1359 1399 1562 1403
10 4 1359 1399 1403 1354
10 4 124 1321 1317 1291
10 4 1321 276 1789 1297
10 4 1317 1789 226 1295
10 4 1291 1297 1295 120
10 4 1317 1321 1297 1291
10 4 1317 1291 1297 1295
10 4 1317 1295 1297 1789
10 4 1317 1789 1297 1321
10 4 266 1951 1928 1941
10 4 1951 295 1940 1987
10 4 1928 1940 265 1931
10 4 1941 1987 1931 270
10 4 1951 1931 1928 1941
10 4 1951 1931 1941 1987
10 4 1951 1931 1987 1940
10 4 1951 1931 1940 1928
10 4 141 1428 996 1425
10 4 1428 293 1004 1835
10 4 996 1004 79 999
10 4 1425 1835 999 237
10 4 1425 1428 996 1004
10 4 1425 996 999 1004
10 4 1425 999 1835 1004
10 4 1425 1835 1428 1004
10 4 273 2003 1979 2007
10 4 2003 278 1982 2025
10 4 1979 1982 270 1986
10 4 2007 2025 1986 292
10 4 2003 1986 1979 2007
10 4 2003 1986 2007 2025
10 4 2003 1986 2025 1982
10 4 2003 1986 1982 1979
10 4 216 1759 1758 546
10 4 1759 277 1766 551
10 4 1758 1766 219 549
10 4 546 551 549 23
10 4 1759 549 1758 546
10 4 1759 549 546 551
10 4 1759 549 551 1766
10 4 1759 549 1766 1758
10 4 281 1041 1659 2015
10 4 1041 83 1035 1039
10 4 1659 1035 191 1658
10 4 2015 1039 1658 275
10 4 1041 1658 1659 2015
10 4 1041 1658 2015 1039
10 4 1041 1658 1039 1035
10 4 1041 1658 1035 1659
10 4 85 1052 1050 1051
10 4 1052 199 1575 1598
10 4 1050 1575 176 1572
10 4 1051 1598 1572 180
10 4 1052 1572 1050 1051
10 4 1052 1572 1051 1598
10 4 1052 1572 1598 1575
10 4 1052 1572 1575 1050
10 4 25 572 568 564
10 4 572 296 1808 1119
10 4 568 1808 230 1114
10 4 564 1119 1114 95
10 4 572 1114 568 564
10 4 572 1114 564 1119
10 4 572 1114 1119 1808
10 4 572 1114 1808 568
10 4 92 1090 1094 844
10 4 1090 134 1379 845
10 4 1094 1379 213 847
10 4 844 845 847 61
10 4 844 1090 1094 1379
10 4 844 1094 847 1379
10 4 844 847 845 1379
10 4 844 845 1090 1379
10 4 175 1568 1570 1569
10 4 1568 238 1839 1837
10 4 1570 1839 283 1842
10 4 1569 1837 1842 240
10 4 1568 1842 1570 1569
10 4 1568 1842 1569 1837
10 4 1568 1842 1837 1839
10 4 1568 1842 1839 1570
10 4 125 1329 1324 1121
10 4 1329 286 1795 1126
10 4 1324 1795 227 1124
10 4 1121 1126 1124 96
10 4 1121 1329 1324 1795
10 4 1121 1324 1124 1795
10 4 1121 1124 1126 1795
10 4 1121 1126 1329 1795
10 4 289 1405 1270 1398
10 4 1405 137 1265 1394
10 4 1270 1265 117 1264
10 4 1398 1394 1264 136
10 4 1405 1264 1270 1398
10 4 1405 1264 1398 1394
10 4 1405 1264 1394 1265
10 4 1405 1264 1265 1270
10 4 214 794 837 1406
10 4 794 56 786 790
10 4 837 786 60 834
10 4 1406 790 834 138
10 4 1406 794 837 786
10 4 1406 837 834 786
10 4 1406 834 790 786
10 4 1406 790 794 786
10 4 185 1627 1628 1629
10 4 1627 273 2003 2006
10 4 1628 2003 278 2024
10 4 1629 2006 2024 287
10 4 1628 1627 2006 1629
10 4 1628 1629 2006 2024
10 4 1628 2024 2006 2003
10 4 1628 2003 2006 1627
10 4 280 1337 1370 1261
10 4 1337 126 1331 1255
10 4 1370 1331 132 1256
10 4 1261 1255 1256 116
10 4 1337 1256 1370 1261
10 4 1337 1256 1261 1255
10 4 1337 1256 1255 1331
10 4 1337 1256 1331 1370
10 4 274 1359 810 2012
10 4 1359 130 799 1360
10 4 810 799 57 812
10 4 2012 1360 812 297
10 4 810 1359 1360 2012
10 4 810 2012 1360 812
10 4 810 812 1360 799
10 4 810 799 1360 1359
10 4 284 1140 1386 1947
10 4 1140 98 1133 1137
10 4 1386 1133 134 1385
10 4 1947 1137 1385 266
10 4 1140 1385 1386 1947
10 4 1140 1385 1947 1137
10 4 1140 1385 1137 1133
10 4 1140 1385 1133 1386
10 4 126 1334 1333 1337
10 4 1334 180 1587 1599
10 4 1333 1587 178 1591
10 4 1337 1599 1591 280
10 4 1334 1591 1333 1337
10 4 1334 1591 1337 1599
10 4 1334 1591 1599 1587
10 4 1334 1591 1587 1333
10 4 267 1929 1956 1959
10 4 1929 265 1936 1938
10 4 1956 1936 281 2034
10 4 1959 1938 2034 291
10 4 1929 2034 1956 1959
10 4 1929 2034 1959 1938
10 4 1929 2034 1938 1936
10 4 1929 2034 1936 1956
10 4 216 1759 1748 1758
10 4 1759 277 1751 1766
10 4 1748 1751 214 1749
10 4 1758 1766 1749 219
10 4 1759 1749 1748 1758
10 4 1759 1749 1758 1766
10 4 1759 1749 1766 1751
10 4 1759 1749 1751 1748
10 4 141 1424 1426 1428
10 4 1424 179 1595 1596
10 4 1426 1595 239 1841
10 4 1428 1596 1841 293
10 4 1428 1424 1426 1595
10 4 1428 1426 1841 1595
10 4 1428 1841 1596 1595
10 4 1428 1596 1424 1595
10 4 70 917 921 407
10 4 917 71 931 408
10 4 921 931 221 411
10 4 407 408 411 10
10 4 917 411 921 407
10 4 917 411 407 408
10 4 917 411 408 931
10 4 917 411 931 921
10 4 234 1822 1818 1145
10 4 1822 296 1823 1151
10 4 1818 1823 235 1146
10 4 1145 1151 1146 99
10 4 1145 1822 1818 1823
10 4 1145 1818 1146 1823
10 4 1145 1146 1151 1823
10 4 1145 1151 1822 1823
10 4 278 1074 1279 1349
10 4 1074 88 1069 1070
10 4 1279 1069 118 1271
10 4 1349 1070 1271 128
10 4 1349 1074 1279 1069
10 4 1349 1279 1271 1069
10 4 1349 1271 1070 1069
10 4 1349 1070 1074 1069
10 4 81 1020 1010 1014
10 4 1020 283 1269 1827
10 4 1010 1269 117 1266
10 4 1014 1827 1266 236
10 4 1020 1266 1010 1014
10 4 1020 1266 1014 1827
10 4 1020 1266 1827 1269
10 4 1020 1266 1269 1010
10 4 119 1143 1286 476
10 4 1143 99 1147 475
10 4 1286 1147 237 480
10 4 476 475 480 16
10 4 1143 480 1286 476
10 4 1143 480 476 475
10 4 1143 480 475 1147
10 4 1143 480 1147 1286
10 4 95 1118 1105 1113
10 4 1118 269 1109 1786
10 4 1105 1109 94 1108
10 4 1113 1786 1108 225
10 4 1105 1118 1786 1113
10 4 1105 1113 1786 1108
10 4 1105 1108 1786 1109
10 4 1105 1109 1786 1118
10 4 98 1141 1134 1137
10 4 1141 289 1393 1949
10 4 1134 1393 135 1392
10 4 1137 1949 1392 266
10 4 1141 1392 1134 1137
10 4 1141 1392 1137 1949
10 4 1141 1392 1949 1393
10 4 1141 1392 1393 1134
10 4 273 1578 1633 2007
10 4 1578 176 1573 1580
10 4 1633 1573 186 1635
10 4 2007 1580 1635 292
10 4 1633 1578 1580 2007
10 4 1633 2007 1580 1635
10 4 1633 1635 1580 1573
10 4 1633 1573 1580 1578
10 4 207 1715 1713 1717
10 4 1715 224 1762 1783
10 4 1713 1762 217 1763
10 4 1717 1783 1763 271
10 4 1715 1763 1713 1717
10 4 1715 1763 1717 1783
10 4 1715 1763 1783 1762
10 4 1715 1763 1762 1713
10 4 24 562 558 556
10 4 562 282 1782 1775
10 4 558 1782 223 1772
10 4 556 1775 1772 221
10 4 558 562 1775 556
10 4 558 556 1775 1772
10 4 558 1772 1775 1782
10 4 558 1782 1775 562
10 4 292 2007 1711 1698
10 4 2007 273 1709 1697
10 4 1711 1709 206 1695
10 4 1698 1697 1695 203
10 4 1698 2007 1711 1709
10 4 1698 1711 1695 1709
10 4 1698 1695 1697 1709
10 4 1698 1697 2007 1709
10 4 283 1020 1842 1839
10 4 1020 81 1016 1015
10 4 1842 1016 240 1837
10 4 1839 1015 1837 238
10 4 1839 1020 1842 1016
10 4 1839 1842 1837 1016
10 4 1839 1837 1015 1016
10 4 1839 1015 1020 1016
10 4 210 1733 1362 823
10 4 1733 278 1365 829
10 4 1362 1365 131 820
10 4 823 829 820 59
10 4 1362 1733 829 823
10 4 1362 823 829 820
10 4 1362 820 829 1365
10 4 1362 1365 829 1733
10 4 226 1790 1785 1778
10 4 1790 285 1787 1780
10 4 1785 1787 225 1777
10 4 1778 1780 1777 222
10 4 1790 1777 1785 1778
10 4 1790 1777 1778 1780
10 4 1790 1777 1780 1787
10 4 1790 1777 1787 1785
10 4 81 1020 1014 1015
10 4 1020 283 1827 1839
10 4 1014 1827 236 1825
10 4 1015 1839 1825 238
10 4 1020 1825 1014 1015
10 4 1020 1825 1015 1839
10 4 1020 1825 1839 1827
10 4 1020 1825 1827 1014
10 4 181 1400 1340 1603
10 4 1400 137 1339 1404
10 4 1340 1339 127 1345
10 4 1603 1404 1345 283
10 4 1340 1400 1404 1603
10 4 1340 1603 1404 1345
10 4 1340 1345 1404 1339
10 4 1340 1339 1404 1400
10 4 234 1116 1819 1768
10 4 1116 95 1118 1112
10 4 1819 1118 269 1769
10 4 1768 1112 1769 220
10 4 1116 1769 1819 1768
10 4 1116 1769 1768 1112
10 4 1116 1769 1112 1118
10 4 1116 1769 1118 1819
10 4 282 1104 1782 1775
10 4 1104 93 1101 1100
10 4 1782 1101 223 1772
10 4 1775 1100 1772 221
10 4 1775 1104 1782 1101
10 4 1775 1782 1772 1101
10 4 1775 1772 1100 1101
10 4 1775 1100 1104 1101
10 4 14 453 457 460
10 4 453 75 960 966
10 4 457 960 140 1419
10 4 460 966 1419 232
10 4 453 1419 457 460
10 4 453 1419 460 966
10 4 453 1419 966 960
10 4 453 1419 960 457
10 4 296 572 1978 1119
10 4 572 25 569 564
10 4 1978 569 269 1118
10 4 1119 564 1118 95
10 4 572 1118 1978 1119
10 4 572 1118 1119 564
10 4 572 1118 564 569
10 4 572 1118 569 1978
10 4 95 1118 1113 564
10 4 1118 269 1786 569
10 4 1113 1786 225 566
10 4 564 569 566 25
10 4 1113 1118 569 564
10 4 1113 564 569 566
10 4 1113 566 569 1786
10 4 1113 1786 569 1118
10 4 177 1586 1581 1423
10 4 1586 293 1596 1428
10 4 1581 1596 179 1424
10 4 1423 1428 1424 141
10 4 1586 1424 1581 1423
10 4 1586 1424 1423 1428
10 4 1586 1424 1428 1596
10 4 1586 1424 1596 1581
10 4 280 773 1707 1261
10 4 773 54 770 765
10 4 1707 770 205 1257
10 4 1261 765 1257 116
10 4 773 1257 1707 1261
10 4 773 1257 1261 765
10 4 773 1257 765 770
10 4 773 1257 770 1707
10 4 206 1709 1704 1695
10 4 1709 273 1706 1697
10 4 1704 1706 205 1694
10 4 1695 1697 1694 203
10 4 1695 1709 1704 1706
10 4 1695 1704 1694 1706
10 4 1695 1694 1697 1706
10 4 1695 1697 1709 1706
10 4 280 2033 1707 2004
10 4 2033 295 1708 2008
10 4 1707 1708 205 1706
10 4 2004 2008 1706 273
10 4 2033 1706 1707 2004
10 4 2033 1706 2004 2008
10 4 2033 1706 2008 1708
10 4 2033 1706 1708 1707
10 4 283 1404 1345 1269
10 4 1404 137 1339 1265
10 4 1345 1339 127 1262
10 4 1269 1265 1262 117
10 4 1404 1262 1345 1269
10 4 1404 1262 1269 1265
10 4 1404 1262 1265 1339
10 4 1404 1262 1339 1345
10 4 265 1933 1938 1939
10 4 1933 272 2000 2002
10 4 1938 2000 291 2049
10 4 1939 2002 2049 294
10 4 1933 2049 1938 1939
10 4 1933 2049 1939 2002
10 4 1933 2049 2002 2000
10 4 1933 2049 2000 1938
10 4 268 1963 1962 1969
10 4 1963 271 1973 1992
10 4 1962 1973 269 1975
10 4 1969 1992 1975 285
10 4 1969 1963 1962 1973
10 4 1969 1962 1975 1973
10 4 1969 1975 1992 1973
10 4 1969 1992 1963 1973
10 4 185 1627 1624 1628
10 4 1627 273 1633 2003
10 4 1624 1633 186 1634
10 4 1628 2003 1634 278
10 4 1627 1634 1624 1628
10 4 1627 1634 1628 2003
10 4 1627 1634 2003 1633
10 4 1627 1634 1633 1624
10 4 91 1088 1085 1089
10 4 1088 270 1725 1981
10 4 1085 1725 208 1726
10 4 1089 1981 1726 277
10 4 1089 1088 1085 1725
10 4 1089 1085 1726 1725
10 4 1089 1726 1981 1725
10 4 1089 1981 1088 1725
10 4 294 2050 1150 2047
10 4 2050 296 1151 2048
10 4 1150 1151 99 1149
10 4 2047 2048 1149 288
10 4 2050 1149 1150 2047
10 4 2050 1149 2047 2048
10 4 2050 1149 2048 1151
10 4 2050 1149 1151 1150
10 4 82 1031 1023 1025
10 4 1031 279 1675 1691
10 4 1023 1675 195 1674
10 4 1025 1691 1674 201
10 4 1023 1031 1691 1025
10 4 1023 1025 1691 1674
10 4 1023 1674 1691 1675
10 4 1023 1675 1691 1031
10 4 228 1690 1027 1129
10 4 1690 201 1025 1127
10 4 1027 1025 82 1022
10 4 1129 1127 1022 97
10 4 1027 1690 1127 1129
10 4 1027 1129 1127 1022
10 4 1027 1022 1127 1025
10 4 1027 1025 1127 1690
10 4 278 1737 1740 1982
10 4 1737 211 1735 1736
10 4 1740 1735 212 1738
10 4 1982 1736 1738 270
10 4 1737 1738 1740 1982
10 4 1737 1738 1982 1736
10 4 1737 1738 1736 1735
10 4 1737 1738 1735 1740
10 4 192 1663 1656 1660
10 4 1663 275 1658 1677
10 4 1656 1658 191 1657
10 4 1660 1677 1657 196
10 4 1663 1657 1656 1660
10 4 1663 1657 1660 1677
10 4 1663 1657 1677 1658
10 4 1663 1657 1658 1656
10 4 85 1049 661 340
10 4 1049 132 665 343
10 4 661 665 36 337
10 4 340 343 337 4
10 4 661 1049 343 340
10 4 661 340 343 337
10 4 661 337 343 665
10 4 661 665 343 1049
10 4 23 552 544 545
10 4 552 282 1104 1755
10 4 544 1104 93 1098
10 4 545 1755 1098 215
10 4 552 1098 544 545
10 4 552 1098 545 1755
10 4 552 1098 1755 1104
10 4 552 1098 1104 544
10 4 280 2033 2004 1967
10 4 2033 295 2008 1972
10 4 2004 2008 273 1964
10 4 1967 1972 1964 268
10 4 2033 1964 2004 1967
10 4 2033 1964 1967 1972
10 4 2033 1964 1972 2008
10 4 2033 1964 2008 2004
10 4 66 885 887 787
10 4 885 208 1724 793
10 4 887 1724 219 795
10 4 787 793 795 56
10 4 885 795 887 787
10 4 885 795 787 793
10 4 885 795 793 1724
10 4 885 795 1724 887
10 4 93 1104 1101 1098
10 4 1104 282 1782 1755
10 4 1101 1782 223 1754
10 4 1098 1755 1754 215
10 4 1104 1754 1101 1098
10 4 1104 1754 1098 1755
10 4 1104 1754 1755 1782
10 4 1104 1754 1782 1101
10 4 283 610 1842 1345
10 4 610 30 609 606
10 4 1842 609 240 1341
10 4 1345 606 1341 127
10 4 610 1341 1842 1345
10 4 610 1341 1345 606
10 4 610 1341 606 609
10 4 610 1341 609 1842
10 4 295 1727 533 1987
10 4 1727 208 531 1725
10 4 533 531 21 532
10 4 1987 1725 532 270
10 4 1727 532 533 1987
10 4 1727 532 1987 1725
10 4 1727 532 1725 531
10 4 1727 532 531 533
10 4 273 1627 1667 2006
10 4 1627 185 1626 1629
10 4 1667 1626 193 1669
10 4 2006 1629 1669 287
10 4 1627 1669 1667 2006
10 4 1627 1669 2006 1629
10 4 1627 1669 1629 1626
10 4 1627 1669 1626 1667
10 4 19 515 516 511
10 4 515 175 1569 1152
10 4 516 1569 240 1156
10 4 511 1152 1156 100
10 4 511 515 516 1569
10 4 511 516 1156 1569
10 4 511 1156 1152 1569
10 4 511 1152 515 1569
10 4 292 1703 759 1711
10 4 1703 204 752 1700
10 4 759 752 52 753
10 4 1711 1700 753 206
10 4 1711 1703 759 752
10 4 1711 759 753 752
10 4 1711 753 1700 752
10 4 1711 1700 1703 752
10 4 176 1580 1056 1576
10 4 1580 292 1059 1689
10 4 1056 1059 86 1057
10 4 1576 1689 1057 200
10 4 1580 1057 1056 1576
10 4 1580 1057 1576 1689
10 4 1580 1057 1689 1059
10 4 1580 1057 1059 1056
10 4 296 1822 1119 1978
10 4 1822 234 1116 1819
10 4 1119 1116 95 1118
10 4 1978 1819 1118 269
10 4 1822 1118 1119 1978
10 4 1822 1118 1978 1819
10 4 1822 1118 1819 1116
10 4 1822 1118 1116 1119
10 4 130 1359 1355 1360
10 4 1359 274 1562 2012
10 4 1355 1562 174 1563
10 4 1360 2012 1563 297
10 4 1359 1563 1355 1360
10 4 1359 1563 1360 2012
10 4 1359 1563 2012 1562
10 4 1359 1563 1562 1355
10 4 275 2013 1809 2018
10 4 2013 279 1810 2029
10 4 1809 1810 231 1812
10 4 2018 2029 1812 296
10 4 2018 2013 1809 1810
10 4 2018 1809 1812 1810
10 4 2018 1812 2029 1810
10 4 2018 2029 2013 1810
10 4 283 1646 1570 1681
10 4 1646 189 1566 1643
10 4 1570 1566 175 1567
10 4 1681 1643 1567 197
10 4 1646 1567 1570 1681
10 4 1646 1567 1681 1643
10 4 1646 1567 1643 1566
10 4 1646 1567 1566 1570
10 4 286 2041 1807 571
10 4 2041 296 1808 572
10 4 1807 1808 230 568
10 4 571 572 568 25
10 4 1807 2041 572 571
10 4 1807 571 572 568
10 4 1807 568 572 1808
10 4 1807 1808 572 2041
10 4 87 1061 1063 1065
10 4 1061 120 1292 1297
10 4 1063 1292 207 1718
10 4 1065 1297 1718 276
10 4 1061 1718 1063 1065
10 4 1061 1718 1065 1297
10 4 1061 1718 1297 1292
10 4 1061 1718 1292 1063
10 4 292 1059 1689 1353
10 4 1059 86 1057 1055
10 4 1689 1057 200 1350
10 4 1353 1055 1350 129
10 4 1059 1350 1689 1353
10 4 1059 1350 1353 1055
10 4 1059 1350 1055 1057
10 4 1059 1350 1057 1689
10 4 280 1678 1664 1591
10 4 1678 196 1660 1589
10 4 1664 1660 192 1588
10 4 1591 1589 1588 178
10 4 1678 1588 1664 1591
10 4 1678 1588 1591 1589
10 4 1678 1588 1589 1660
10 4 1678 1588 1660 1664
10 4 24 560 555 562
10 4 560 269 1769 1974
10 4 555 1769 220 1770
10 4 562 1974 1770 282
10 4 560 1770 555 562
10 4 560 1770 562 1974
10 4 560 1770 1974 1769
10 4 560 1770 1769 555
10 4 215 1304 1299 857
10 4 1304 122 1298 855
10 4 1299 1298 121 854
10 4 857 855 854 62
10 4 1299 1304 855 857
10 4 1299 857 855 854
10 4 1299 854 855 1298
10 4 1299 1298 855 1304
10 4 99 1143 1144 475
10 4 1143 119 1281 476
10 4 1144 1281 133 477
10 4 475 476 477 16
10 4 1144 1143 476 475
10 4 1144 475 476 477
10 4 1144 477 476 1281
10 4 1144 1281 476 1143
10 4 283 610 1570 1842
10 4 610 30 607 609
10 4 1570 607 175 1569
10 4 1842 609 1569 240
10 4 610 1569 1570 1842
10 4 610 1569 1842 609
10 4 610 1569 609 607
10 4 610 1569 607 1570
10 4 224 1762 897 1314
10 4 1762 217 896 1313
10 4 897 896 67 894
10 4 1314 1313 894 123
10 4 897 1762 1313 1314
10 4 897 1314 1313 894
10 4 897 894 1313 896
10 4 897 896 1313 1762
10 4 99 1144 1146 475
10 4 1144 133 1373 477
10 4 1146 1373 235 479
10 4 475 477 479 16
10 4 1144 479 1146 475
10 4 1144 479 475 477
10 4 1144 479 477 1373
10 4 1144 479 1373 1146
10 4 282 1139 1820 1310
10 4 1139 98 1135 1132
10 4 1820 1135 234 1306
10 4 1310 1132 1306 122
10 4 1139 1306 1820 1310
10 4 1139 1306 1310 1132
10 4 1139 1306 1132 1135
10 4 1139 1306 1135 1820
10 4 193 1668 521 1555
10 4 1668 281 523 1557
10 4 521 523 20 519
10 4 1555 1557 519 173
10 4 1668 519 521 1555
10 4 1668 519 1555 1557
10 4 1668 519 1557 523
10 4 1668 519 523 521
10 4 179 1153 1595 1596
10 4 1153 100 1155 1157
10 4 1595 1155 239 1841
10 4 1596 1157 1841 293
10 4 1595 1153 1157 1596
10 4 1595 1596 1157 1841
10 4 1595 1841 1157 1155
10 4 1595 1155 1157 1153
10 4 198 1683 1583 1673
10 4 1683 279 1585 1675
10 4 1583 1585 177 1582
10 4 1673 1675 1582 195
10 4 1683 1582 1583 1673
10 4 1683 1582 1673 1675
10 4 1683 1582 1675 1585
10 4 1683 1582 1585 1583
10 4 270 1750 541 1981
10 4 1750 214 539 1751
10 4 541 539 22 542
10 4 1981 1751 542 277
10 4 1750 542 541 1981
10 4 1750 542 1981 1751
10 4 1750 542 1751 539
10 4 1750 542 539 541
10 4 24 561 559 563
10 4 561 271 1783 1992
10 4 559 1783 224 1784
10 4 563 1992 1784 285
10 4 561 1784 559 563
10 4 561 1784 563 1992
10 4 561 1784 1992 1783
10 4 561 1784 1783 559
10 4 271 1963 1988 1992
10 4 1963 268 1966 1969
10 4 1988 1966 276 2020
10 4 1992 1969 2020 285
10 4 1988 1963 1969 1992
10 4 1988 1992 1969 2020
10 4 1988 2020 1969 1966
10 4 1988 1966 1969 1963
10 4 288 1828 1834 579
10 4 1828 236 1824 576
10 4 1834 1824 237 577
10 4 579 576 577 26
10 4 1828 577 1834 579
10 4 1828 577 579 576
10 4 1828 577 576 1824
10 4 1828 577 1824 1834
10 4 18 504 500 505
10 4 504 179 1153 1595
10 4 500 1153 100 1155
10 4 505 1595 1155 239
10 4 500 504 1595 505
10 4 500 505 1595 1155
10 4 500 1155 1595 1153
10 4 500 1153 1595 504
10 4 223 1305 990 1300
10 4 1305 122 987 1298
10 4 990 987 78 986
10 4 1300 1298 986 121
10 4 1305 986 990 1300
10 4 1305 986 1300 1298
10 4 1305 986 1298 987
10 4 1305 986 987 990
10 4 178 1417 1333 1592
10 4 1417 140 1332 1421
10 4 1333 1332 126 1338
10 4 1592 1421 1338 290
10 4 1417 1338 1333 1592
10 4 1417 1338 1592 1421
10 4 1417 1338 1421 1332
10 4 1417 1338 1332 1333
10 4 267 1953 1960 1961
10 4 1953 269 1977 1978
10 4 1960 1977 294 2050
10 4 1961 1978 2050 296
10 4 1953 2050 1960 1961
10 4 1953 2050 1961 1978
10 4 1953 2050 1978 1977
10 4 1953 2050 1977 1960
10 4 179 1564 1153 1596
10 4 1564 175 1152 1571
10 4 1153 1152 100 1157
10 4 1596 1571 1157 293
10 4 1153 1564 1571 1596
10 4 1153 1596 1571 1157
10 4 1153 1157 1571 1152
10 4 1153 1152 1571 1564
10 4 275 1030 1677 2017
10 4 1030 82 1024 1032
10 4 1677 1024 196 1679
10 4 2017 1032 1679 290
10 4 1030 1679 1677 2017
10 4 1030 1679 2017 1032
10 4 1030 1679 1032 1024
10 4 1030 1679 1024 1677
10 4 126 1334 1331 671
10 4 1334 180 1366 674
10 4 1331 1366 132 672
10 4 671 674 672 37
10 4 1334 672 1331 671
10 4 1334 672 671 674
10 4 1334 672 674 1366
10 4 1334 672 1366 1331
10 4 187 1356 1637 1636
10 4 1356 130 1360 1357
10 4 1637 1360 297 1734
10 4 1636 1357 1734 210
10 4 1356 1734 1637 1636
10 4 1356 1734 1636 1357
10 4 1356 1734 1357 1360
10 4 1356 1734 1360 1637
10 4 231 1812 1115 1805
10 4 1812 296 1119 1808
10 4 1115 1119 95 1114
10 4 1805 1808 1114 230
10 4 1115 1812 1808 1805
10 4 1115 1805 1808 1114
10 4 1115 1114 1808 1119
10 4 1115 1119 1808 1812
10 4 210 1548 1362 1733
10 4 1548 172 1361 1549
10 4 1362 1361 131 1365
10 4 1733 1549 1365 278
10 4 1733 1548 1362 1361
10 4 1733 1362 1365 1361
10 4 1733 1365 1549 1361
10 4 1733 1549 1548 1361
10 4 287 1741 2024 2044
10 4 1741 212 1740 1743
10 4 2024 1740 278 2026
10 4 2044 1743 2026 297
10 4 1741 2026 2024 2044
10 4 1741 2026 2044 1743
10 4 1741 2026 1743 1740
10 4 1741 2026 1740 2024
10 4 141 1428 1426 996
10 4 1428 293 1841 1004
10 4 1426 1841 239 1001
10 4 996 1004 1001 79
10 4 1426 1428 1004 996
10 4 1426 996 1004 1001
10 4 1426 1001 1004 1841
10 4 1426 1841 1004 1428
10 4 224 1762 1102 932
10 4 1762 217 1099 930
10 4 1102 1099 93 927
10 4 932 930 927 71
10 4 1102 1762 930 932
10 4 1102 932 930 927
10 4 1102 927 930 1099
10 4 1102 1099 930 1762
10 4 98 1142 1139 573
10 4 1142 294 2037 580
10 4 1139 2037 282 578
10 4 573 580 578 26
10 4 1142 578 1139 573
10 4 1142 578 573 580
10 4 1142 578 580 2037
10 4 1142 578 2037 1139
10 4 217 1723 1713 1764
10 4 1723 208 1712 1726
10 4 1713 1712 207 1719
10 4 1764 1726 1719 277
10 4 1723 1719 1713 1764
10 4 1723 1719 1764 1726
10 4 1723 1719 1726 1712
10 4 1723 1719 1712 1713
10 4 117 1131 1263 487
10 4 1131 98 1134 486
10 4 1263 1134 135 490
10 4 487 486 490 17
10 4 487 1131 1263 1134
10 4 487 1263 490 1134
10 4 487 490 486 1134
10 4 487 486 1131 1134
10 4 210 1733 823 1734
10 4 1733 278 829 2026
10 4 823 829 59 830
10 4 1734 2026 830 297
10 4 1733 830 823 1734
10 4 1733 830 1734 2026
10 4 1733 830 2026 829
10 4 1733 830 829 823
10 4 279 2013 1955 2029
10 4 2013 275 1954 2018
10 4 1955 1954 267 1961
10 4 2029 2018 1961 296
10 4 1955 2013 2018 2029
10 4 1955 2029 2018 1961
10 4 1955 1961 2018 1954
10 4 1955 1954 2018 2013
10 4 283 1610 1603 2009
10 4 1610 182 1600 1609
10 4 1603 1600 181 1602
10 4 2009 1609 1602 274
10 4 1610 1602 1603 2009
10 4 1610 1602 2009 1609
10 4 1610 1602 1609 1600
10 4 1610 1602 1600 1603
10 4 214 1752 1748 1744
10 4 1752 284 1760 1747
10 4 1748 1760 216 1745
10 4 1744 1747 1745 213
10 4 1752 1745 1748 1744
10 4 1752 1745 1744 1747
10 4 1752 1745 1747 1760
10 4 1752 1745 1760 1748
10 4 211 1737 1346 1736
10 4 1737 278 1349 1982
10 4 1346 1349 128 1348
10 4 1736 1982 1348 270
10 4 1737 1348 1346 1736
10 4 1737 1348 1736 1982
10 4 1737 1348 1982 1349
10 4 1737 1348 1349 1346
10 4 139 1416 1282 1371
10 4 1416 279 1288 1376
10 4 1282 1288 119 1281
10 4 1371 1376 1281 133
10 4 1371 1416 1282 1288
10 4 1371 1282 1281 1288
10 4 1371 1281 1376 1288
10 4 1371 1376 1416 1288
10 4 197 1680 1643 1670
10 4 1680 272 1645 1671
10 4 1643 1645 189 1642
10 4 1670 1671 1642 194
10 4 1643 1680 1671 1670
10 4 1643 1670 1671 1642
10 4 1643 1642 1671 1645
10 4 1643 1645 1671 1680
10 4 292 1703 1353 759
10 4 1703 204 1351 752
10 4 1353 1351 129 748
10 4 759 752 748 52
10 4 759 1703 1353 1351
10 4 759 1353 748 1351
10 4 759 748 752 1351
10 4 759 752 1703 1351
10 4 131 1362 388 1077
10 4 1362 210 390 1080
10 4 388 390 8 385
10 4 1077 1080 385 89
10 4 1077 1362 388 390
10 4 1077 388 385 390
10 4 1077 385 1080 390
10 4 1077 1080 1362 390
10 4 232 1028 1692 1130
10 4 1028 82 1026 1022
10 4 1692 1026 202 1128
10 4 1130 1022 1128 97
10 4 1028 1128 1692 1130
10 4 1028 1128 1130 1022
10 4 1028 1128 1022 1026
10 4 1028 1128 1026 1692
10 4 179 602 504 1153
10 4 602 29 497 598
10 4 504 497 18 500
10 4 1153 598 500 100
10 4 602 500 504 1153
10 4 602 500 1153 598
10 4 602 500 598 497
10 4 602 500 497 504
10 4 89 1078 633 1077
10 4 1078 172 637 1361
10 4 633 637 33 636
10 4 1077 1361 636 131
10 4 1077 1078 633 637
10 4 1077 633 636 637
10 4 1077 636 1361 637
10 4 1077 1361 1078 637
10 4 198 1685 1651 1541
10 4 1685 291 1655 1542
10 4 1651 1655 190 1539
10 4 1541 1542 1539 171
10 4 1541 1685 1651 1655
10 4 1541 1651 1539 1655
10 4 1541 1539 1542 1655
10 4 1541 1542 1685 1655
10 4 269 560 1769 1975
10 4 560 24 555 563
10 4 1769 555 220 1771
10 4 1975 563 1771 285
10 4 560 1771 1769 1975
10 4 560 1771 1975 563
10 4 560 1771 563 555
10 4 560 1771 555 1769
10 4 123 1312 1313 780
10 4 1312 207 1713 782
10 4 1313 1713 217 783
10 4 780 782 783 55
10 4 1312 783 1313 780
10 4 1312 783 780 782
10 4 1312 783 782 1713
10 4 1312 783 1713 1313
10 4 191 1658 1035 1657
10 4 1658 275 1039 1677
10 4 1035 1039 83 1037
10 4 1657 1677 1037 196
10 4 1657 1658 1035 1039
10 4 1657 1035 1037 1039
10 4 1657 1037 1677 1039
10 4 1657 1677 1658 1039
10 4 278 648 1279 2025
10 4 648 34 642 649
10 4 1279 642 118 1280
10 4 2025 649 1280 292
10 4 1279 648 649 2025
10 4 1279 2025 649 1280
10 4 1279 1280 649 642
10 4 1279 642 649 648
10 4 201 308 1127 470
10 4 308 0 305 299
10 4 1127 305 97 466
10 4 470 299 466 15
10 4 308 466 1127 470
10 4 308 466 470 299
10 4 308 466 299 305
10 4 308 466 305 1127
10 4 182 1611 1604 1609
10 4 1611 287 1616 2010
10 4 1604 1616 183 1615
10 4 1609 2010 1615 274
10 4 1611 1615 1604 1609
10 4 1611 1615 1609 2010
10 4 1611 1615 2010 1616
10 4 1611 1615 1616 1604
10 4 88 1075 1069 1071
10 4 1075 292 1280 1698
10 4 1069 1280 118 1274
10 4 1071 1698 1274 203
10 4 1075 1274 1069 1071
10 4 1075 1274 1071 1698
10 4 1075 1274 1698 1280
10 4 1075 1274 1280 1069
10 4 266 1730 1949 1095
10 4 1730 209 1732 1093
10 4 1949 1732 289 1097
10 4 1095 1093 1097 92
10 4 1730 1097 1949 1095
10 4 1730 1097 1095 1093
10 4 1730 1097 1093 1732
10 4 1730 1097 1732 1949
10 4 177 1585 1584 1582
10 4 1585 279 1691 1675
10 4 1584 1691 201 1674
10 4 1582 1675 1674 195
10 4 1582 1585 1584 1691
10 4 1582 1584 1674 1691
10 4 1582 1674 1675 1691
10 4 1582 1675 1585 1691
10 4 192 1662 1661 1638
10 4 1662 273 1687 1641
10 4 1661 1687 199 1640
10 4 1638 1641 1640 188
10 4 1638 1662 1661 1687
10 4 1638 1661 1640 1687
10 4 1638 1640 1641 1687
10 4 1638 1641 1662 1687
10 4 83 1041 1035 1033
10 4 1041 281 1659 1046
10 4 1035 1659 191 1045
10 4 1033 1046 1045 84
10 4 1041 1045 1035 1033
10 4 1041 1045 1033 1046
10 4 1041 1045 1046 1659
10 4 1041 1045 1659 1035
10 4 132 1370 1256 766
10 4 1370 280 1261 773
10 4 1256 1261 116 765
10 4 766 773 765 54
10 4 1256 1370 773 766
10 4 1256 766 773 765
10 4 1256 765 773 1261
10 4 1256 1261 773 1370
10 4 297 1630 2026 2044
10 4 1630 185 1628 1629
10 4 2026 1628 278 2024
10 4 2044 1629 2024 287
10 4 1630 2024 2026 2044
10 4 1630 2024 2044 1629
10 4 1630 2024 1629 1628
10 4 1630 2024 1628 2026
10 4 214 794 1087 837
10 4 794 56 789 786
10 4 1087 789 91 833
10 4 837 786 833 60
10 4 794 833 1087 837
10 4 794 833 837 786
10 4 794 833 786 789
10 4 794 833 789 1087
10 4 278 648 1365 1279
10 4 648 34 644 642
10 4 1365 644 131 1273
10 4 1279 642 1273 118
10 4 648 1273 1365 1279
10 4 648 1273 1279 642
10 4 648 1273 642 644
10 4 648 1273 644 1365
10 4 95 1105 951 1113
10 4 1105 94 950 1108
10 4 951 950 74 952
10 4 1113 1108 952 225
10 4 1105 952 951 1113
10 4 1105 952 1113 1108
10 4 1105 952 1108 950
10 4 1105 952 950 951
10 4 59 394 824 819
10 4 394 9 401 398
10 4 824 401 211 1346
10 4 819 398 1346 128
10 4 394 1346 824 819
10 4 394 1346 819 398
10 4 394 1346 398 401
10 4 394 1346 401 824
10 4 192 1662 1638 1554
10 4 1662 273 1641 1556
10 4 1638 1641 188 1552
10 4 1554 1556 1552 173
10 4 1638 1662 1556 1554
10 4 1638 1554 1556 1552
10 4 1638 1552 1556 1641
10 4 1638 1641 1556 1662
10 4 89 1078 1079 633
10 4 1078 172 1546 637
10 4 1079 1546 187 638
10 4 633 637 638 33
10 4 1078 638 1079 633
10 4 1078 638 633 637
10 4 1078 638 637 1546
10 4 1078 638 1546 1079
10 4 81 1020 1016 1011
10 4 1020 283 1842 1345
10 4 1016 1842 240 1341
10 4 1011 1345 1341 127
10 4 1020 1341 1016 1011
10 4 1020 1341 1011 1345
10 4 1020 1341 1345 1842
10 4 1020 1341 1842 1016
10 4 136 1092 1387 1398
10 4 1092 92 1091 1097
10 4 1387 1091 135 1393
10 4 1398 1097 1393 289
10 4 1092 1393 1387 1398
10 4 1092 1393 1398 1097
10 4 1092 1393 1097 1091
10 4 1092 1393 1091 1387
10 4 282 2035 1755 552
10 4 2035 284 1756 553
10 4 1755 1756 215 545
10 4 552 553 545 23
10 4 552 2035 1755 1756
10 4 552 1755 545 1756
10 4 552 545 553 1756
10 4 552 553 2035 1756
10 4 0 309 305 298
10 4 309 202 1128 459
10 4 305 1128 97 455
10 4 298 459 455 14
10 4 309 455 305 298
10 4 309 455 298 459
10 4 309 455 459 1128
10 4 309 455 1128 305
10 4 133 1377 1111 1372
10 4 1377 296 1119 1812
10 4 1111 1119 95 1115
10 4 1372 1812 1115 231
10 4 1111 1377 1812 1372
10 4 1111 1372 1812 1115
10 4 1111 1115 1812 1119
10 4 1111 1119 1812 1377
10 4 281 523 1046 2034
10 4 523 20 517 525
10 4 1046 517 84 1047
10 4 2034 525 1047 291
10 4 523 1047 1046 2034
10 4 523 1047 2034 525
10 4 523 1047 525 517
10 4 523 1047 517 1046
10 4 275 1030 1039 1677
10 4 1030 82 1021 1024
10 4 1039 1021 83 1037
10 4 1677 1024 1037 196
10 4 1030 1037 1039 1677
10 4 1030 1037 1677 1024
10 4 1030 1037 1024 1021
10 4 1030 1037 1021 1039
10 4 98 1142 1137 1139
10 4 1142 294 1950 2037
10 4 1137 1950 266 1946
10 4 1139 2037 1946 282
10 4 1139 1142 1137 1950
10 4 1139 1137 1946 1950
10 4 1139 1946 2037 1950
10 4 1139 2037 1142 1950
10 4 175 1564 1566 1571
10 4 1564 179 1593 1596
10 4 1566 1593 189 1649
10 4 1571 1596 1649 293
10 4 1571 1564 1566 1593
10 4 1571 1566 1649 1593
10 4 1571 1649 1596 1593
10 4 1571 1596 1564 1593
10 4 210 1548 1733 1734
10 4 1548 172 1549 1551
10 4 1733 1549 278 2026
10 4 1734 1551 2026 297
10 4 1733 1548 1551 1734
10 4 1733 1734 1551 2026
10 4 1733 2026 1551 1549
10 4 1733 1549 1551 1548
10 4 286 2041 571 1976
10 4 2041 296 572 1978
10 4 571 572 25 569
10 4 1976 1978 569 269
10 4 2041 569 571 1976
10 4 2041 569 1976 1978
10 4 2041 569 1978 572
10 4 2041 569 572 571
10 4 181 1400 1558 618
10 4 1400 137 1399 616
10 4 1558 1399 174 617
10 4 618 616 617 31
10 4 1400 617 1558 618
10 4 1400 617 618 616
10 4 1400 617 616 1399
10 4 1400 617 1399 1558
10 4 88 1074 1069 1075
10 4 1074 278 1279 2025
10 4 1069 1279 118 1280
10 4 1075 2025 1280 292
10 4 1074 1280 1069 1075
10 4 1074 1280 1075 2025
10 4 1074 1280 2025 1279
10 4 1074 1280 1279 1069
10 4 94 1109 1106 1110
10 4 1109 269 1769 1975
10 4 1106 1769 220 1771
10 4 1110 1975 1771 285
10 4 1109 1771 1106 1110
10 4 1109 1771 1110 1975
10 4 1109 1771 1975 1769
10 4 1109 1771 1769 1106
10 4 214 1750 1087 1751
10 4 1750 270 1088 1981
10 4 1087 1088 91 1089
10 4 1751 1981 1089 277
10 4 1750 1089 1087 1751
10 4 1750 1089 1751 1981
10 4 1750 1089 1981 1088
10 4 1750 1089 1088 1087
10 4 198 1685 1541 1644
10 4 1685 291 1542 1648
10 4 1541 1542 171 1538
10 4 1644 1648 1538 189
10 4 1541 1685 1648 1644
10 4 1541 1644 1648 1538
10 4 1541 1538 1648 1542
10 4 1541 1542 1648 1685
10 4 271 1991 1990 550
10 4 1991 284 2035 553
10 4 1990 2035 282 552
10 4 550 553 552 23
10 4 1991 552 1990 550
10 4 1991 552 550 553
10 4 1991 552 553 2035
10 4 1991 552 2035 1990
10 4 68 904 903 901
10 4 904 95 1105 951
10 4 903 1105 94 950
10 4 901 951 950 74
10 4 903 904 951 901
10 4 903 901 951 950
10 4 903 950 951 1105
10 4 903 1105 951 904
10 4 229 1804 964 1801
10 4 1804 290 970 1817
10 4 964 970 75 967
10 4 1801 1817 967 233
10 4 1804 967 964 1801
10 4 1804 967 1801 1817
10 4 1804 967 1817 970
10 4 1804 967 970 964
10 4 175 607 515 1569
10 4 607 30 508 609
10 4 515 508 19 516
10 4 1569 609 516 240
10 4 515 607 609 1569
10 4 515 1569 609 516
10 4 515 516 609 508
10 4 515 508 609 607
10 4 185 1625 1627 1626
10 4 1625 188 1641 1639
10 4 1627 1641 273 1667
10 4 1626 1639 1667 193
10 4 1625 1667 1627 1626
10 4 1625 1667 1626 1639
10 4 1625 1667 1639 1641
10 4 1625 1667 1641 1627
10 4 184 1537 520 1623
10 4 1537 171 518 1542
10 4 520 518 20 525
10 4 1623 1542 525 291
10 4 1537 525 520 1623
10 4 1537 525 1623 1542
10 4 1537 525 1542 518
10 4 1537 525 518 520
10 4 56 795 787 790
10 4 795 219 887 1407
10 4 787 887 66 882
10 4 790 1407 882 138
10 4 795 882 787 790
10 4 795 882 790 1407
10 4 795 882 1407 887
10 4 795 882 887 787
10 4 271 550 1763 1989
10 4 550 23 547 551
10 4 1763 547 217 1764
10 4 1989 551 1764 277
10 4 550 1764 1763 1989
10 4 550 1764 1989 551
10 4 550 1764 551 547
10 4 550 1764 547 1763
10 4 188 1625 1641 1631
10 4 1625 185 1627 1624
10 4 1641 1627 273 1633
10 4 1631 1624 1633 186
10 4 1625 1633 1641 1631
10 4 1625 1633 1631 1624
10 4 1625 1633 1624 1627
10 4 1625 1633 1627 1641
10 4 281 523 1557 1046
10 4 523 20 519 517
10 4 1557 519 173 1043
10 4 1046 517 1043 84
10 4 523 1043 1557 1046
10 4 523 1043 1046 517
10 4 523 1043 517 519
10 4 523 1043 519 1557
10 4 274 1602 1562 1609
10 4 1602 181 1558 1600
10 4 1562 1558 174 1559
10 4 1609 1600 1559 182
10 4 1602 1559 1562 1609
10 4 1602 1559 1609 1600
10 4 1602 1559 1600 1558
10 4 1602 1559 1558 1562
10 4 217 783 896 1313
10 4 783 55 776 780
10 4 896 776 67 894
10 4 1313 780 894 123
10 4 1313 783 896 776
10 4 1313 896 894 776
10 4 1313 894 780 776
10 4 1313 780 783 776
10 4 271 1991 550 1989
10 4 1991 284 553 2022
10 4 550 553 23 551
10 4 1989 2022 551 277
10 4 1991 551 550 1989
10 4 1991 551 1989 2022
10 4 1991 551 2022 553
10 4 1991 551 553 550
10 4 201 1690 470 1127
10 4 1690 228 471 1129
10 4 470 471 15 466
10 4 1127 1129 466 97
10 4 1127 1690 470 471
10 4 1127 470 466 471
10 4 1127 466 1129 471
10 4 1127 1129 1690 471
10 4 294 1821 2037 580
10 4 1821 234 1820 575
10 4 2037 1820 282 578
10 4 580 575 578 26
10 4 1821 578 2037 580
10 4 1821 578 580 575
10 4 1821 578 575 1820
10 4 1821 578 1820 2037
10 4 217 1762 896 930
10 4 1762 224 897 932
10 4 896 897 67 892
10 4 930 932 892 71
10 4 930 1762 896 897
10 4 930 896 892 897
10 4 930 892 932 897
10 4 930 932 1762 897
10 4 118 1274 321 1069
10 4 1274 203 325 1071
10 4 321 325 2 320
10 4 1069 1071 320 88
10 4 1069 1274 321 325
10 4 1069 321 320 325
10 4 1069 320 1071 325
10 4 1069 1071 1274 325
10 4 295 1727 1987 2023
10 4 1727 208 1725 1726
10 4 1987 1725 270 1981
10 4 2023 1726 1981 277
10 4 2023 1727 1987 1725
10 4 2023 1987 1981 1725
10 4 2023 1981 1726 1725
10 4 2023 1726 1727 1725
10 4 295 1721 2023 1994
10 4 1721 207 1719 1717
10 4 2023 1719 277 1989
10 4 1994 1717 1989 271
10 4 1994 1721 2023 1719
10 4 1994 2023 1989 1719
10 4 1994 1989 1717 1719
10 4 1994 1717 1721 1719
10 4 223 1101 922 1772
10 4 1101 93 918 1100
10 4 922 918 70 921
10 4 1772 1100 921 221
10 4 1101 921 922 1772
10 4 1101 921 1772 1100
10 4 1101 921 1100 918
10 4 1101 921 918 922
10 4 270 1941 1981 1983
10 4 1941 266 1945 1947
10 4 1981 1945 277 2022
10 4 1983 1947 2022 284
10 4 1983 1941 1981 1945
10 4 1983 1981 2022 1945
10 4 1983 2022 1947 1945
10 4 1983 1947 1941 1945
10 4 297 830 812 1743
10 4 830 59 798 825
10 4 812 798 57 806
10 4 1743 825 806 212
10 4 830 806 812 1743
10 4 830 806 1743 825
10 4 830 806 825 798
10 4 830 806 798 812
10 4 214 1749 837 1748
10 4 1749 219 839 1758
10 4 837 839 60 838
10 4 1748 1758 838 216
10 4 1749 838 837 1748
10 4 1749 838 1748 1758
10 4 1749 838 1758 839
10 4 1749 838 839 837
10 4 180 667 1051 1366
10 4 667 36 661 665
10 4 1051 661 85 1049
10 4 1366 665 1049 132
10 4 667 1049 1051 1366
10 4 667 1049 1366 665
10 4 667 1049 665 661
10 4 667 1049 661 1051
10 4 26 578 573 575
10 4 578 282 1139 1820
10 4 573 1139 98 1135
10 4 575 1820 1135 234
10 4 578 1135 573 575
10 4 578 1135 575 1820
10 4 578 1135 1820 1139
10 4 578 1135 1139 573
10 4 180 1334 1587 674
10 4 1334 126 1333 671
10 4 1587 1333 178 673
10 4 674 671 673 37
10 4 1334 673 1587 674
10 4 1334 673 674 671
10 4 1334 673 671 1333
10 4 1334 673 1333 1587
10 4 282 1820 1974 1770
10 4 1820 234 1819 1768
10 4 1974 1819 269 1769
10 4 1770 1768 1769 220
10 4 1820 1769 1974 1770
10 4 1820 1769 1770 1768
10 4 1820 1769 1768 1819
10 4 1820 1769 1819 1974
10 4 294 1821 1977 2037
10 4 1821 234 1819 1820
10 4 1977 1819 269 1974
10 4 2037 1820 1974 282
10 4 1977 1821 1820 2037
10 4 1977 2037 1820 1974
10 4 1977 1974 1820 1819
10 4 1977 1819 1820 1821
10 4 176 1577 1050 1056
10 4 1577 204 1053 1058
10 4 1050 1053 85 1048
10 4 1056 1058 1048 86
10 4 1577 1048 1050 1056
10 4 1577 1048 1056 1058
10 4 1577 1048 1058 1053
10 4 1577 1048 1053 1050
10 4 288 2027 1958 2048
10 4 2027 279 1955 2029
10 4 1958 1955 267 1961
10 4 2048 2029 1961 296
10 4 2048 2027 1958 1955
10 4 2048 1958 1961 1955
10 4 2048 1961 2029 1955
10 4 2048 2029 2027 1955
10 4 77 465 975 978
10 4 465 15 468 471
10 4 975 468 139 1412
10 4 978 471 1412 228
10 4 465 1412 975 978
10 4 465 1412 978 471
10 4 465 1412 471 468
10 4 465 1412 468 975
10 4 140 1417 678 1421
10 4 1417 178 679 1592
10 4 678 679 38 681
10 4 1421 1592 681 290
10 4 1417 681 678 1421
10 4 1417 681 1421 1592
10 4 1417 681 1592 679
10 4 1417 681 679 678
10 4 93 1102 927 1100
10 4 1102 224 932 1773
10 4 927 932 71 931
10 4 1100 1773 931 221
10 4 1102 931 927 1100
10 4 1102 931 1100 1773
10 4 1102 931 1773 932
10 4 1102 931 932 927
10 4 273 1706 1697 2008
10 4 1706 205 1694 1708
10 4 1697 1694 203 1699
10 4 2008 1708 1699 295
10 4 1706 1699 1697 2008
10 4 1706 1699 2008 1708
10 4 1706 1699 1708 1694
10 4 1706 1699 1694 1697
10 4 139 1410 584 1409
10 4 1410 177 586 1429
10 4 584 586 27 585
10 4 1409 1429 585 142
10 4 1410 585 584 1409
10 4 1410 585 1409 1429
10 4 1410 585 1429 586
10 4 1410 585 586 584
10 4 184 1537 1623 1620
10 4 1537 171 1542 1540
10 4 1623 1542 291 1672
10 4 1620 1540 1672 194
10 4 1537 1672 1623 1620
10 4 1537 1672 1620 1540
10 4 1537 1672 1540 1542
10 4 1537 1672 1542 1623
10 4 176 1578 1574 1575
10 4 1578 273 1641 1687
10 4 1574 1641 188 1640
10 4 1575 1687 1640 199
10 4 1574 1578 1687 1575
10 4 1574 1575 1687 1640
10 4 1574 1640 1687 1641
10 4 1574 1641 1687 1578
10 4 125 1330 1323 958
10 4 1330 290 1338 970
10 4 1323 1338 126 959
10 4 958 970 959 75
10 4 1330 959 1323 958
10 4 1330 959 958 970
10 4 1330 959 970 1338
10 4 1330 959 1338 1323
10 4 290 681 1421 1693
10 4 681 38 678 680
10 4 1421 678 140 1418
10 4 1693 680 1418 202
10 4 681 1418 1421 1693
10 4 681 1418 1693 680
10 4 681 1418 680 678
10 4 681 1418 678 1421
10 4 99 1149 1147 574
10 4 1149 288 1834 579
10 4 1147 1834 237 577
10 4 574 579 577 26
10 4 1149 577 1147 574
10 4 1149 577 574 579
10 4 1149 577 579 1834
10 4 1149 577 1834 1147
10 4 122 1306 1305 987
10 4 1306 234 1781 991
10 4 1305 1781 223 990
10 4 987 991 990 78
10 4 1306 990 1305 987
10 4 1306 990 987 991
10 4 1306 990 991 1781
10 4 1306 990 1781 1305
10 4 117 1266 1131 487
10 4 1266 236 1136 492
10 4 1131 1136 98 486
10 4 487 492 486 17
10 4 1131 1266 492 487
10 4 1131 487 492 486
10 4 1131 486 492 1136
10 4 1131 1136 492 1266
10 4 87 1061 778 1063
10 4 1061 120 779 1292
10 4 778 779 55 782
10 4 1063 1292 782 207
10 4 778 1061 1292 1063
10 4 778 1063 1292 782
10 4 778 782 1292 779
10 4 778 779 1292 1061
10 4 235 1373 1117 446
10 4 1373 133 1111 442
10 4 1117 1111 95 441
10 4 446 442 441 13
10 4 1117 1373 442 446
10 4 1117 446 442 441
10 4 1117 441 442 1111
10 4 1117 1111 442 1373
10 4 294 2050 2047 1960
10 4 2050 296 2048 1961
10 4 2047 2048 288 1958
10 4 1960 1961 1958 267
10 4 2050 1958 2047 1960
10 4 2050 1958 1960 1961
10 4 2050 1958 1961 2048
10 4 2050 1958 2048 2047
10 4 59 830 829 825
10 4 830 297 2026 1743
10 4 829 2026 278 1740
10 4 825 1743 1740 212
10 4 830 1740 829 825
10 4 830 1740 825 1743
10 4 830 1740 1743 2026
10 4 830 1740 2026 829
10 4 297 1360 812 1734
10 4 1360 130 799 1357
10 4 812 799 57 805
10 4 1734 1357 805 210
10 4 1360 805 812 1734
10 4 1360 805 1734 1357
10 4 1360 805 1357 799
10 4 1360 805 799 812
10 4 176 1578 1573 1574
10 4 1578 273 1633 1641
10 4 1573 1633 186 1631
10 4 1574 1641 1631 188
10 4 1578 1631 1573 1574
10 4 1578 1631 1574 1641
10 4 1578 1631 1641 1633
10 4 1578 1631 1633 1573
10 4 177 1586 1583 1581
10 4 1586 293 1686 1596
10 4 1583 1686 198 1594
10 4 1581 1596 1594 179
10 4 1581 1586 1583 1686
10 4 1581 1583 1594 1686
10 4 1581 1594 1596 1686
10 4 1581 1596 1586 1686
10 4 209 1731 1728 536
10 4 1731 270 1736 541
10 4 1728 1736 211 537
10 4 536 541 537 22
10 4 1731 537 1728 536
10 4 1731 537 536 541
10 4 1731 537 541 1736
10 4 1731 537 1736 1728
10 4 192 1665 1554 1656
10 4 1665 281 1557 1659
10 4 1554 1557 173 1553
10 4 1656 1659 1553 191
10 4 1665 1553 1554 1656
10 4 1665 1553 1656 1659
10 4 1665 1553 1659 1557
10 4 1665 1553 1557 1554
10 4 173 1556 1552 1555
10 4 1556 273 1641 1667
10 4 1552 1641 188 1639
10 4 1555 1667 1639 193
10 4 1556 1639 1552 1555
10 4 1556 1639 1555 1667
10 4 1556 1639 1667 1641
10 4 1556 1639 1641 1552
10 4 210 1548 1734 1636
10 4 1548 172 1551 1546
10 4 1734 1551 297 1637
10 4 1636 1546 1637 187
10 4 1548 1637 1734 1636
10 4 1548 1637 1636 1546
10 4 1548 1637 1546 1551
10 4 1548 1637 1551 1734
10 4 292 649 1280 1353
10 4 649 34 642 643
10 4 1280 642 118 1272
10 4 1353 643 1272 129
10 4 649 1272 1280 1353
10 4 649 1272 1353 643
10 4 649 1272 643 642
10 4 649 1272 642 1280
10 4 277 1759 1751 2022
10 4 1759 216 1748 1760
10 4 1751 1748 214 1752
10 4 2022 1760 1752 284
10 4 1759 1752 1751 2022
10 4 1759 1752 2022 1760
10 4 1759 1752 1760 1748
10 4 1759 1752 1748 1751
10 4 181 1400 618 1340
10 4 1400 137 616 1339
10 4 618 616 31 614
10 4 1340 1339 614 127
10 4 1400 614 618 1340
10 4 1400 614 1340 1339
10 4 1400 614 1339 616
10 4 1400 614 616 618
10 4 118 1069 321 1271
10 4 1069 88 320 1070
10 4 321 320 2 322
10 4 1271 1070 322 128
10 4 321 1069 1070 1271
10 4 321 1271 1070 322
10 4 321 322 1070 320
10 4 321 320 1070 1069
10 4 52 759 753 751
10 4 759 292 1711 1698
10 4 753 1711 206 1695
10 4 751 1698 1695 203
10 4 751 759 753 1711
10 4 751 753 1695 1711
10 4 751 1695 1698 1711
10 4 751 1698 759 1711
10 4 216 1759 546 1760
10 4 1759 277 551 2022
10 4 546 551 23 553
10 4 1760 2022 553 284
10 4 1759 553 546 1760
10 4 1759 553 1760 2022
10 4 1759 553 2022 551
10 4 1759 553 551 546
10 4 207 884 1713 782
10 4 884 66 886 775
10 4 1713 886 217 783
10 4 782 775 783 55
10 4 884 783 1713 782
10 4 884 783 782 775
10 4 884 783 775 886
10 4 884 783 886 1713
10 4 23 550 544 552
10 4 550 271 1103 1990
10 4 544 1103 93 1104
10 4 552 1990 1104 282
10 4 552 550 544 1103
10 4 552 544 1104 1103
10 4 552 1104 1990 1103
10 4 552 1990 550 1103
10 4 271 561 1774 1990
10 4 561 24 556 562
10 4 1774 556 221 1775
10 4 1990 562 1775 282
10 4 1774 561 562 1990
10 4 1774 1990 562 1775
10 4 1774 1775 562 556
10 4 1774 556 562 561
10 4 201 1411 470 1690
10 4 1411 139 468 1412
10 4 470 468 15 471
10 4 1690 1412 471 228
10 4 1690 1411 470 468
10 4 1690 470 471 468
10 4 1690 471 1412 468
10 4 1690 1412 1411 468
10 4 225 1786 1108 1787
10 4 1786 269 1109 1975
10 4 1108 1109 94 1110
10 4 1787 1975 1110 285
10 4 1786 1110 1108 1787
10 4 1786 1110 1787 1975
10 4 1786 1110 1975 1109
10 4 1786 1110 1109 1108
10 4 205 1257 356 1062
10 4 1257 116 351 1060
10 4 356 351 5 350
10 4 1062 1060 350 87
10 4 356 1257 1060 1062
10 4 356 1062 1060 350
10 4 356 350 1060 351
10 4 356 351 1060 1257
10 4 226 1295 1778 948
10 4 1295 120 1293 944
10 4 1778 1293 222 946
10 4 948 944 946 73
10 4 948 1295 1778 1293
10 4 948 1778 946 1293
10 4 948 946 944 1293
10 4 948 944 1295 1293
10 4 269 1786 569 1975
10 4 1786 225 566 1787
10 4 569 566 25 570
10 4 1975 1787 570 285
10 4 1786 570 569 1975
10 4 1786 570 1975 1787
10 4 1786 570 1787 566
10 4 1786 570 566 569
10 4 137 1399 616 1354
10 4 1399 174 617 1355
10 4 616 617 31 615
10 4 1354 1355 615 130
10 4 1399 615 616 1354
10 4 1399 615 1354 1355
10 4 1399 615 1355 617
10 4 1399 615 617 616
10 4 182 1610 1600 1607
10 4 1610 283 1603 1681
10 4 1600 1603 181 1601
10 4 1607 1681 1601 197
10 4 1610 1601 1600 1607
10 4 1610 1601 1607 1681
10 4 1610 1601 1681 1603
10 4 1610 1601 1603 1600
10 4 140 1417 1332 678
10 4 1417 178 1333 679
10 4 1332 1333 126 677
10 4 678 679 677 38
10 4 1417 677 1332 678
10 4 1417 677 678 679
10 4 1417 677 679 1333
10 4 1417 677 1333 1332
10 4 297 1630 1551 2026
10 4 1630 185 1544 1628
10 4 1551 1544 172 1549
10 4 2026 1628 1549 278
10 4 1551 1630 1628 2026
10 4 1551 2026 1628 1549
10 4 1551 1549 1628 1544
10 4 1551 1544 1628 1630
10 4 290 1338 970 1421
10 4 1338 126 959 1332
10 4 970 959 75 960
10 4 1421 1332 960 140
10 4 1421 1338 970 959
10 4 1421 970 960 959
10 4 1421 960 1332 959
10 4 1421 1332 1338 959
10 4 280 1591 1664 1599
10 4 1591 178 1588 1587
10 4 1664 1588 192 1597
10 4 1599 1587 1597 180
10 4 1591 1597 1664 1599
10 4 1591 1597 1599 1587
10 4 1591 1597 1587 1588
10 4 1591 1597 1588 1664
10 4 28 581 593 592
10 4 581 27 586 585
10 4 593 586 177 1429
10 4 592 585 1429 142
10 4 581 1429 593 592
10 4 581 1429 592 585
10 4 581 1429 585 586
10 4 581 1429 586 593
10 4 213 877 869 1745
10 4 877 65 867 878
10 4 869 867 64 870
10 4 1745 878 870 216
10 4 877 870 869 1745
10 4 877 870 1745 878
10 4 877 870 878 867
10 4 877 870 867 869
10 4 278 648 2025 1549
10 4 648 34 649 645
10 4 2025 649 292 1550
10 4 1549 645 1550 172
10 4 648 1550 2025 1549
10 4 648 1550 1549 645
10 4 648 1550 645 649
10 4 648 1550 649 2025
10 4 217 783 886 896
10 4 783 55 775 776
10 4 886 775 66 881
10 4 896 776 881 67
10 4 783 881 886 896
10 4 783 881 896 776
10 4 783 881 776 775
10 4 783 881 775 886
10 4 135 1134 1378 490
10 4 1134 98 1133 486
10 4 1378 1133 134 489
10 4 490 486 489 17
10 4 1134 489 1378 490
10 4 1134 489 490 486
10 4 1134 489 486 1133
10 4 1134 489 1133 1378
10 4 130 1355 1356 1360
10 4 1355 174 1561 1563
10 4 1356 1561 187 1637
10 4 1360 1563 1637 297
10 4 1356 1355 1563 1360
10 4 1356 1360 1563 1637
10 4 1356 1637 1563 1561
10 4 1356 1561 1563 1355
10 4 75 970 966 967
10 4 970 290 1814 1817
10 4 966 1814 232 1813
10 4 967 1817 1813 233
10 4 966 970 1817 967
10 4 966 967 1817 1813
10 4 966 1813 1817 1814
10 4 966 1814 1817 970
10 4 139 1410 1411 584
10 4 1410 177 1584 586
10 4 1411 1584 201 587
10 4 584 586 587 27
10 4 1410 587 1411 584
10 4 1410 587 584 586
10 4 1410 587 586 1584
10 4 1410 587 1584 1411
10 4 79 1004 1001 999
10 4 1004 293 1841 1835
10 4 1001 1841 239 1833
10 4 999 1835 1833 237
10 4 1004 1833 1001 999
10 4 1004 1833 999 1835
10 4 1004 1833 1835 1841
10 4 1004 1833 1841 1001
10 4 139 1416 1371 975
10 4 1416 279 1376 984
10 4 1371 1376 133 974
10 4 975 984 974 77
10 4 1371 1416 984 975
10 4 1371 975 984 974
10 4 1371 974 984 1376
10 4 1371 1376 984 1416
10 4 283 1020 1269 1345
10 4 1020 81 1010 1011
10 4 1269 1010 117 1262
10 4 1345 1011 1262 127
10 4 1269 1020 1011 1345
10 4 1269 1345 1011 1262
10 4 1269 1262 1011 1010
10 4 1269 1010 1011 1020
10 4 183 1543 1614 1617
10 4 1543 172 1546 1551
10 4 1614 1546 187 1637
10 4 1617 1551 1637 297
10 4 1614 1543 1551 1617
10 4 1614 1617 1551 1637
10 4 1614 1637 1551 1546
10 4 1614 1546 1551 1543
10 4 239 1833 1841 1836
10 4 1833 237 1835 1832
10 4 1841 1835 293 1840
10 4 1836 1832 1840 238
10 4 1833 1840 1841 1836
10 4 1833 1840 1836 1832
10 4 1833 1840 1832 1835
10 4 1833 1840 1835 1841
10 4 56 792 787 793
10 4 792 207 884 1712
10 4 787 884 66 885
10 4 793 1712 885 208
10 4 792 885 787 793
10 4 792 885 793 1712
10 4 792 885 1712 884
10 4 792 885 884 787
10 4 140 1418 1419 1421
10 4 1418 202 1692 1693
10 4 1419 1692 232 1814
10 4 1421 1693 1814 290
10 4 1418 1814 1419 1421
10 4 1418 1814 1421 1693
10 4 1418 1814 1693 1692
10 4 1418 1814 1692 1419
10 4 232 1692 460 1130
10 4 1692 202 459 1128
10 4 460 459 14 455
10 4 1130 1128 455 97
10 4 460 1692 1128 1130
10 4 460 1130 1128 455
10 4 460 455 1128 459
10 4 460 459 1128 1692
10 4 216 838 878 1758
10 4 838 60 832 839
10 4 878 832 65 879
10 4 1758 839 879 219
10 4 838 879 878 1758
10 4 838 879 1758 839
10 4 838 879 839 832
10 4 838 879 832 878
10 4 93 1103 1100 1104
10 4 1103 271 1774 1990
10 4 1100 1774 221 1775
10 4 1104 1990 1775 282
10 4 1104 1103 1100 1774
10 4 1104 1100 1775 1774
10 4 1104 1775 1990 1774
10 4 1104 1990 1103 1774
10 4 30 610 607 608
10 4 610 283 1570 1603
10 4 607 1570 175 1565
10 4 608 1603 1565 181
10 4 610 1565 607 608
10 4 610 1565 608 1603
10 4 610 1565 1603 1570
10 4 610 1565 1570 607
10 4 224 897 932 1314
10 4 897 67 892 894
10 4 932 892 71 928
10 4 1314 894 928 123
10 4 897 928 932 1314
10 4 897 928 1314 894
10 4 897 928 894 892
10 4 897 928 892 932
10 4 82 1032 1028 1026
10 4 1032 290 1814 1693
10 4 1028 1814 232 1692
10 4 1026 1693 1692 202
10 4 1032 1692 1028 1026
10 4 1032 1692 1026 1693
10 4 1032 1692 1693 1814
10 4 1032 1692 1814 1028
10 4 237 1286 480 999
10 4 1286 119 476 995
10 4 480 476 16 474
10 4 999 995 474 79
10 4 1286 474 480 999
10 4 1286 474 999 995
10 4 1286 474 995 476
10 4 1286 474 476 480
10 4 231 1810 1372 1812
10 4 1810 279 1376 2029
10 4 1372 1376 133 1377
10 4 1812 2029 1377 296
10 4 1810 1377 1372 1812
10 4 1810 1377 1812 2029
10 4 1810 1377 2029 1376
10 4 1810 1377 1376 1372
10 4 129 1055 655 333
10 4 1055 86 652 331
10 4 655 652 35 328
10 4 333 331 328 3
10 4 333 1055 655 652
10 4 333 655 328 652
10 4 333 328 331 652
10 4 333 331 1055 652
10 4 223 858 1300 922
10 4 858 62 854 852
10 4 1300 854 121 919
10 4 922 852 919 70
10 4 858 919 1300 922
10 4 858 919 922 852
10 4 858 919 852 854
10 4 858 919 854 1300
10 4 59 829 818 819
10 4 829 278 1279 1349
10 4 818 1279 118 1271
10 4 819 1349 1271 128
10 4 818 829 1349 819
10 4 818 819 1349 1271
10 4 818 1271 1349 1279
10 4 818 1279 1349 829
10 4 19 513 510 516
10 4 513 127 1011 1341
10 4 510 1011 81 1016
10 4 516 1341 1016 240
10 4 510 513 1341 516
10 4 510 516 1341 1016
10 4 510 1016 1341 1011
10 4 510 1011 1341 513
10 4 213 877 847 869
10 4 877 65 843 867
10 4 847 843 61 842
10 4 869 867 842 64
10 4 869 877 847 843
10 4 869 847 842 843
10 4 869 842 867 843
10 4 869 867 877 843
10 4 179 1424 594 1581
10 4 1424 141 591 1423
10 4 594 591 28 593
10 4 1581 1423 593 177
10 4 594 1424 1423 1581
10 4 594 1581 1423 593
10 4 594 593 1423 591
10 4 594 591 1423 1424
10 4 215 1756 1753 545
10 4 1756 284 1765 553
10 4 1753 1765 218 548
10 4 545 553 548 23
10 4 1756 548 1753 545
10 4 1756 548 545 553
10 4 1756 548 553 1765
10 4 1756 548 1765 1753
10 4 185 1630 1613 1629
10 4 1630 297 1617 2044
10 4 1613 1617 183 1616
10 4 1629 2044 1616 287
10 4 1630 1616 1613 1629
10 4 1630 1616 1629 2044
10 4 1630 1616 2044 1617
10 4 1630 1616 1617 1613
10 4 30 610 608 606
10 4 610 283 1603 1345
10 4 608 1603 181 1340
10 4 606 1345 1340 127
10 4 610 1340 608 606
10 4 610 1340 606 1345
10 4 610 1340 1345 1603
10 4 610 1340 1603 608
10 4 183 1615 1560 1604
10 4 1615 274 1562 1609
10 4 1560 1562 174 1559
10 4 1604 1609 1559 182
10 4 1615 1559 1560 1604
10 4 1615 1559 1604 1609
10 4 1615 1559 1609 1562
10 4 1615 1559 1562 1560
10 4 278 648 1549 1365
10 4 648 34 645 644
10 4 1549 645 172 1361
10 4 1365 644 1361 131
10 4 648 1361 1549 1365
10 4 648 1361 1365 644
10 4 648 1361 644 645
10 4 648 1361 645 1549
10 4 125 1121 428 1316
10 4 1121 96 425 1120
10 4 428 425 12 427
10 4 1316 1120 427 124
10 4 428 1121 1120 1316
10 4 428 1316 1120 427
10 4 428 427 1120 425
10 4 428 425 1120 1121
10 4 179 1593 1596 1594
10 4 1593 189 1649 1644
10 4 1596 1649 293 1686
10 4 1594 1644 1686 198
10 4 1593 1686 1596 1594
10 4 1593 1686 1594 1644
10 4 1593 1686 1644 1649
10 4 1593 1686 1649 1596
10 4 297 830 1734 812
10 4 830 59 823 798
10 4 1734 823 210 805
10 4 812 798 805 57
10 4 830 805 1734 812
10 4 830 805 812 798
10 4 830 805 798 823
10 4 830 805 823 1734
10 4 282 2036 562 1974
10 4 2036 285 563 1975
10 4 562 563 24 560
10 4 1974 1975 560 269
10 4 2036 560 562 1974
10 4 2036 560 1974 1975
10 4 2036 560 1975 563
10 4 2036 560 563 562
10 4 274 1615 1562 2012
10 4 1615 183 1560 1617
10 4 1562 1560 174 1563
10 4 2012 1617 1563 297
10 4 1615 1563 1562 2012
10 4 1615 1563 2012 1617
10 4 1615 1563 1617 1560
10 4 1615 1563 1560 1562
10 4 286 1788 571 1126
10 4 1788 225 566 1122
10 4 571 566 25 565
10 4 1126 1122 565 96
10 4 1788 565 571 1126
10 4 1788 565 1126 1122
10 4 1788 565 1122 566
10 4 1788 565 566 571
10 4 34 649 646 643
10 4 649 292 1689 1353
10 4 646 1689 200 1350
10 4 643 1353 1350 129
10 4 649 1350 646 643
10 4 649 1350 643 1353
10 4 649 1350 1353 1689
10 4 649 1350 1689 646
10 4 277 1719 1764 1989
10 4 1719 207 1713 1717
10 4 1764 1713 217 1763
10 4 1989 1717 1763 271
10 4 1719 1763 1764 1989
10 4 1719 1763 1989 1717
10 4 1719 1763 1717 1713
10 4 1719 1763 1713 1764
10 4 269 1962 1975 1976
10 4 1962 268 1969 1970
10 4 1975 1969 285 2040
10 4 1976 1970 2040 286
10 4 1976 1962 1975 1969
10 4 1976 1975 2040 1969
10 4 1976 2040 1970 1969
10 4 1976 1970 1962 1969
10 4 140 1418 457 1419
10 4 1418 202 459 1692
10 4 457 459 14 460
10 4 1419 1692 460 232
10 4 457 1418 1692 1419
10 4 457 1419 1692 460
10 4 457 460 1692 459
10 4 457 459 1692 1418
10 4 239 1833 1836 1001
10 4 1833 237 1832 999
10 4 1836 1832 238 1000
10 4 1001 999 1000 79
10 4 1833 1000 1836 1001
10 4 1833 1000 1001 999
10 4 1833 1000 999 1832
10 4 1833 1000 1832 1836
10 4 34 649 645 646
10 4 649 292 1550 1689
10 4 645 1550 172 1547
10 4 646 1689 1547 200
10 4 649 1547 645 646
10 4 649 1547 646 1689
10 4 649 1547 1689 1550
10 4 649 1547 1550 645
10 4 136 1395 1092 1398
10 4 1395 209 1093 1732
10 4 1092 1093 92 1097
10 4 1398 1732 1097 289
10 4 1092 1395 1732 1398
10 4 1092 1398 1732 1097
10 4 1092 1097 1732 1093
10 4 1092 1093 1732 1395
10 4 222 1780 1107 557
10 4 1780 285 1110 563
10 4 1107 1110 94 554
10 4 557 563 554 24
10 4 557 1780 1107 1110
10 4 557 1107 554 1110
10 4 557 554 563 1110
10 4 557 563 1780 1110
10 4 292 1550 1635 2025
10 4 1550 172 1545 1549
10 4 1635 1545 186 1634
10 4 2025 1549 1634 278
10 4 1550 1634 1635 2025
10 4 1550 1634 2025 1549
10 4 1550 1634 1549 1545
10 4 1550 1634 1545 1635
10 4 118 1274 1280 747
10 4 1274 203 1698 751
10 4 1280 1698 292 759
10 4 747 751 759 52
10 4 1274 759 1280 747
10 4 1274 759 747 751
10 4 1274 759 751 1698
10 4 1274 759 1698 1280
10 4 190 1655 1044 1539
10 4 1655 291 1047 1542
10 4 1044 1047 84 1042
10 4 1539 1542 1042 171
10 4 1655 1042 1044 1539
10 4 1655 1042 1539 1542
10 4 1655 1042 1542 1047
10 4 1655 1042 1047 1044
10 4 6 361 369 366
10 4 361 57 804 800
10 4 369 804 209 1395
10 4 366 800 1395 136
10 4 361 1395 369 366
10 4 361 1395 366 800
10 4 361 1395 800 804
10 4 361 1395 804 369
10 4 17 485 487 492
10 4 485 81 1010 1014
10 4 487 1010 117 1266
10 4 492 1014 1266 236
10 4 485 1266 487 492
10 4 485 1266 492 1014
10 4 485 1266 1014 1010
10 4 485 1266 1010 487
10 4 30 609 606 508
10 4 609 240 1341 516
10 4 606 1341 127 513
10 4 508 516 513 19
10 4 609 513 606 508
10 4 609 513 508 516
10 4 609 513 516 1341
10 4 609 513 1341 606
10 4 282 2036 1990 562
10 4 2036 285 1992 563
10 4 1990 1992 271 561
10 4 562 563 561 24
10 4 2036 561 1990 562
10 4 2036 561 562 563
10 4 2036 561 563 1992
10 4 2036 561 1992 1990
10 4 177 1423 593 1429
10 4 1423 141 591 1422
10 4 593 591 28 592
10 4 1429 1422 592 142
10 4 1423 592 593 1429
10 4 1423 592 1429 1422
10 4 1423 592 1422 591
10 4 1423 592 591 593
10 4 176 1580 1576 1573
10 4 1580 292 1689 1635
10 4 1576 1689 200 1632
10 4 1573 1635 1632 186
10 4 1576 1580 1635 1573
10 4 1576 1573 1635 1632
10 4 1576 1632 1635 1689
10 4 1576 1689 1635 1580
10 4 285 1969 2020 2040
10 4 1969 268 1966 1970
10 4 2020 1966 276 2021
10 4 2040 1970 2021 286
10 4 1969 2021 2020 2040
10 4 1969 2021 2040 1970
10 4 1969 2021 1970 1966
10 4 1969 2021 1966 2020
10 4 141 1424 591 502
10 4 1424 179 594 504
10 4 591 594 28 496
10 4 502 504 496 18
10 4 1424 496 591 502
10 4 1424 496 502 504
10 4 1424 496 504 594
10 4 1424 496 594 591
10 4 182 1611 1605 1604
10 4 1611 287 1622 1616
10 4 1605 1622 184 1612
10 4 1604 1616 1612 183
10 4 1611 1612 1605 1604
10 4 1611 1612 1604 1616
10 4 1611 1612 1616 1622
10 4 1611 1612 1622 1605
10 4 60 836 837 838
10 4 836 213 1744 1745
10 4 837 1744 214 1748
10 4 838 1745 1748 216
10 4 836 1748 837 838
10 4 836 1748 838 1745
10 4 836 1748 1745 1744
10 4 836 1748 1744 837
10 4 172 1543 1544 1551
10 4 1543 183 1613 1617
10 4 1544 1613 185 1630
10 4 1551 1617 1630 297
10 4 1543 1630 1544 1551
10 4 1543 1630 1551 1617
10 4 1543 1630 1617 1613
10 4 1543 1630 1613 1544
10 4 124 1120 427 1317
10 4 1120 96 425 1123
10 4 427 425 12 430
10 4 1317 1123 430 226
10 4 1120 430 427 1317
10 4 1120 430 1317 1123
10 4 1120 430 1123 425
10 4 1120 430 425 427
10 4 32 611 628 627
10 4 611 31 617 615
10 4 628 617 174 1355
10 4 627 615 1355 130
10 4 611 1355 628 627
10 4 611 1355 627 615
10 4 611 1355 615 617
10 4 611 1355 617 628
10 4 292 1550 1689 1635
10 4 1550 172 1547 1545
10 4 1689 1547 200 1632
10 4 1635 1545 1632 186
10 4 1635 1550 1689 1547
10 4 1635 1689 1632 1547
10 4 1635 1632 1545 1547
10 4 1635 1545 1550 1547
10 4 203 1274 325 751
10 4 1274 118 321 747
10 4 325 321 2 318
10 4 751 747 318 52
10 4 1274 318 325 751
10 4 1274 318 751 747
10 4 1274 318 747 321
10 4 1274 318 321 325
10 4 12 424 431 428
10 4 424 75 963 958
10 4 431 963 227 1324
10 4 428 958 1324 125
10 4 424 1324 431 428
10 4 424 1324 428 958
10 4 424 1324 958 963
10 4 424 1324 963 431
10 4 18 502 505 498
10 4 502 141 1426 996
10 4 505 1426 239 1001
10 4 498 996 1001 79
10 4 498 502 505 1426
10 4 498 505 1001 1426
10 4 498 1001 996 1426
10 4 498 996 502 1426
10 4 60 836 838 832
10 4 836 213 1745 877
10 4 838 1745 216 878
10 4 832 877 878 65
10 4 838 836 877 832
10 4 838 832 877 878
10 4 838 878 877 1745
10 4 838 1745 877 836
10 4 37 659 674 672
10 4 659 36 667 665
10 4 674 667 180 1366
10 4 672 665 1366 132
10 4 659 1366 674 672
10 4 659 1366 672 665
10 4 659 1366 665 667
10 4 659 1366 667 674
10 4 38 681 679 680
10 4 681 290 1592 1693
10 4 679 1592 178 1590
10 4 680 1693 1590 202
10 4 681 1590 679 680
10 4 681 1590 680 1693
10 4 681 1590 1693 1592
10 4 681 1590 1592 679
10 4 131 1077 388 636
10 4 1077 89 385 633
10 4 388 385 8 382
10 4 636 633 382 33
10 4 388 1077 633 636
10 4 388 636 633 382
10 4 388 382 633 385
10 4 388 385 633 1077
10 4 183 1615 1616 1617
10 4 1615 274 2010 2012
10 4 1616 2010 287 2044
10 4 1617 2012 2044 297
10 4 1615 2044 1616 1617
10 4 1615 2044 1617 2012
10 4 1615 2044 2012 2010
10 4 1615 2044 2010 1616
10 4 117 1270 1264 1263
10 4 1270 289 1398 1393
10 4 1264 1398 136 1387
10 4 1263 1393 1387 135
10 4 1264 1270 1393 1263
10 4 1264 1263 1393 1387
10 4 1264 1387 1393 1398
10 4 1264 1398 1393 1270
10 4 34 631 645 644
10 4 631 33 637 636
10 4 645 637 172 1361
10 4 644 636 1361 131
10 4 631 1361 645 644
10 4 631 1361 644 636
10 4 631 1361 636 637
10 4 631 1361 637 645
10 4 284 1760 1765 553
10 4 1760 216 1757 546
10 4 1765 1757 218 548
10 4 553 546 548 23
10 4 1760 548 1765 553
10 4 1760 548 553 546
10 4 1760 548 546 1757
10 4 1760 548 1757 1765
10 4 5 360 353 352
10 4 360 276 1321 1297
10 4 353 1321 124 1291
10 4 352 1297 1291 120
10 4 360 1291 353 352
10 4 360 1291 352 1297
10 4 360 1291 1297 1321
10 4 360 1291 1321 353
10 4 136 1092 366 1387
10 4 1092 92 363 1091
10 4 366 363 6 365
10 4 1387 1091 365 135
10 4 366 1092 1091 1387
10 4 366 1387 1091 365
10 4 366 365 1091 363
10 4 366 363 1091 1092
10 4 193 1669 1626 1619
10 4 1669 287 1629 1622
10 4 1626 1629 185 1618
10 4 1619 1622 1618 184
10 4 1669 1618 1626 1619
10 4 1669 1618 1619 1622
10 4 1669 1618 1622 1629
10 4 1669 1618 1629 1626
10 4 278 1365 829 1279
10 4 1365 131 820 1273
10 4 829 820 59 818
10 4 1279 1273 818 118
10 4 1365 818 829 1279
10 4 1365 818 1279 1273
10 4 1365 818 1273 820
10 4 1365 818 820 829
10 4 31 603 618 614
10 4 603 30 608 606
10 4 618 608 181 1340
10 4 614 606 1340 127
10 4 603 1340 618 614
10 4 603 1340 614 606
10 4 603 1340 606 608
10 4 603 1340 608 618
10 4 211 1736 1086 537
10 4 1736 270 1088 541
10 4 1086 1088 91 534
10 4 537 541 534 22
10 4 1736 534 1086 537
10 4 1736 534 537 541
10 4 1736 534 541 1088
10 4 1736 534 1088 1086
10 4 223 1781 1767 990
10 4 1781 234 1768 991
10 4 1767 1768 220 989
10 4 990 991 989 78
10 4 1781 989 1767 990
10 4 1781 989 990 991
10 4 1781 989 991 1768
10 4 1781 989 1768 1767
10 4 116 1257 351 765
10 4 1257 205 356 770
10 4 351 356 5 348
10 4 765 770 348 54
10 4 1257 348 351 765
10 4 1257 348 765 770
10 4 1257 348 770 356
10 4 1257 348 356 351
10 4 217 930 896 1099
10 4 930 71 892 927
10 4 896 892 67 893
10 4 1099 927 893 93
10 4 930 893 896 1099
10 4 930 893 1099 927
10 4 930 893 927 892
10 4 930 893 892 896
10 4 276 360 1065 1297
10 4 360 5 350 352
10 4 1065 350 87 1061
10 4 1297 352 1061 120
10 4 360 1061 1065 1297
10 4 360 1061 1297 352
10 4 360 1061 352 350
10 4 360 1061 350 1065
10 4 84 1047 517 1042
10 4 1047 291 525 1542
10 4 517 525 20 518
10 4 1042 1542 518 171
10 4 1047 518 517 1042
10 4 1047 518 1042 1542
10 4 1047 518 1542 525
10 4 1047 518 525 517
10 4 280 1664 1688 1599
10 4 1664 192 1661 1597
10 4 1688 1661 199 1598
10 4 1599 1597 1598 180
10 4 1688 1664 1597 1599
10 4 1688 1599 1597 1598
10 4 1688 1598 1597 1661
10 4 1688 1661 1597 1664
10 4 75 970 960 966
10 4 970 290 1421 1814
10 4 960 1421 140 1419
10 4 966 1814 1419 232
10 4 970 1419 960 966
10 4 970 1419 966 1814
10 4 970 1419 1814 1421
10 4 970 1419 1421 960
10 4 86 1057 1055 652
10 4 1057 200 1350 657
10 4 1055 1350 129 655
10 4 652 657 655 35
10 4 1055 1057 657 652
10 4 1055 652 657 655
10 4 1055 655 657 1350
10 4 1055 1350 657 1057
10 4 122 1304 861 855
10 4 1304 215 864 857
10 4 861 864 63 851
10 4 855 857 851 62
10 4 1304 851 861 855
10 4 1304 851 855 857
10 4 1304 851 857 864
10 4 1304 851 864 861
10 4 285 1787 1780 1110
10 4 1787 225 1777 1108
10 4 1780 1777 222 1107
10 4 1110 1108 1107 94
10 4 1110 1787 1780 1777
10 4 1110 1780 1107 1777
10 4 1110 1107 1108 1777
10 4 1110 1108 1787 1777
10 4 181 1565 1601 1603
10 4 1565 175 1567 1570
10 4 1601 1567 197 1681
10 4 1603 1570 1681 283
10 4 1565 1681 1601 1603
10 4 1565 1681 1603 1570
10 4 1565 1681 1570 1567
10 4 1565 1681 1567 1601
10 4 185 1544 1628 1624
10 4 1544 172 1549 1545
10 4 1628 1549 278 1634
10 4 1624 1545 1634 186
10 4 1544 1634 1628 1624
10 4 1544 1634 1624 1545
10 4 1544 1634 1545 1549
10 4 1544 1634 1549 1628
10 4 56 792 774 787
10 4 792 207 782 884
10 4 774 782 55 775
10 4 787 884 775 66
10 4 774 792 884 787
10 4 774 787 884 775
10 4 774 775 884 782
10 4 774 782 884 792
10 4 134 1381 845 862
10 4 1381 218 848 865
10 4 845 848 61 841
10 4 862 865 841 63
10 4 1381 841 845 862
10 4 1381 841 862 865
10 4 1381 841 865 848
10 4 1381 841 848 845
10 4 62 853 405 852
10 4 853 93 409 918
10 4 405 409 10 407
10 4 852 918 407 70
10 4 405 853 918 852
10 4 405 852 918 407
10 4 405 407 918 409
10 4 405 409 918 853
10 4 38 668 679 677
10 4 668 37 673 671
10 4 679 673 178 1333
10 4 677 671 1333 126
10 4 668 1333 679 677
10 4 668 1333 677 671
10 4 668 1333 671 673
10 4 668 1333 673 679
10 4 16 473 436 479
10 4 473 78 440 992
10 4 436 440 13 446
10 4 479 992 446 235
10 4 473 446 436 479
10 4 473 446 479 992
10 4 473 446 992 440
10 4 473 446 440 436
10 4 218 1746 871 1757
10 4 1746 213 869 1745
10 4 871 869 64 870
10 4 1757 1745 870 216
10 4 1746 870 871 1757
10 4 1746 870 1757 1745
10 4 1746 870 1745 869
10 4 1746 870 869 871
10 4 60 831 836 832
10 4 831 61 847 843
10 4 836 847 213 877
10 4 832 843 877 65
10 4 831 877 836 832
10 4 831 877 832 843
10 4 831 877 843 847
10 4 831 877 847 836
10 4 93 918 1100 409
10 4 918 70 921 407
10 4 1100 921 221 411
10 4 409 407 411 10
10 4 918 411 1100 409
10 4 918 411 409 407
10 4 918 411 407 921
10 4 918 411 921 1100
10 4 225 1788 566 1787
10 4 1788 286 571 2040
10 4 566 571 25 570
10 4 1787 2040 570 285
10 4 1788 570 566 1787
10 4 1788 570 1787 2040
10 4 1788 570 2040 571
10 4 1788 570 571 566
10 4 187 1636 1079 1082
10 4 1636 210 1080 1083
10 4 1079 1080 89 1076
10 4 1082 1083 1076 90
10 4 1079 1636 1083 1082
10 4 1079 1082 1083 1076
10 4 1079 1076 1083 1080
10 4 1079 1080 1083 1636
10 4 71 927 931 408
10 4 927 93 1100 409
10 4 931 1100 221 411
10 4 408 409 411 10
10 4 927 411 931 408
10 4 927 411 408 409
10 4 927 411 409 1100
10 4 927 411 1100 931
10 4 183 1614 1560 1617
10 4 1614 187 1561 1637
10 4 1560 1561 174 1563
10 4 1617 1637 1563 297
10 4 1614 1563 1560 1617
10 4 1614 1563 1617 1637
10 4 1614 1563 1637 1561
10 4 1614 1563 1561 1560
10 4 84 1043 1046 1045
10 4 1043 173 1557 1553
10 4 1046 1557 281 1659
10 4 1045 1553 1659 191
10 4 1043 1659 1046 1045
10 4 1043 1659 1045 1553
10 4 1043 1659 1553 1557
10 4 1043 1659 1557 1046
10 4 8 384 390 388
10 4 384 59 823 820
10 4 390 823 210 1362
10 4 388 820 1362 131
10 4 384 1362 390 388
10 4 384 1362 388 820
10 4 384 1362 820 823
10 4 384 1362 823 390
10 4 130 1357 1081 378
10 4 1357 210 1083 380
10 4 1081 1083 90 376
10 4 378 380 376 7
10 4 1081 1357 380 378
10 4 1081 378 380 376
10 4 1081 376 380 1083
10 4 1081 1083 380 1357
10 4 269 1973 1974 1975
10 4 1973 271 1990 1992
10 4 1974 1990 282 2036
10 4 1975 1992 2036 285
10 4 1973 2036 1974 1975
10 4 1973 2036 1975 1992
10 4 1973 2036 1992 1990
10 4 1973 2036 1990 1974
10 4 231 445 1805 1115
10 4 445 13 444 441
10 4 1805 444 230 1114
10 4 1115 441 1114 95
10 4 1115 445 1805 444
10 4 1115 1805 1114 444
10 4 1115 1114 441 444
10 4 1115 441 445 444
10 4 213 1747 1745 1746
10 4 1747 284 1760 1765
10 4 1745 1760 216 1757
10 4 1746 1765 1757 218
10 4 1746 1747 1745 1760
10 4 1746 1745 1757 1760
10 4 1746 1757 1765 1760
10 4 1746 1765 1747 1760
10 4 93 893 409 927
10 4 893 67 406 892
10 4 409 406 10 408
10 4 927 892 408 71
10 4 927 893 409 406
10 4 927 409 408 406
10 4 927 408 892 406
10 4 927 892 893 406
10 4 63 841 860 865
10 4 841 61 842 848
10 4 860 842 64 871
10 4 865 848 871 218
10 4 860 841 848 865
10 4 860 865 848 871
10 4 860 871 848 842
10 4 860 842 848 841
10 4 14 451 459 457
10 4 451 38 680 678
10 4 459 680 202 1418
10 4 457 678 1418 140
10 4 451 1418 459 457
10 4 451 1418 457 678
10 4 451 1418 678 680
10 4 451 1418 680 459
10 4 82 1024 1032 1026
10 4 1024 196 1679 1676
10 4 1032 1679 290 1693
10 4 1026 1676 1693 202
10 4 1032 1024 1676 1026
10 4 1032 1026 1676 1693
10 4 1032 1693 1676 1679
10 4 1032 1679 1676 1024
10 4 286 1976 571 2040
10 4 1976 269 569 1975
10 4 571 569 25 570
10 4 2040 1975 570 285
10 4 1976 570 571 2040
10 4 1976 570 2040 1975
10 4 1976 570 1975 569
10 4 1976 570 569 571
10 4 178 1590 1592 1589
10 4 1590 202 1693 1676
10 4 1592 1693 290 1679
10 4 1589 1676 1679 196
10 4 1590 1679 1592 1589
10 4 1590 1679 1589 1676
10 4 1590 1679 1676 1693
10 4 1590 1679 1693 1592
10 4 73 947 943 946
10 4 947 225 1108 1777
10 4 943 1108 94 1107
10 4 946 1777 1107 222
10 4 943 947 1777 946
10 4 943 946 1777 1107
10 4 943 1107 1777 1108
10 4 943 1108 1777 947
10 4 27 462 587 584
10 4 462 15 470 468
10 4 587 470 201 1411
10 4 584 468 1411 139
10 4 462 1411 587 584
10 4 462 1411 584 468
10 4 462 1411 468 470
10 4 462 1411 470 587
10 4 57 374 805 799
10 4 374 7 380 378
10 4 805 380 210 1357
10 4 799 378 1357 130
10 4 374 1357 805 799
10 4 374 1357 799 378
10 4 374 1357 378 380
10 4 374 1357 380 805
10 4 74 423 953 942
10 4 423 12 430 422
10 4 953 430 226 948
10 4 942 422 948 73
10 4 953 423 422 942
10 4 953 942 422 948
10 4 953 948 422 430
10 4 953 430 422 423
10 4 98 985 1135 1132
10 4 985 78 991 987
10 4 1135 991 234 1306
10 4 1132 987 1306 122
10 4 985 1306 1135 1132
10 4 985 1306 1132 987
10 4 985 1306 987 991
10 4 985 1306 991 1135
10 4 134 1133 1303 489
10 4 1133 98 1132 486
10 4 1303 1132 122 488
10 4 489 486 488 17
10 4 1133 488 1303 489
10 4 1133 488 489 486
10 4 1133 488 486 1132
10 4 1133 488 1132 1303
10 4 95 1111 1115 441
10 4 1111 133 1372 442
10 4 1115 1372 231 445
10 4 441 442 445 13
10 4 1111 445 1115 441
10 4 1111 445 441 442
10 4 1111 445 442 1372
10 4 1111 445 1372 1115
10 4 35 639 657 655
10 4 639 34 646 643
10 4 657 646 200 1350
10 4 655 643 1350 129
10 4 639 1350 657 655
10 4 639 1350 655 643
10 4 639 1350 643 646
10 4 639 1350 646 657
10 4 225 947 1785 1777
10 4 947 73 948 946
10 4 1785 948 226 1778
10 4 1777 946 1778 222
10 4 947 1778 1785 1777
10 4 947 1778 1777 946
10 4 947 1778 946 948
10 4 947 1778 948 1785
10 4 292 1353 1280 759
10 4 1353 129 1272 748
10 4 1280 1272 118 747
10 4 759 748 747 52
10 4 759 1353 1280 1272
10 4 759 1280 747 1272
10 4 759 747 748 1272
10 4 759 748 1353 1272
10 4 135 1091 365 1378
10 4 1091 92 363 1090
10 4 365 363 6 364
10 4 1378 1090 364 134
10 4 1091 364 365 1378
10 4 1091 364 1378 1090
10 4 1091 364 1090 363
10 4 1091 364 363 365
10 4 125 1324 428 1121
10 4 1324 227 431 1124
10 4 428 431 12 425
10 4 1121 1124 425 96
10 4 1121 1324 428 431
10 4 1121 428 425 431
10 4 1121 425 1124 431
10 4 1121 1124 1324 431
10 4 235 1373 446 479
10 4 1373 133 442 477
10 4 446 442 13 436
10 4 479 477 436 16
10 4 1373 436 446 479
10 4 1373 436 479 477
10 4 1373 436 477 442
10 4 1373 436 442 446
10 4 120 1061 779 352
10 4 1061 87 778 350
10 4 779 778 55 349
10 4 352 350 349 5
10 4 1061 349 779 352
10 4 1061 349 352 350
10 4 1061 349 350 778
10 4 1061 349 778 779
10 4 222 1293 939 946
10 4 1293 120 935 944
10 4 939 935 72 934
10 4 946 944 934 73
10 4 1293 934 939 946
10 4 1293 934 946 944
10 4 1293 934 944 935
10 4 1293 934 935 939
10 4 184 1618 1612 1622
10 4 1618 185 1613 1629
10 4 1612 1613 183 1616
10 4 1622 1629 1616 287
10 4 1622 1618 1612 1613
10 4 1622 1612 1616 1613
10 4 1622 1616 1629 1613
10 4 1622 1629 1618 1613
10 4 130 1081 627 378
10 4 1081 90 624 376
10 4 627 624 32 373
10 4 378 376 373 7
10 4 378 1081 627 624
10 4 378 627 373 624
10 4 378 373 376 624
10 4 378 376 1081 624
10 4 12 426 430 422
10 4 426 120 1295 944
10 4 430 1295 226 948
10 4 422 944 948 73
10 4 422 426 430 1295
10 4 422 430 948 1295
10 4 422 948 944 1295
10 4 422 944 426 1295
10 4 136 1395 366 1092
10 4 1395 209 369 1093
10 4 366 369 6 363
10 4 1092 1093 363 92
10 4 1092 1395 366 369
10 4 1092 366 363 369
10 4 1092 363 1093 369
10 4 1092 1093 1395 369
10 4 73 943 942 415
10 4 943 94 950 417
10 4 942 950 74 416
10 4 415 417 416 11
10 4 415 943 942 950
10 4 415 942 416 950
10 4 415 416 417 950
10 4 415 417 943 950
10 4 94 903 950 417
10 4 903 68 901 414
10 4 950 901 74 416
10 4 417 414 416 11
10 4 950 903 414 417
10 4 950 417 414 416
10 4 950 416 414 901
10 4 950 901 414 903
10 4 213 1746 869 847
10 4 1746 218 871 848
10 4 869 871 64 842
10 4 847 848 842 61
10 4 869 1746 848 847
10 4 869 847 848 842
10 4 869 842 848 871
10 4 869 871 848 1746
10 4 234 907 1768 991
10 4 907 68 906 902
10 4 1768 906 220 989
10 4 991 902 989 78
10 4 907 989 1768 991
10 4 907 989 991 902
10 4 907 989 902 906
10 4 907 989 906 1768
10 4 220 989 914 1767
10 4 989 78 911 990
10 4 914 911 69 915
10 4 1767 990 915 223
10 4 914 989 990 1767
10 4 914 1767 990 915
10 4 914 915 990 911
10 4 914 911 990 989
10 4 17 484 486 488
10 4 484 78 985 987
10 4 486 985 98 1132
10 4 488 987 1132 122
10 4 484 1132 486 488
10 4 484 1132 488 987
10 4 484 1132 987 985
10 4 484 1132 985 486
10 4 69 910 915 912
10 4 910 70 922 919
10 4 915 922 223 1300
10 4 912 919 1300 121
10 4 910 1300 915 912
10 4 910 1300 912 919
10 4 910 1300 919 922
10 4 910 1300 922 915
10 4 78 990 986 911
10 4 990 223 1300 915
10 4 986 1300 121 912
10 4 911 915 912 69
10 4 990 912 986 911
10 4 990 912 911 915
10 4 990 912 915 1300
10 4 990 912 1300 986
10 4 13 440 437 446
10 4 440 78 902 992
10 4 437 902 68 908
10 4 446 992 908 235
10 4 440 908 437 446
10 4 440 908 446 992
10 4 440 908 992 902
10 4 440 908 902 437
10 4 9 396 317 393
10 4 396 88 320 788
10 4 317 320 2 319
10 4 393 788 319 56
10 4 396 319 317 393
10 4 396 319 393 788
10 4 396 319 788 320
10 4 396 319 320 317
10 4 68 908 904 437
10 4 908 235 1117 446
10 4 904 1117 95 441
10 4 437 446 441 13
10 4 437 908 904 1117
10 4 437 904 441 1117
10 4 437 441 446 1117
10 4 437 446 908 1117
10 4 72 926 936 940
10 4 926 71 928 932
10 4 936 928 123 1314
10 4 940 932 1314 224
10 4 926 1314 936 940
10 4 926 1314 940 932
10 4 926 1314 932 928
10 4 926 1314 928 936
10 4 68 907 908 902
10 4 907 234 1818 991
10 4 908 1818 235 992
10 4 902 991 992 78
10 4 907 992 908 902
10 4 907 992 902 991
10 4 907 992 991 1818
10 4 907 992 1818 908
10 4 134 1090 364 845
10 4 1090 92 363 844
10 4 364 363 6 362
10 4 845 844 362 61
10 4 1090 362 364 845
10 4 1090 362 845 844
10 4 1090 362 844 363
10 4 1090 362 363 364
10 4 73 947 942 943
10 4 947 225 952 1108
10 4 942 952 74 950
10 4 943 1108 950 94
10 4 943 947 942 952
10 4 943 942 950 952
10 4 943 950 1108 952
10 4 943 1108 947 952
10 4 211 1346 401 1086
10 4 1346 128 398 1084
10 4 401 398 9 397
10 4 1086 1084 397 91
10 4 401 1346 1084 1086
10 4 401 1086 1084 397
10 4 401 397 1084 398
10 4 401 398 1084 1346
10 4 124 1317 427 1291
10 4 1317 226 430 1295
10 4 427 430 12 426
10 4 1291 1295 426 120
10 4 1317 426 427 1291
10 4 1317 426 1291 1295
10 4 1317 426 1295 430
10 4 1317 426 430 427
10 4 19 507 511 509
10 4 507 29 598 597
10 4 511 598 100 1005
10 4 509 597 1005 80
10 4 507 1005 511 509
10 4 507 1005 509 597
10 4 507 1005 597 598
10 4 507 1005 598 511
10 4 219 839 879 1407
10 4 839 60 832 834
10 4 879 832 65 875
10 4 1407 834 875 138
10 4 839 875 879 1407
10 4 839 875 1407 834
10 4 839 875 834 832
10 4 839 875 832 879
10 4 225 947 952 1785
10 4 947 73 942 948
10 4 952 942 74 953
10 4 1785 948 953 226
10 4 947 953 952 1785
10 4 947 953 1785 948
10 4 947 953 948 942
10 4 947 953 942 952
10 4 227 1795 567 1124
10 4 1795 286 571 1126
10 4 567 571 25 565
10 4 1124 1126 565 96
10 4 1795 565 567 1124
10 4 1795 565 1124 1126
10 4 1795 565 1126 571
10 4 1795 565 571 567
10 4 36 660 661 337
10 4 660 53 760 338
10 4 661 760 85 340
10 4 337 338 340 4
10 4 660 340 661 337
10 4 660 340 337 338
10 4 660 340 338 760
10 4 660 340 760 661
10 4 65 874 879 875
10 4 874 66 887 882
10 4 879 887 219 1407
10 4 875 882 1407 138
10 4 874 1407 879 875
10 4 874 1407 875 882
10 4 874 1407 882 887
10 4 874 1407 887 879
10 4 91 789 397 833
10 4 789 56 393 786
10 4 397 393 9 395
10 4 833 786 395 60
10 4 789 395 397 833
10 4 789 395 833 786
10 4 789 395 786 393
10 4 789 395 393 397
10 4 68 904 901 437
10 4 904 95 951 441
10 4 901 951 74 438
10 4 437 441 438 13
10 4 904 438 901 437
10 4 904 438 437 441
10 4 904 438 441 951
10 4 904 438 951 901
10 4 286 1807 1795 571
10 4 1807 230 1792 568
10 4 1795 1792 227 567
10 4 571 568 567 25
10 4 1807 567 1795 571
10 4 1807 567 571 568
10 4 1807 567 568 1792
10 4 1807 567 1792 1795
10 4 220 989 906 914
10 4 989 78 902 911
10 4 906 902 68 900
10 4 914 911 900 69
10 4 989 900 906 914
10 4 989 900 914 911
10 4 989 900 911 902
10 4 989 900 902 906
10 4 18 500 497 499
10 4 500 100 598 1005
10 4 497 598 29 597
10 4 499 1005 597 80
10 4 499 500 497 598
10 4 499 497 597 598
10 4 499 597 1005 598
10 4 499 1005 500 598
10 4 97 466 305 971
10 4 466 15 299 464
10 4 305 299 0 303
10 4 971 464 303 76
10 4 971 466 305 299
10 4 971 305 303 299
10 4 971 303 464 299
10 4 971 464 466 299
10 4 14 455 298 454
10 4 455 97 305 971
10 4 298 305 0 303
10 4 454 971 303 76
10 4 454 455 298 305
10 4 454 298 303 305
10 4 454 303 971 305
10 4 454 971 455 305
10 4 36 650 666 662
10 4 650 35 656 652
10 4 666 656 176 1056
10 4 662 652 1056 86
10 4 662 650 666 656
10 4 662 666 1056 656
10 4 662 1056 652 656
10 4 662 652 650 656
10 4 58 622 814 375
10 4 622 32 624 373
10 4 814 624 90 376
10 4 375 373 376 7
10 4 622 376 814 375
10 4 622 376 375 373
10 4 622 376 373 624
10 4 622 376 624 814
10 4 58 632 383 813
10 4 632 33 382 633
10 4 383 382 8 385
10 4 813 633 385 89
10 4 632 385 383 813
10 4 632 385 813 633
10 4 632 385 633 382
10 4 632 385 382 383
10 4 53 651 761 330
10 4 651 35 652 328
10 4 761 652 86 331
10 4 330 328 331 3
10 4 651 331 761 330
10 4 651 331 330 328
10 4 651 331 328 652
10 4 651 331 652 761
10 4 176 666 1056 1050
10 4 666 36 662 661
10 4 1056 662 86 1048
10 4 1050 661 1048 85
10 4 1050 666 1056 662
10 4 1050 1056 1048 662
10 4 1050 1048 661 662
10 4 1050 661 666 662
10 4 175 601 1564 1152
10 4 601 29 602 598
10 4 1564 602 179 1153
10 4 1152 598 1153 100
10 4 601 1153 1564 1152
10 4 601 1153 1152 598
10 4 601 1153 598 602
10 4 601 1153 602 1564
10 4 211 1737 824 1346
10 4 1737 278 829 1349
10 4 824 829 59 819
10 4 1346 1349 819 128
10 4 824 1737 1349 1346
10 4 824 1346 1349 819
10 4 824 819 1349 829
10 4 824 829 1349 1737
10 4 278 1737 829 1740
10 4 1737 211 824 1735
10 4 829 824 59 825
10 4 1740 1735 825 212
10 4 1740 1737 829 824
10 4 1740 829 825 824
10 4 1740 825 1735 824
10 4 1740 1735 1737 824
10 4 215 1380 1304 864
10 4 1380 134 1303 862
10 4 1304 1303 122 861
10 4 864 862 861 63
10 4 1380 861 1304 864
10 4 1380 861 864 862
10 4 1380 861 862 1303
10 4 1380 861 1303 1304
10 4 215 1380 864 1753
10 4 1380 134 862 1381
10 4 864 862 63 865
10 4 1753 1381 865 218
10 4 1380 865 864 1753
10 4 1380 865 1753 1381
10 4 1380 865 1381 862
10 4 1380 865 862 864
10 4 122 1311 1303 1304
10 4 1311 284 1386 1756
10 4 1303 1386 134 1380
10 4 1304 1756 1380 215
10 4 1311 1380 1303 1304
10 4 1311 1380 1304 1756
10 4 1311 1380 1756 1386
10 4 1311 1380 1386 1303
10 4 284 1386 1756 1765
10 4 1386 134 1380 1381
10 4 1756 1380 215 1753
10 4 1765 1381 1753 218
10 4 1765 1386 1756 1380
10 4 1765 1756 1753 1380
10 4 1765 1753 1381 1380
10 4 1765 1381 1386 1380
10 4 85 1054 1052 1051
10 4 1054 280 1688 1599
10 4 1052 1688 199 1598
10 4 1051 1599 1598 180
10 4 1051 1054 1052 1688
10 4 1051 1052 1598 1688
10 4 1051 1598 1599 1688
10 4 1051 1599 1054 1688
10 4 280 1066 1707 1967
10 4 1066 87 1062 1064
10 4 1707 1062 205 1705
10 4 1967 1064 1705 268
10 4 1066 1705 1707 1967
10 4 1066 1705 1967 1064
10 4 1066 1705 1064 1062
10 4 1066 1705 1062 1707
10 4 280 1066 1967 2019
10 4 1066 87 1064 1065
10 4 1967 1064 268 1966
10 4 2019 1065 1966 276
10 4 2019 1066 1967 1064
10 4 2019 1967 1966 1064
10 4 2019 1966 1065 1064
10 4 2019 1065 1066 1064
10 4 205 1705 1062 1708
10 4 1705 268 1064 1972
10 4 1062 1064 87 1067
10 4 1708 1972 1067 295
10 4 1705 1067 1062 1708
10 4 1705 1067 1708 1972
10 4 1705 1067 1972 1064
10 4 1705 1067 1064 1062
10 4 233 1029 1813 1798
10 4 1029 82 1028 1027
10 4 1813 1028 232 1797
10 4 1798 1027 1797 228
10 4 1813 1029 1027 1798
10 4 1813 1798 1027 1797
10 4 1813 1797 1027 1028
10 4 1813 1028 1027 1029
10 4 233 1029 1817 1813
10 4 1029 82 1032 1028
10 4 1817 1032 290 1814
10 4 1813 1028 1814 232
10 4 1029 1814 1817 1813
10 4 1029 1814 1813 1028
10 4 1029 1814 1028 1032
10 4 1029 1814 1032 1817
10 4 284 1311 2035 1756
10 4 1311 122 1310 1304
10 4 2035 1310 282 1755
10 4 1756 1304 1755 215
10 4 1311 1755 2035 1756
10 4 1311 1755 1756 1304
10 4 1311 1755 1304 1310
10 4 1311 1755 1310 2035
10 4 273 1578 2007 1701
10 4 1578 176 1580 1577
10 4 2007 1580 292 1703
10 4 1701 1577 1703 204
10 4 1701 1578 2007 1580
10 4 1701 2007 1703 1580
10 4 1701 1703 1577 1580
10 4 1701 1577 1578 1580
10 4 273 1701 2007 1709
10 4 1701 204 1703 1700
10 4 2007 1703 292 1711
10 4 1709 1700 1711 206
10 4 1701 1711 2007 1709
10 4 1701 1711 1709 1700
10 4 1701 1711 1700 1703
10 4 1701 1711 1703 2007
10 4 280 1579 1054 1688
10 4 1579 176 1050 1575
10 4 1054 1050 85 1052
10 4 1688 1575 1052 199
10 4 1579 1052 1054 1688
10 4 1579 1052 1688 1575
10 4 1579 1052 1575 1050
10 4 1579 1052 1050 1054
10 4 176 1579 1050 1577
10 4 1579 280 1054 1702
10 4 1050 1054 85 1053
10 4 1577 1702 1053 204
10 4 1577 1579 1050 1054
10 4 1577 1050 1053 1054
10 4 1577 1053 1702 1054
10 4 1577 1702 1579 1054
10 4 289 811 1405 1398
10 4 811 57 801 800
10 4 1405 801 137 1394
10 4 1398 800 1394 136
10 4 1405 811 800 1398
10 4 1405 1398 800 1394
10 4 1405 1394 800 801
10 4 1405 801 800 811
10 4 274 810 1403 2011
10 4 810 57 801 811
10 4 1403 801 137 1405
10 4 2011 811 1405 289
10 4 1403 810 811 2011
10 4 1403 2011 811 1405
10 4 1403 1405 811 801
10 4 1403 801 811 810
10 4 231 1811 965 1800
10 4 1811 290 970 1804
10 4 965 970 75 964
10 4 1800 1804 964 229
10 4 965 1811 1804 1800
10 4 965 1800 1804 964
10 4 965 964 1804 970
10 4 965 970 1804 1811
10 4 279 1040 1031 1675
10 4 1040 83 1021 1036
10 4 1031 1021 82 1023
10 4 1675 1036 1023 195
10 4 1040 1023 1031 1675
10 4 1040 1023 1675 1036
10 4 1040 1023 1036 1021
10 4 1040 1023 1021 1031
10 4 83 1040 1021 1039
10 4 1040 279 1031 2013
10 4 1021 1031 82 1030
10 4 1039 2013 1030 275
10 4 1040 1030 1021 1039
10 4 1040 1030 1039 2013
10 4 1040 1030 2013 1031
10 4 1040 1030 1031 1021
10 4 287 524 2042 1622
10 4 524 20 525 520
10 4 2042 525 291 1623
10 4 1622 520 1623 184
10 4 524 1623 2042 1622
10 4 524 1623 1622 520
10 4 524 1623 520 525
10 4 524 1623 525 2042
10 4 20 524 525 522
10 4 524 287 2042 1937
10 4 525 2042 291 1938
10 4 522 1937 1938 265
10 4 522 524 525 2042
10 4 522 525 1938 2042
10 4 522 1938 1937 2042
10 4 522 1937 524 2042
10 4 20 524 521 520
10 4 524 287 1669 1622
10 4 521 1669 193 1619
10 4 520 1622 1619 184
10 4 524 1619 521 520
10 4 524 1619 520 1622
10 4 524 1619 1622 1669
10 4 524 1619 1669 521
10 4 287 524 1669 1937
10 4 524 20 521 522
10 4 1669 521 193 1666
10 4 1937 522 1666 265
10 4 524 1666 1669 1937
10 4 524 1666 1937 522
10 4 524 1666 522 521
10 4 524 1666 521 1669
10 4 227 1796 963 1793
10 4 1796 290 970 1811
10 4 963 970 75 965
10 4 1793 1811 965 231
10 4 963 1796 1811 1793
10 4 963 1793 1811 965
10 4 963 965 1811 970
10 4 963 970 1811 1796
10 4 290 1796 970 1330
10 4 1796 227 963 1324
10 4 970 963 75 958
10 4 1330 1324 958 125
10 4 1796 958 970 1330
10 4 1796 958 1330 1324
10 4 1796 958 1324 963
10 4 1796 958 963 970
10 4 290 1796 2017 1811
10 4 1796 227 1794 1793
10 4 2017 1794 275 1809
10 4 1811 1793 1809 231
10 4 1796 1809 2017 1811
10 4 1796 1809 1811 1793
10 4 1796 1809 1793 1794
10 4 1796 1809 1794 2017
10 4 227 1796 1794 1324
10 4 1796 290 2017 1330
10 4 1794 2017 275 1326
10 4 1324 1330 1326 125
10 4 1796 1326 1794 1324
10 4 1796 1326 1324 1330
10 4 1796 1326 1330 2017
10 4 1796 1326 2017 1794
10 4 288 2045 2047 1958
10 4 2045 291 2049 1959
10 4 2047 2049 294 1960
10 4 1958 1959 1960 267
10 4 2045 1960 2047 1958
10 4 2045 1960 1958 1959
10 4 2045 1960 1959 2049
10 4 2045 1960 2049 2047
10 4 291 2045 2049 2000
10 4 2045 288 2047 1998
10 4 2049 2047 294 2002
10 4 2000 1998 2002 272
10 4 2045 2002 2049 2000
10 4 2045 2002 2000 1998
10 4 2045 2002 1998 2047
10 4 2045 2002 2047 2049
10 4 228 1799 1412 978
10 4 1799 279 1416 984
10 4 1412 1416 139 975
10 4 978 984 975 77
10 4 1412 1799 984 978
10 4 1412 978 984 975
10 4 1412 975 984 1416
10 4 1412 1416 984 1799
10 4 228 1799 978 1798
10 4 1799 279 984 1816
10 4 978 984 77 981
10 4 1798 1816 981 233
10 4 978 1799 1816 1798
10 4 978 1798 1816 981
10 4 978 981 1816 984
10 4 978 984 1816 1799
10 4 182 1608 1610 1607
10 4 1608 272 1996 1680
10 4 1610 1996 283 1681
10 4 1607 1680 1681 197
10 4 1610 1608 1680 1607
10 4 1610 1607 1680 1681
10 4 1610 1681 1680 1996
10 4 1610 1996 1680 1608
10 4 272 1608 1996 1995
10 4 1608 182 1610 1609
10 4 1996 1610 283 2009
10 4 1995 1609 2009 274
10 4 1995 1608 1996 1610
10 4 1995 1996 2009 1610
10 4 1995 2009 1609 1610
10 4 1995 1609 1608 1610
10 4 272 1608 1671 1680
10 4 1608 182 1606 1607
10 4 1671 1606 194 1670
10 4 1680 1607 1670 197
10 4 1608 1670 1671 1680
10 4 1608 1670 1680 1607
10 4 1608 1670 1607 1606
10 4 1608 1670 1606 1671
10 4 207 1720 1718 1714
10 4 1720 285 2020 1780
10 4 1718 2020 276 1779
10 4 1714 1780 1779 222
10 4 1720 1779 1718 1714
10 4 1720 1779 1714 1780
10 4 1720 1779 1780 2020
10 4 1720 1779 2020 1718
10 4 285 1720 2020 1992
10 4 1720 207 1718 1717
10 4 2020 1718 276 1988
10 4 1992 1717 1988 271
10 4 1720 1988 2020 1992
10 4 1720 1988 1992 1717
10 4 1720 1988 1717 1718
10 4 1720 1988 1718 2020
10 4 285 1720 1784 1780
10 4 1720 207 1715 1714
10 4 1784 1715 224 1776
10 4 1780 1714 1776 222
10 4 1784 1720 1714 1780
10 4 1784 1780 1714 1776
10 4 1784 1776 1714 1715
10 4 1784 1715 1714 1720
10 4 207 1720 1715 1717
10 4 1720 285 1784 1992
10 4 1715 1784 224 1783
10 4 1717 1992 1783 271
10 4 1720 1783 1715 1717
10 4 1720 1783 1717 1992
10 4 1720 1783 1992 1784
10 4 1720 1783 1784 1715
10 4 57 811 804 800
10 4 811 289 1732 1398
10 4 804 1732 209 1395
10 4 800 1398 1395 136
10 4 811 1395 804 800
10 4 811 1395 800 1398
10 4 811 1395 1398 1732
10 4 811 1395 1732 804
10 4 289 811 1732 1742
10 4 811 57 804 806
10 4 1732 804 209 1729
10 4 1742 806 1729 212
10 4 1742 811 1732 804
10 4 1742 1732 1729 804
10 4 1742 1729 806 804
10 4 1742 806 811 804
10 4 295 1727 1721 533
10 4 1727 208 1712 531
10 4 1721 1712 207 530
10 4 533 531 530 21
10 4 1727 530 1721 533
10 4 1727 530 533 531
10 4 1727 530 531 1712
10 4 1727 530 1712 1721
10 4 208 1727 1712 1726
10 4 1727 295 1721 2023
10 4 1712 1721 207 1719
10 4 1726 2023 1719 277
10 4 1727 1719 1712 1726
10 4 1727 1719 1726 2023
10 4 1727 1719 2023 1721
10 4 1727 1719 1721 1712
10 4 204 1367 345 769
10 4 1367 132 343 766
10 4 345 343 4 339
10 4 769 766 339 54
10 4 1367 339 345 769
10 4 1367 339 769 766
10 4 1367 339 766 343
10 4 1367 339 343 345
10 4 132 1367 343 1049
10 4 1367 204 345 1053
10 4 343 345 4 340
10 4 1049 1053 340 85
10 4 1049 1367 343 345
10 4 1049 343 340 345
10 4 1049 340 1053 345
10 4 1049 1053 1367 345
10 4 129 1351 333 748
10 4 1351 204 335 752
10 4 333 335 3 329
10 4 748 752 329 52
10 4 1351 329 333 748
10 4 1351 329 748 752
10 4 1351 329 752 335
10 4 1351 329 335 333
10 4 204 1351 335 1058
10 4 1351 129 333 1055
10 4 335 333 3 331
10 4 1058 1055 331 86
10 4 335 1351 1055 1058
10 4 335 1058 1055 331
10 4 335 331 1055 333
10 4 335 333 1055 1351
10 4 283 1646 2039 1570
10 4 1646 189 1649 1566
10 4 2039 1649 293 1571
10 4 1570 1566 1571 175
10 4 1646 1571 2039 1570
10 4 1646 1571 1570 1566
10 4 1646 1571 1566 1649
10 4 1646 1571 1649 2039
10 4 189 1646 1649 1645
10 4 1646 283 2039 1996
10 4 1649 2039 293 2001
10 4 1645 1996 2001 272
10 4 1646 2001 1649 1645
10 4 1646 2001 1645 1996
10 4 1646 2001 1996 2039
10 4 1646 2001 2039 1649
10 4 174 628 1355 1561
10 4 628 32 627 629
10 4 1355 627 130 1356
10 4 1561 629 1356 187
10 4 628 1356 1355 1561
10 4 628 1356 1561 629
10 4 628 1356 629 627
10 4 628 1356 627 1355
10 4 130 1356 627 1081
10 4 1356 187 629 1082
10 4 627 629 32 624
10 4 1081 1082 624 90
10 4 1081 1356 627 629
10 4 1081 627 624 629
10 4 1081 624 1082 629
10 4 1081 1082 1356 629
10 4 230 1806 1805 1808
10 4 1806 275 1809 2018
10 4 1805 1809 231 1812
10 4 1808 2018 1812 296
10 4 1806 1812 1805 1808
10 4 1806 1812 1808 2018
10 4 1806 1812 2018 1809
10 4 1806 1812 1809 1805
10 4 230 1806 1808 1807
10 4 1806 275 2018 2016
10 4 1808 2018 296 2041
10 4 1807 2016 2041 286
10 4 1806 2041 1808 1807
10 4 1806 2041 1807 2016
10 4 1806 2041 2016 2018
10 4 1806 2041 2018 1808
10 4 230 1806 1792 1805
10 4 1806 275 1794 1809
10 4 1792 1794 227 1793
10 4 1805 1809 1793 231
10 4 1806 1793 1792 1805
10 4 1806 1793 1805 1809
10 4 1806 1793 1809 1794
10 4 1806 1793 1794 1792
10 4 275 1806 1794 2016
10 4 1806 230 1792 1807
10 4 1794 1792 227 1795
10 4 2016 1807 1795 286
10 4 1794 1806 1807 2016
10 4 1794 2016 1807 1795
10 4 1794 1795 1807 1792
10 4 1794 1792 1807 1806
10 4 284 1140 2035 1311
10 4 1140 98 1139 1132
10 4 2035 1139 282 1310
10 4 1311 1132 1310 122
10 4 1140 1310 2035 1311
10 4 1140 1310 1311 1132
10 4 1140 1310 1132 1139
10 4 1140 1310 1139 2035
10 4 98 1140 1139 1137
10 4 1140 284 2035 1947
10 4 1139 2035 282 1946
10 4 1137 1947 1946 266
10 4 1140 1946 1139 1137
10 4 1140 1946 1137 1947
10 4 1140 1946 1947 2035
10 4 1140 1946 2035 1139
10 4 72 938 940 936
10 4 938 207 1715 1312
10 4 940 1715 224 1314
10 4 936 1312 1314 123
10 4 938 1314 940 936
10 4 938 1314 936 1312
10 4 938 1314 1312 1715
10 4 938 1314 1715 940
10 4 72 938 936 777
10 4 938 207 1312 782
10 4 936 1312 123 780
10 4 777 782 780 55
10 4 777 938 936 1312
10 4 777 936 780 1312
10 4 777 780 782 1312
10 4 777 782 938 1312
10 4 207 1292 938 1715
10 4 1292 120 935 1294
10 4 938 935 72 940
10 4 1715 1294 940 224
10 4 938 1292 1294 1715
10 4 938 1715 1294 940
10 4 938 940 1294 935
10 4 938 935 1294 1292
10 4 120 1292 935 779
10 4 1292 207 938 782
10 4 935 938 72 777
10 4 779 782 777 55
10 4 779 1292 935 938
10 4 779 935 777 938
10 4 779 777 782 938
10 4 779 782 1292 938
10 4 234 1116 907 1818
10 4 1116 95 904 1117
10 4 907 904 68 908
10 4 1818 1117 908 235
10 4 1116 908 907 1818
10 4 1116 908 1818 1117
10 4 1116 908 1117 904
10 4 1116 908 904 907
10 4 95 1116 904 1112
10 4 1116 234 907 1768
10 4 904 907 68 906
10 4 1112 1768 906 220
10 4 1112 1116 904 907
10 4 1112 904 906 907
10 4 1112 906 1768 907
10 4 1112 1768 1116 907
10 4 77 984 980 979
10 4 984 279 1810 1803
10 4 980 1810 231 1800
10 4 979 1803 1800 229
10 4 980 984 1803 979
10 4 980 979 1803 1800
10 4 980 1800 1803 1810
10 4 980 1810 1803 984
10 4 279 984 1810 1376
10 4 984 77 980 974
10 4 1810 980 231 1372
10 4 1376 974 1372 133
10 4 984 1372 1810 1376
10 4 984 1372 1376 974
10 4 984 1372 974 980
10 4 984 1372 980 1810
10 4 215 1754 1098 857
10 4 1754 223 1101 858
10 4 1098 1101 93 853
10 4 857 858 853 62
10 4 1754 853 1098 857
10 4 1754 853 857 858
10 4 1754 853 858 1101
10 4 1754 853 1101 1098
10 4 223 1101 858 922
10 4 1101 93 853 918
10 4 858 853 62 852
10 4 922 918 852 70
10 4 858 1101 918 922
10 4 858 922 918 852
10 4 858 852 918 853
10 4 858 853 918 1101
10 4 291 1648 1672 1542
10 4 1648 189 1642 1538
10 4 1672 1642 194 1540
10 4 1542 1538 1540 171
10 4 1648 1540 1672 1542
10 4 1648 1540 1542 1538
10 4 1648 1540 1538 1642
10 4 1648 1540 1642 1672
10 4 189 1648 1642 1645
10 4 1648 291 1672 2000
10 4 1642 1672 194 1671
10 4 1645 2000 1671 272
10 4 1648 1671 1642 1645
10 4 1648 1671 1645 2000
10 4 1648 1671 2000 1672
10 4 1648 1671 1672 1642
10 4 271 1942 1991 1989
10 4 1942 266 1947 1945
10 4 1991 1947 284 2022
10 4 1989 1945 2022 277
10 4 1991 1942 1945 1989
10 4 1991 1989 1945 2022
10 4 1991 2022 1945 1947
10 4 1991 1947 1945 1942
10 4 266 1942 1947 1946
10 4 1942 271 1991 1990
10 4 1947 1991 284 2035
10 4 1946 1990 2035 282
10 4 1942 2035 1947 1946
10 4 1942 2035 1946 1990
10 4 1942 2035 1990 1991
10 4 1942 2035 1991 1947
10 4 276 1260 360 1321
10 4 1260 116 351 1253
10 4 360 351 5 353
10 4 1321 1253 353 124
10 4 1260 353 360 1321
10 4 1260 353 1321 1253
10 4 1260 353 1253 351
10 4 1260 353 351 360
10 4 116 1260 351 1060
10 4 1260 276 360 1065
10 4 351 360 5 350
10 4 1060 1065 350 87
10 4 1060 1260 351 360
10 4 1060 351 350 360
10 4 1060 350 1065 360
10 4 1060 1065 1260 360
10 4 88 1068 788 396
10 4 1068 91 789 397
10 4 788 789 56 393
10 4 396 397 393 9
10 4 396 1068 788 789
10 4 396 788 393 789
10 4 396 393 397 789
10 4 396 397 1068 789
10 4 91 1068 789 1085
10 4 1068 88 788 1072
10 4 789 788 56 793
10 4 1085 1072 793 208
10 4 1085 1068 789 788
10 4 1085 789 793 788
10 4 1085 793 1072 788
10 4 1085 1072 1068 788
10 4 276 1125 1789 2021
10 4 1125 96 1123 1126
10 4 1789 1123 226 1791
10 4 2021 1126 1791 286
10 4 1125 1791 1789 2021
10 4 1125 1791 2021 1126
10 4 1125 1791 1126 1123
10 4 1125 1791 1123 1789
10 4 286 1791 2021 2040
10 4 1791 226 1789 1790
10 4 2021 1789 276 2020
10 4 2040 1790 2020 285
10 4 2040 1791 2021 1789
10 4 2040 2021 2020 1789
10 4 2040 2020 1790 1789
10 4 2040 1790 1791 1789
10 4 286 1791 1788 1126
10 4 1791 226 1785 1123
10 4 1788 1785 225 1122
10 4 1126 1123 1122 96
10 4 1791 1122 1788 1126
10 4 1791 1122 1126 1123
10 4 1791 1122 1123 1785
10 4 1791 1122 1785 1788
10 4 226 1791 1785 1790
10 4 1791 286 1788 2040
10 4 1785 1788 225 1787
10 4 1790 2040 1787 285
10 4 1790 1791 1785 1788
10 4 1790 1785 1787 1788
10 4 1790 1787 2040 1788
10 4 1790 2040 1791 1788
10 4 88 1070 1068 396
10 4 1070 128 1084 398
10 4 1068 1084 91 397
10 4 396 398 397 9
10 4 396 1070 1068 1084
10 4 396 1068 397 1084
10 4 396 397 398 1084
10 4 396 398 1070 1084
10 4 88 1070 396 320
10 4 1070 128 398 322
10 4 396 398 9 317
10 4 320 322 317 2
10 4 1070 317 396 320
10 4 1070 317 320 322
10 4 1070 317 322 398
10 4 1070 317 398 396
10 4 32 629 623 624
10 4 629 187 1079 1082
10 4 623 1079 89 1076
10 4 624 1082 1076 90
10 4 623 629 1082 624
10 4 623 624 1082 1076
10 4 623 1076 1082 1079
10 4 623 1079 1082 629
10 4 33 621 638 633
10 4 621 32 629 623
10 4 638 629 187 1079
10 4 633 623 1079 89
10 4 621 1079 638 633
10 4 621 1079 633 623
10 4 621 1079 623 629
10 4 621 1079 629 638
10 4 32 623 622 624
10 4 623 89 813 1076
10 4 622 813 58 814
10 4 624 1076 814 90
10 4 623 814 622 624
10 4 623 814 624 1076
10 4 623 814 1076 813
10 4 623 814 813 622
10 4 33 621 633 632
10 4 621 32 623 622
10 4 633 623 89 813
10 4 632 622 813 58
10 4 621 813 633 632
10 4 621 813 632 622
10 4 621 813 622 623
10 4 621 813 623 633
10 4 207 1716 1717 1721
10 4 1716 268 1963 1972
10 4 1717 1963 271 1994
10 4 1721 1972 1994 295
10 4 1716 1994 1717 1721
10 4 1716 1994 1721 1972
10 4 1716 1994 1972 1963
10 4 1716 1994 1963 1717
10 4 268 1716 1963 1966
10 4 1716 207 1717 1718
10 4 1963 1717 271 1988
10 4 1966 1718 1988 276
10 4 1716 1988 1963 1966
10 4 1716 1988 1966 1718
10 4 1716 1988 1718 1717
10 4 1716 1988 1717 1963
10 4 268 1716 1064 1972
10 4 1716 207 1063 1721
10 4 1064 1063 87 1067
10 4 1972 1721 1067 295
10 4 1716 1067 1064 1972
10 4 1716 1067 1972 1721
10 4 1716 1067 1721 1063
10 4 1716 1067 1063 1064
10 4 207 1716 1063 1718
10 4 1716 268 1064 1966
10 4 1063 1064 87 1065
10 4 1718 1966 1065 276
10 4 1718 1716 1063 1064
10 4 1718 1063 1065 1064
10 4 1718 1065 1966 1064
10 4 1718 1966 1716 1064
10 4 287 1611 1997 2010
10 4 1611 182 1608 1609
10 4 1997 1608 272 1995
10 4 2010 1609 1995 274
10 4 1611 1995 1997 2010
10 4 1611 1995 2010 1609
10 4 1611 1995 1609 1608
10 4 1611 1995 1608 1997
10 4 272 1621 1608 1997
10 4 1621 184 1605 1622
10 4 1608 1605 182 1611
10 4 1997 1622 1611 287
10 4 1621 1611 1608 1997
10 4 1621 1611 1997 1622
10 4 1621 1611 1622 1605
10 4 1621 1611 1605 1608
10 4 184 1621 1605 1620
10 4 1621 272 1608 1671
10 4 1605 1608 182 1606
10 4 1620 1671 1606 194
10 4 1621 1606 1605 1620
10 4 1621 1606 1620 1671
10 4 1621 1606 1671 1608
10 4 1621 1606 1608 1605

boundary
1600
7 2 27 300 583
7 2 307 583 300
7 2 300 0 307
7 2 583 307 115
7 2 0 301 306
7 2 676 306 301
7 2 301 38 676
7 2 306 676 114
7 2 39 302 685
7 2 306 685 302
7 2 302 0 306
7 2 685 306 114
7 2 0 302 307
7 2 686 307 302
7 2 302 39 686
7 2 307 686 115
7 2 1 313 310
7 2 683 310 313
7 2 313 112 683
7 2 310 683 39
7 2 1 310 314
7 2 684 314 310
7 2 310 39 684
7 2 314 684 113
7 2 112 313 691
7 2 311 691 313
7 2 313 1 311
7 2 691 311 40
7 2 1 314 312
7 2 745 312 314
7 2 314 113 745
7 2 312 745 51
7 2 28 581 589
7 2 582 589 581
7 2 581 27 582
7 2 589 582 102
7 2 102 582 1167
7 2 583 1167 582
7 2 582 27 583
7 2 1167 583 115
7 2 109 600 590
7 2 588 590 600
7 2 600 29 588
7 2 590 588 28
7 2 109 590 1165
7 2 589 1165 590
7 2 590 28 589
7 2 1165 589 102
7 2 106 605 599
7 2 596 599 605
7 2 605 30 596
7 2 599 596 29
7 2 29 600 599
7 2 1201 599 600
7 2 600 109 1201
7 2 599 1201 106
7 2 105 612 604
7 2 603 604 612
7 2 612 31 603
7 2 604 603 30
7 2 105 604 1194
7 2 605 1194 604
7 2 604 30 605
7 2 1194 605 106
7 2 31 613 611
7 2 626 611 613
7 2 613 110 626
7 2 611 626 32
7 2 110 613 1195
7 2 612 1195 613
7 2 613 31 612
7 2 1195 612 105
7 2 101 634 625
7 2 621 625 634
7 2 634 33 621
7 2 625 621 32
7 2 32 626 625
7 2 1158 625 626
7 2 626 110 1158
7 2 625 1158 101
7 2 33 635 631
7 2 641 631 635
7 2 635 111 641
7 2 631 641 34
7 2 111 635 1159
7 2 634 1159 635
7 2 635 33 634
7 2 1159 634 101
7 2 104 653 640
7 2 639 640 653
7 2 653 35 639
7 2 640 639 34
7 2 104 640 1186
7 2 641 1186 640
7 2 640 34 641
7 2 1186 641 111
7 2 107 663 654
7 2 650 654 663
7 2 663 36 650
7 2 654 650 35
7 2 35 653 654
7 2 1185 654 653
7 2 653 104 1185
7 2 654 1185 107
7 2 108 670 664
7 2 659 664 670
7 2 670 37 659
7 2 664 659 36
7 2 108 664 1209
7 2 663 1209 664
7 2 664 36 663
7 2 1209 663 107
7 2 38 668 675
7 2 669 675 668
7 2 668 37 669
7 2 675 669 103
7 2 37 670 669
7 2 1174 669 670
7 2 670 108 1174
7 2 669 1174 103
7 2 38 675 676
7 2 1176 676 675
7 2 675 103 1176
7 2 676 1176 114
7 2 39 683 686
7 2 1238 686 683
7 2 683 112 1238
7 2 686 1238 115
7 2 39 685 684
7 2 1243 684 685
7 2 685 114 1243
7 2 684 1243 113
7 2 41 695 689
7 2 690 689 695
7 2 695 102 690
7 2 689 690 40
7 2 40 690 691
7 2 1166 691 690
7 2 690 102 1166
7 2 691 1166 112
7 2 42 701 694
7 2 696 694 701
7 2 701 109 696
7 2 694 696 41
7 2 102 695 1165
7 2 696 1165 695
7 2 695 41 696
7 2 1165 696 109
7 2 43 706 699
7 2 700 699 706
7 2 706 106 700
7 2 699 700 42
7 2 42 700 701
7 2 1201 701 700
7 2 700 106 1201
7 2 701 1201 109
7 2 44 710 704
7 2 705 704 710
7 2 710 105 705
7 2 704 705 43
7 2 106 706 1194
7 2 705 1194 706
7 2 706 43 705
7 2 1194 705 105
7 2 110 711 716
7 2 709 716 711
7 2 711 44 709
7 2 716 709 45
7 2 105 710 1195
7 2 711 1195 710
7 2 710 44 711
7 2 1195 711 110
7 2 46 720 714
7 2 715 714 720
7 2 720 101 715
7 2 714 715 45
7 2 45 715 716
7 2 1158 716 715
7 2 715 101 1158
7 2 716 1158 110
7 2 111 721 726
7 2 719 726 721
7 2 721 46 719
7 2 726 719 47
7 2 101 720 1159
7 2 721 1159 720
7 2 720 46 721
7 2 1159 721 111
7 2 48 730 724
7 2 725 724 730
7 2 730 104 725
7 2 724 725 47
7 2 111 726 1186
7 2 725 1186 726
7 2 726 47 725
7 2 1186 725 104
7 2 49 735 729
7 2 731 729 735
7 2 735 107 731
7 2 729 731 48
7 2 48 731 730
7 2 1185 730 731
7 2 731 107 1185
7 2 730 1185 104
7 2 50 741 734
7 2 736 734 741
7 2 741 108 736
7 2 734 736 49
7 2 107 735 1209
7 2 736 1209 735
7 2 735 49 736
7 2 1209 736 108
7 2 103 740 744
7 2 739 744 740
7 2 740 50 739
7 2 744 739 51
7 2 50 740 741
7 2 1174 741 740
7 2 740 103 1174
7 2 741 1174 108
7 2 103 744 1175
7 2 745 1175 744
7 2 744 51 745
7 2 1175 745 113
7 2 102 1167 1166
7 2 1238 1166 1167
7 2 1167 115 1238
7 2 1166 1238 112
7 2 114 1176 1243
7 2 1175 1243 1176
7 2 1176 103 1175
7 2 1243 1175 113
1 2 143 410 856
1 2 405 856 410
1 2 410 10 405
1 2 856 405 62
1 2 143 895 410
1 2 406 410 895
1 2 895 67 406
1 2 410 406 10
1 2 63 863 851
1 2 856 851 863
1 2 863 143 856
1 2 851 856 62
1 2 64 868 860
1 2 863 860 868
1 2 868 143 863
1 2 860 863 63
1 2 65 876 867
1 2 868 867 876
1 2 876 143 868
1 2 867 868 64
1 2 143 876 883
1 2 874 883 876
1 2 876 65 874
1 2 883 874 66
1 2 143 883 895
1 2 881 895 883
1 2 883 66 881
1 2 895 881 67
2 2 144 418 905
2 2 414 905 418
2 2 418 11 414
2 2 905 414 68
2 2 144 945 418
2 2 415 418 945
2 2 945 73 415
2 2 418 415 11
2 2 69 913 900
2 2 905 900 913
2 2 913 144 905
2 2 900 905 68
2 2 70 920 910
2 2 913 910 920
2 2 920 144 913
2 2 910 913 69
2 2 71 929 917
2 2 920 917 929
2 2 929 144 920
2 2 917 920 70
2 2 144 929 937
2 2 926 937 929
2 2 929 71 926
2 2 937 926 72
2 2 144 937 945
2 2 934 945 937
2 2 937 72 934
2 2 945 934 73
3 2 6 361 367
3 2 802 367 361
3 2 361 57 802
3 2 367 802 145
3 2 61 362 846
3 2 368 846 362
3 2 362 6 368
3 2 846 368 147
3 2 6 367 368
3 2 1436 368 367
3 2 367 145 1436
3 2 368 1436 147
3 2 57 374 803
3 2 379 803 374
3 2 374 7 379
3 2 803 379 146
3 2 146 379 816
3 2 375 816 379
3 2 379 7 375
3 2 816 375 58
3 2 8 389 383
3 2 816 383 389
3 2 389 146 816
3 2 383 816 58
3 2 8 384 389
3 2 822 389 384
3 2 384 59 822
3 2 389 822 146
3 2 59 394 821
3 2 399 821 394
3 2 394 9 399
3 2 821 399 145
3 2 60 835 395
3 2 400 395 835
3 2 835 147 400
3 2 395 400 9
3 2 145 399 1436
3 2 400 1436 399
3 2 399 9 400
3 2 1436 400 147
3 2 145 802 821
3 2 798 821 802
3 2 802 57 798
3 2 821 798 59
3 2 146 822 803
3 2 798 803 822
3 2 822 59 798
3 2 803 798 57
3 2 60 831 835
3 2 846 835 831
3 2 831 61 846
3 2 835 846 147
4 2 12 421 423
4 2 438 423 421
4 2 421 13 438
4 2 423 438 74
4 2 148 443 429
4 2 421 429 443
4 2 443 13 421
4 2 429 421 12
4 2 12 424 429
4 2 961 429 424
4 2 424 75 961
4 2 429 961 148
4 2 77 439 976
4 2 443 976 439
4 2 439 13 443
4 2 976 443 148
4 2 75 453 962
4 2 458 962 453
4 2 453 14 458
4 2 962 458 149
4 2 149 458 972
4 2 454 972 458
4 2 458 14 454
4 2 972 454 76
4 2 15 469 464
4 2 972 464 469
4 2 469 149 972
4 2 464 972 76
4 2 15 465 469
4 2 977 469 465
4 2 465 77 977
4 2 469 977 149
4 2 77 976 957
4 2 961 957 976
4 2 976 148 961
4 2 957 961 75
4 2 75 962 957
4 2 977 957 962
4 2 962 149 977
4 2 957 977 77
5 2 2 318 323
5 2 749 323 318
5 2 318 52 749
5 2 323 749 150
5 2 2 324 319
5 2 791 319 324
5 2 324 151 791
5 2 319 791 56
5 2 2 323 324
5 2 1448 324 323
5 2 323 150 1448
5 2 324 1448 151
5 2 52 329 750
5 2 334 750 329
5 2 329 3 334
5 2 750 334 152
5 2 152 334 763
5 2 330 763 334
5 2 334 3 330
5 2 763 330 53
5 2 4 344 338
5 2 763 338 344
5 2 344 152 763
5 2 338 763 53
5 2 4 339 344
5 2 768 344 339
5 2 339 54 768
5 2 344 768 152
5 2 54 348 767
5 2 354 767 348
5 2 348 5 354
5 2 767 354 150
5 2 151 355 781
5 2 349 781 355
5 2 355 5 349
5 2 781 349 55
5 2 150 354 1448
5 2 355 1448 354
5 2 354 5 355
5 2 1448 355 151
5 2 152 1449 750
5 2 749 750 1449
5 2 1449 150 749
5 2 750 749 52
5 2 150 1449 767
5 2 768 767 1449
5 2 1449 152 768
5 2 767 768 54
5 2 55 774 781
5 2 791 781 774
5 2 774 56 791
5 2 781 791 151
6 2 153 988 478
6 2 473 478 988
6 2 988 78 473
6 2 478 473 16
6 2 16 474 478
6 2 997 478 474
6 2 474 79 997
6 2 478 997 153
6 2 78 988 484
6 2 491 484 988
6 2 988 153 491
6 2 484 491 17
6 2 81 485 1012
6 2 491 1012 485
6 2 485 17 491
6 2 1012 491 153
6 2 79 498 998
6 2 503 998 498
6 2 498 18 503
6 2 998 503 154
6 2 154 503 1008
6 2 499 1008 503
6 2 503 18 499
6 2 1008 499 80
6 2 19 514 509
6 2 1008 509 514
6 2 514 154 1008
6 2 509 1008 80
6 2 19 510 514
6 2 1013 514 510
6 2 510 81 1013
6 2 514 1013 154
6 2 154 1456 998
6 2 997 998 1456
6 2 1456 153 997
6 2 998 997 79
6 2 153 1456 1012
6 2 1013 1012 1456
6 2 1456 154 1013
6 2 1012 1013 81
8 2 40 311 692
8 2 315 692 311
8 2 311 1 315
8 2 692 315 158
8 2 165 316 746
8 2 312 746 316
8 2 316 1 312
8 2 746 312 51
8 2 1 316 315
8 2 1481 315 316
8 2 316 165 1481
8 2 315 1481 158
8 2 41 689 698
8 2 693 698 689
8 2 689 40 693
8 2 698 693 169
8 2 40 692 693
8 2 1482 693 692
8 2 692 158 1482
8 2 693 1482 169
8 2 42 694 703
8 2 697 703 694
8 2 694 41 697
8 2 703 697 160
8 2 160 697 1492
8 2 698 1492 697
8 2 697 41 698
8 2 1492 698 169
8 2 43 699 707
8 2 702 707 699
8 2 699 42 702
8 2 707 702 155
8 2 155 702 1462
8 2 703 1462 702
8 2 702 42 703
8 2 1462 703 160
8 2 44 704 713
8 2 708 713 704
8 2 704 43 708
8 2 713 708 166
8 2 43 707 708
8 2 1465 708 707
8 2 707 155 1465
8 2 708 1465 166
8 2 45 709 717
8 2 712 717 709
8 2 709 44 712
8 2 717 712 159
8 2 159 712 1486
8 2 713 1486 712
8 2 712 44 713
8 2 1486 713 166
8 2 46 714 723
8 2 718 723 714
8 2 714 45 718
8 2 723 718 170
8 2 45 717 718
8 2 1487 718 717
8 2 717 159 1487
8 2 718 1487 170
8 2 47 719 727
8 2 722 727 719
8 2 719 46 722
8 2 727 722 157
8 2 157 722 1476
8 2 723 1476 722
8 2 722 46 723
8 2 1476 723 170
8 2 48 724 732
8 2 728 732 724
8 2 724 47 728
8 2 732 728 167
8 2 47 727 728
8 2 1475 728 727
8 2 727 157 1475
8 2 728 1475 167
8 2 49 729 738
8 2 733 738 729
8 2 729 48 733
8 2 738 733 168
8 2 167 1526 732
8 2 733 732 1526
8 2 1526 168 733
8 2 732 733 48
8 2 50 734 742
8 2 737 742 734
8 2 734 49 737
8 2 742 737 156
8 2 156 737 1470
8 2 738 1470 737
8 2 737 49 738
8 2 1470 738 168
8 2 50 743 739
8 2 746 739 743
8 2 743 165 746
8 2 739 746 51
8 2 165 743 1469
8 2 742 1469 743
8 2 743 50 742
8 2 1469 742 156
8 2 159 1461 1485
8 2 1464 1485 1461
8 2 1461 155 1464
8 2 1485 1464 163
8 2 155 1461 1465
8 2 1486 1465 1461
8 2 1461 159 1486
8 2 1465 1486 166
8 2 161 1463 1491
8 2 1462 1491 1463
8 2 1463 155 1462
8 2 1491 1462 160
8 2 163 1464 1496
8 2 1463 1496 1464
8 2 1464 155 1463
8 2 1496 1463 161
8 2 162 1467 1503
8 2 1468 1503 1467
8 2 1467 156 1468
8 2 1503 1468 164
8 2 165 1469 1504
8 2 1467 1504 1469
8 2 1469 156 1467
8 2 1504 1467 162
8 2 164 1468 1516
8 2 1470 1516 1468
8 2 1468 156 1470
8 2 1516 1470 168
8 2 157 1472 1473
8 2 1485 1473 1472
8 2 1472 159 1485
8 2 1473 1485 163
8 2 159 1472 1487
8 2 1476 1487 1472
8 2 1472 157 1476
8 2 1487 1476 170
8 2 157 1473 1474
8 2 1509 1474 1473
8 2 1473 163 1509
8 2 1474 1509 164
8 2 157 1474 1475
8 2 1515 1475 1474
8 2 1474 164 1515
8 2 1475 1515 167
8 2 158 1480 1479
8 2 1495 1479 1480
8 2 1480 162 1495
8 2 1479 1495 161
8 2 158 1479 1482
8 2 1497 1482 1479
8 2 1479 161 1497
8 2 1482 1497 169
8 2 162 1480 1504
8 2 1481 1504 1480
8 2 1480 158 1481
8 2 1504 1481 165
8 2 161 1491 1497
8 2 1492 1497 1491
8 2 1491 160 1492
8 2 1497 1492 169
8 2 163 1496 1502
8 2 1495 1502 1496
8 2 1496 161 1495
8 2 1502 1495 162
8 2 164 1509 1503
8 2 1502 1503 1509
8 2 1509 163 1502
8 2 1503 1502 162
8 2 167 1515 1526
8 2 1516 1526 1515
8 2 1515 164 1516
8 2 1526 1516 168
11 2 0 300 308
11 2 587 308 300
11 2 300 27 587
11 2 308 587 201
11 2 38 301 680
11 2 309 680 301
11 2 301 0 309
11 2 680 309 202
11 2 82 304 1025
11 2 308 1025 304
11 2 304 0 308
11 2 1025 308 201
11 2 0 304 309
11 2 1026 309 304
11 2 304 82 1026
11 2 309 1026 202
11 2 20 517 518
11 2 1042 518 517
11 2 517 84 1042
11 2 518 1042 171
11 2 20 519 517
11 2 1043 517 519
11 2 519 173 1043
11 2 517 1043 84
11 2 171 1537 518
11 2 520 518 1537
11 2 1537 184 520
11 2 518 520 20
11 2 173 519 1555
11 2 521 1555 519
11 2 519 20 521
11 2 1555 521 193
11 2 184 1619 520
11 2 521 520 1619
11 2 1619 193 521
11 2 520 521 20
11 2 27 581 586
11 2 593 586 581
11 2 581 28 593
11 2 586 593 177
11 2 177 1584 586
11 2 587 586 1584
11 2 1584 201 587
11 2 586 587 27
11 2 28 588 594
11 2 602 594 588
11 2 588 29 602
11 2 594 602 179
11 2 28 594 593
11 2 1581 593 594
11 2 594 179 1581
11 2 593 1581 177
11 2 29 596 601
11 2 607 601 596
11 2 596 30 607
11 2 601 607 175
11 2 29 601 602
11 2 1564 602 601
11 2 601 175 1564
11 2 602 1564 179
11 2 30 603 608
11 2 618 608 603
11 2 603 31 618
11 2 608 618 181
11 2 175 607 1565
11 2 608 1565 607
11 2 607 30 608
11 2 1565 608 181
11 2 31 611 617
11 2 628 617 611
11 2 611 32 628
11 2 617 628 174
11 2 31 617 618
11 2 1558 618 617
11 2 617 174 1558
11 2 618 1558 181
11 2 32 621 629
11 2 638 629 621
11 2 621 33 638
11 2 629 638 187
11 2 174 628 1561
11 2 629 1561 628
11 2 628 32 629
11 2 1561 629 187
11 2 33 631 637
11 2 645 637 631
11 2 631 34 645
11 2 637 645 172
11 2 172 1546 637
11 2 638 637 1546
11 2 1546 187 638
11 2 637 638 33
11 2 34 639 646
11 2 657 646 639
11 2 639 35 657
11 2 646 657 200
11 2 200 1547 646
11 2 645 646 1547
11 2 1547 172 645
11 2 646 645 34
11 2 35 650 656
11 2 666 656 650
11 2 650 36 666
11 2 656 666 176
11 2 35 656 657
11 2 1576 657 656
11 2 656 176 1576
11 2 657 1576 200
11 2 36 659 667
11 2 674 667 659
11 2 659 37 674
11 2 667 674 180
11 2 176 666 1572
11 2 667 1572 666
11 2 666 36 667
11 2 1572 667 180
11 2 37 668 673
11 2 679 673 668
11 2 668 38 679
11 2 673 679 178
11 2 180 674 1587
11 2 673 1587 674
11 2 674 37 673
11 2 1587 673 178
11 2 178 679 1590
11 2 680 1590 679
11 2 679 38 680
11 2 1590 680 202
11 2 83 1021 1036
11 2 1023 1036 1021
11 2 1021 82 1023
11 2 1036 1023 195
11 2 82 1021 1024
11 2 1037 1024 1021
11 2 1021 83 1037
11 2 1024 1037 196
11 2 195 1023 1674
11 2 1025 1674 1023
11 2 1023 82 1025
11 2 1674 1025 201
11 2 82 1024 1026
11 2 1676 1026 1024
11 2 1024 196 1676
11 2 1026 1676 202
11 2 84 1033 1044
11 2 1034 1044 1033
11 2 1033 83 1034
11 2 1044 1034 190
11 2 191 1035 1045
11 2 1033 1045 1035
11 2 1035 83 1033
11 2 1045 1033 84
11 2 195 1650 1036
11 2 1034 1036 1650
11 2 1650 190 1034
11 2 1036 1034 83
11 2 191 1657 1035
11 2 1037 1035 1657
11 2 1657 196 1037
11 2 1035 1037 83
11 2 171 1042 1539
11 2 1044 1539 1042
11 2 1042 84 1044
11 2 1539 1044 190
11 2 84 1043 1045
11 2 1553 1045 1043
11 2 1043 173 1553
11 2 1045 1553 191
11 2 184 1537 1620
11 2 1540 1620 1537
11 2 1537 171 1540
11 2 1620 1540 194
11 2 194 1540 1642
11 2 1538 1642 1540
11 2 1540 171 1538
11 2 1642 1538 189
11 2 171 1541 1538
11 2 1644 1538 1541
11 2 1541 198 1644
11 2 1538 1644 189
11 2 198 1541 1651
11 2 1539 1651 1541
11 2 1541 171 1539
11 2 1651 1539 190
11 2 183 1543 1613
11 2 1544 1613 1543
11 2 1543 172 1544
11 2 1613 1544 185
11 2 172 1543 1546
11 2 1614 1546 1543
11 2 1543 183 1614
11 2 1546 1614 187
11 2 185 1544 1624
11 2 1545 1624 1544
11 2 1544 172 1545
11 2 1624 1545 186
11 2 172 1547 1545
11 2 1632 1545 1547
11 2 1547 200 1632
11 2 1545 1632 186
11 2 188 1638 1552
11 2 1554 1552 1638
11 2 1638 192 1554
11 2 1552 1554 173
11 2 188 1552 1639
11 2 1555 1639 1552
11 2 1552 173 1555
11 2 1639 1555 193
11 2 173 1554 1553
11 2 1656 1553 1554
11 2 1554 192 1656
11 2 1553 1656 191
11 2 181 1558 1600
11 2 1559 1600 1558
11 2 1558 174 1559
11 2 1600 1559 182
11 2 174 1560 1559
11 2 1604 1559 1560
11 2 1560 183 1604
11 2 1559 1604 182
11 2 187 1614 1561
11 2 1560 1561 1614
11 2 1614 183 1560
11 2 1561 1560 174
11 2 179 1564 1593
11 2 1566 1593 1564
11 2 1564 175 1566
11 2 1593 1566 189
11 2 175 1565 1567
11 2 1601 1567 1565
11 2 1565 181 1601
11 2 1567 1601 197
11 2 189 1566 1643
11 2 1567 1643 1566
11 2 1566 175 1567
11 2 1643 1567 197
11 2 176 1572 1575
11 2 1598 1575 1572
11 2 1572 180 1598
11 2 1575 1598 199
11 2 186 1573 1631
11 2 1574 1631 1573
11 2 1573 176 1574
11 2 1631 1574 188
11 2 200 1576 1632
11 2 1573 1632 1576
11 2 1576 176 1573
11 2 1632 1573 186
11 2 188 1574 1640
11 2 1575 1640 1574
11 2 1574 176 1575
11 2 1640 1575 199
11 2 177 1581 1583
11 2 1594 1583 1581
11 2 1581 179 1594
11 2 1583 1594 198
11 2 198 1673 1583
11 2 1582 1583 1673
11 2 1673 195 1582
11 2 1583 1582 177
11 2 201 1584 1674
11 2 1582 1674 1584
11 2 1584 177 1582
11 2 1674 1582 195
11 2 178 1588 1587
11 2 1597 1587 1588
11 2 1588 192 1597
11 2 1587 1597 180
11 2 196 1660 1589
11 2 1588 1589 1660
11 2 1660 192 1588
11 2 1589 1588 178
11 2 178 1590 1589
11 2 1676 1589 1590
11 2 1590 202 1676
11 2 1589 1676 196
11 2 179 1593 1594
11 2 1644 1594 1593
11 2 1593 189 1644
11 2 1594 1644 198
11 2 180 1597 1598
11 2 1661 1598 1597
11 2 1597 192 1661
11 2 1598 1661 199
11 2 181 1600 1601
11 2 1607 1601 1600
11 2 1600 182 1607
11 2 1601 1607 197
11 2 184 1605 1612
11 2 1604 1612 1605
11 2 1605 182 1604
11 2 1612 1604 183
11 2 182 1605 1606
11 2 1620 1606 1605
11 2 1605 184 1620
11 2 1606 1620 194
11 2 182 1606 1607
11 2 1670 1607 1606
11 2 1606 194 1670
11 2 1607 1670 197
11 2 185 1618 1613
11 2 1612 1613 1618
11 2 1618 184 1612
11 2 1613 1612 183
11 2 184 1618 1619
11 2 1626 1619 1618
11 2 1618 185 1626
11 2 1619 1626 193
11 2 188 1625 1631
11 2 1624 1631 1625
11 2 1625 185 1624
11 2 1631 1624 186
11 2 185 1625 1626
11 2 1639 1626 1625
11 2 1625 188 1639
11 2 1626 1639 193
11 2 192 1638 1661
11 2 1640 1661 1638
11 2 1638 188 1640
11 2 1661 1640 199
11 2 189 1643 1642
11 2 1670 1642 1643
11 2 1643 197 1670
11 2 1642 1670 194
11 2 195 1673 1650
11 2 1651 1650 1673
11 2 1673 198 1651
11 2 1650 1651 190
11 2 192 1660 1656
11 2 1657 1656 1660
11 2 1660 196 1657
11 2 1656 1657 191
5 2 52 318 751
5 2 325 751 318
5 2 318 2 325
5 2 751 325 203
5 2 203 325 1071
5 2 320 1071 325
5 2 325 2 320
5 2 1071 320 88
5 2 3 329 335
5 2 752 335 329
5 2 329 52 752
5 2 335 752 204
5 2 3 335 331
5 2 1058 331 335
5 2 335 204 1058
5 2 331 1058 86
5 2 54 339 769
5 2 345 769 339
5 2 339 4 345
5 2 769 345 204
5 2 204 345 1053
5 2 340 1053 345
5 2 345 4 340
5 2 1053 340 85
5 2 5 348 356
5 2 770 356 348
5 2 348 54 770
5 2 356 770 205
5 2 5 356 350
5 2 1062 350 356
5 2 356 205 1062
5 2 350 1062 87
5 2 205 529 1062
5 2 526 1062 529
5 2 529 21 526
5 2 1062 526 87
5 2 21 528 527
5 2 1071 527 528
5 2 528 203 1071
5 2 527 1071 88
5 2 205 1694 529
5 2 528 529 1694
5 2 1694 203 528
5 2 529 528 21
5 2 52 751 753
5 2 1695 753 751
5 2 751 203 1695
5 2 753 1695 206
5 2 204 752 1700
5 2 753 1700 752
5 2 752 52 753
5 2 1700 753 206
5 2 54 769 771
5 2 1700 771 769
5 2 769 204 1700
5 2 771 1700 206
5 2 205 770 1704
5 2 771 1704 770
5 2 770 54 771
5 2 1704 771 206
5 2 86 1058 1048
5 2 1053 1048 1058
5 2 1058 204 1053
5 2 1048 1053 85
5 2 206 1695 1704
5 2 1694 1704 1695
5 2 1695 203 1694
5 2 1704 1694 205
5 2 3 331 330
5 2 761 330 331
5 2 331 86 761
5 2 330 761 53
5 2 53 760 338
5 2 340 338 760
5 2 760 85 340
5 2 338 340 4
5 2 85 760 1048
5 2 761 1048 760
5 2 760 53 761
5 2 1048 761 86
5 2 56 788 319
5 2 320 319 788
5 2 788 88 320
5 2 319 320 2
5 2 87 778 350
5 2 349 350 778
5 2 778 55 349
5 2 350 349 5
5 2 21 530 526
5 2 1063 526 530
5 2 530 207 1063
5 2 526 1063 87
5 2 21 527 531
5 2 1072 531 527
5 2 527 88 1072
5 2 531 1072 208
5 2 207 530 1712
5 2 531 1712 530
5 2 530 21 531
5 2 1712 531 208
5 2 207 792 782
5 2 774 782 792
5 2 792 56 774
5 2 782 774 55
5 2 55 778 782
5 2 1063 782 778
5 2 778 87 1063
5 2 782 1063 207
5 2 88 788 1072
5 2 793 1072 788
5 2 788 56 793
5 2 1072 793 208
5 2 56 792 793
5 2 1712 793 792
5 2 792 207 1712
5 2 793 1712 208
3 2 57 361 804
3 2 369 804 361
3 2 361 6 369
3 2 804 369 209
3 2 209 369 1093
3 2 363 1093 369
3 2 369 6 363
3 2 1093 363 92
3 2 7 374 380
3 2 805 380 374
3 2 374 57 805
3 2 380 805 210
3 2 7 380 376
3 2 1083 376 380
3 2 380 210 1083
3 2 376 1083 90
3 2 59 384 823
3 2 390 823 384
3 2 384 8 390
3 2 823 390 210
3 2 210 390 1080
3 2 385 1080 390
3 2 390 8 385
3 2 1080 385 89
3 2 9 394 401
3 2 824 401 394
3 2 394 59 824
3 2 401 824 211
3 2 9 401 397
3 2 1086 397 401
3 2 401 211 1086
3 2 397 1086 91
3 2 211 537 1086
3 2 534 1086 537
3 2 537 22 534
3 2 1086 534 91
3 2 22 536 535
3 2 1093 535 536
3 2 536 209 1093
3 2 535 1093 92
3 2 211 1728 537
3 2 536 537 1728
3 2 1728 209 536
3 2 537 536 22
3 2 59 823 798
3 2 805 798 823
3 2 823 210 805
3 2 798 805 57
3 2 59 798 825
3 2 806 825 798
3 2 798 57 806
3 2 825 806 212
3 2 57 804 806
3 2 1729 806 804
3 2 804 209 1729
3 2 806 1729 212
3 2 211 824 1735
3 2 825 1735 824
3 2 824 59 825
3 2 1735 825 212
3 2 210 1080 1083
3 2 1076 1083 1080
3 2 1080 89 1076
3 2 1083 1076 90
3 2 212 1729 1735
3 2 1728 1735 1729
3 2 1729 209 1728
3 2 1735 1728 211
3 2 7 376 375
3 2 814 375 376
3 2 376 90 814
3 2 375 814 58
3 2 8 383 385
3 2 813 385 383
3 2 383 58 813
3 2 385 813 89
3 2 90 1076 814
3 2 813 814 1076
3 2 1076 89 813
3 2 814 813 58
3 2 61 844 362
3 2 363 362 844
3 2 844 92 363
3 2 362 363 6
3 2 91 833 397
3 2 395 397 833
3 2 833 60 395
3 2 397 395 9
3 2 91 534 1087
3 2 539 1087 534
3 2 534 22 539
3 2 1087 539 214
3 2 92 1094 535
3 2 538 535 1094
3 2 1094 213 538
3 2 535 538 22
3 2 22 538 539
3 2 1744 539 538
3 2 538 213 1744
3 2 539 1744 214
3 2 61 831 847
3 2 836 847 831
3 2 831 60 836
3 2 847 836 213
3 2 60 833 837
3 2 1087 837 833
3 2 833 91 1087
3 2 837 1087 214
3 2 213 836 1744
3 2 837 1744 836
3 2 836 60 837
3 2 1744 837 214
3 2 92 844 1094
3 2 847 1094 844
3 2 844 61 847
3 2 1094 847 213
1 2 93 853 409
1 2 405 409 853
1 2 853 62 405
1 2 409 405 10
1 2 67 893 406
1 2 409 406 893
1 2 893 93 409
1 2 406 409 10
1 2 215 1098 545
1 2 544 545 1098
1 2 1098 93 544
1 2 545 544 23
1 2 217 547 1099
1 2 544 1099 547
1 2 547 23 544
1 2 1099 544 93
1 2 23 548 545
1 2 1753 545 548
1 2 548 218 1753
1 2 545 1753 215
1 2 218 548 1757
1 2 546 1757 548
1 2 548 23 546
1 2 1757 546 216
1 2 23 549 546
1 2 1758 546 549
1 2 549 219 1758
1 2 546 1758 216
1 2 219 549 1761
1 2 547 1761 549
1 2 549 23 547
1 2 1761 547 217
1 2 215 864 857
1 2 851 857 864
1 2 864 63 851
1 2 857 851 62
1 2 62 853 857
1 2 1098 857 853
1 2 853 93 1098
1 2 857 1098 215
1 2 64 860 871
1 2 865 871 860
1 2 860 63 865
1 2 871 865 218
1 2 63 864 865
1 2 1753 865 864
1 2 864 215 1753
1 2 865 1753 218
1 2 65 867 878
1 2 870 878 867
1 2 867 64 870
1 2 878 870 216
1 2 216 870 1757
1 2 871 1757 870
1 2 870 64 871
1 2 1757 871 218
1 2 66 874 887
1 2 879 887 874
1 2 874 65 879
1 2 887 879 219
1 2 65 878 879
1 2 1758 879 878
1 2 878 216 1758
1 2 879 1758 219
1 2 66 886 881
1 2 896 881 886
1 2 886 217 896
1 2 881 896 67
1 2 217 886 1761
1 2 887 1761 886
1 2 886 66 887
1 2 1761 887 219
1 2 93 893 1099
1 2 896 1099 893
1 2 893 67 896
1 2 1099 896 217
2 2 94 903 417
2 2 414 417 903
2 2 903 68 414
2 2 417 414 11
2 2 73 943 415
2 2 417 415 943
2 2 943 94 417
2 2 415 417 11
2 2 220 1106 555
2 2 554 555 1106
2 2 1106 94 554
2 2 555 554 24
2 2 222 557 1107
2 2 554 1107 557
2 2 557 24 554
2 2 1107 554 94
2 2 24 558 555
2 2 1767 555 558
2 2 558 223 1767
2 2 555 1767 220
2 2 223 558 1772
2 2 556 1772 558
2 2 558 24 556
2 2 1772 556 221
2 2 24 559 556
2 2 1773 556 559
2 2 559 224 1773
2 2 556 1773 221
2 2 224 559 1776
2 2 557 1776 559
2 2 559 24 557
2 2 1776 557 222
2 2 220 914 906
2 2 900 906 914
2 2 914 69 900
2 2 906 900 68
2 2 68 903 906
2 2 1106 906 903
2 2 903 94 1106
2 2 906 1106 220
2 2 70 910 922
2 2 915 922 910
2 2 910 69 915
2 2 922 915 223
2 2 69 914 915
2 2 1767 915 914
2 2 914 220 1767
2 2 915 1767 223
2 2 71 917 931
2 2 921 931 917
2 2 917 70 921
2 2 931 921 221
2 2 221 921 1772
2 2 922 1772 921
2 2 921 70 922
2 2 1772 922 223
2 2 72 926 940
2 2 932 940 926
2 2 926 71 932
2 2 940 932 224
2 2 71 931 932
2 2 1773 932 931
2 2 931 221 1773
2 2 932 1773 224
2 2 72 939 934
2 2 946 934 939
2 2 939 222 946
2 2 934 946 73
2 2 222 939 1776
2 2 940 1776 939
2 2 939 72 940
2 2 1776 940 224
2 2 94 943 1107
2 2 946 1107 943
2 2 943 73 946
2 2 1107 946 222
4 2 12 423 430
4 2 953 430 423
4 2 423 74 953
4 2 430 953 226
4 2 96 425 1123
4 2 430 1123 425
4 2 425 12 430
4 2 1123 430 226
4 2 95 951 441
4 2 438 441 951
4 2 951 74 438
4 2 441 438 13
4 2 225 1113 566
4 2 564 566 1113
4 2 1113 95 564
4 2 566 564 25
4 2 225 566 1122
4 2 565 1122 566
4 2 566 25 565
4 2 1122 565 96
4 2 74 951 952
4 2 1113 952 951
4 2 951 95 1113
4 2 952 1113 225
4 2 226 953 1785
4 2 952 1785 953
4 2 953 74 952
4 2 1785 952 225
4 2 225 1122 1785
4 2 1123 1785 1122
4 2 1122 96 1123
4 2 1785 1123 226
4 2 75 424 963
4 2 431 963 424
4 2 424 12 431
4 2 963 431 227
4 2 227 431 1124
4 2 425 1124 431
4 2 431 12 425
4 2 1124 425 96
4 2 13 439 445
4 2 980 445 439
4 2 439 77 980
4 2 445 980 231
4 2 13 444 441
4 2 1114 441 444
4 2 444 230 1114
4 2 441 1114 95
4 2 13 445 444
4 2 1805 444 445
4 2 445 231 1805
4 2 444 1805 230
4 2 14 453 460
4 2 966 460 453
4 2 453 75 966
4 2 460 966 232
4 2 14 460 455
4 2 1130 455 460
4 2 460 232 1130
4 2 455 1130 97
4 2 77 465 978
4 2 471 978 465
4 2 465 15 471
4 2 978 471 228
4 2 228 471 1129
4 2 466 1129 471
4 2 471 15 466
4 2 1129 466 97
4 2 95 1114 564
4 2 568 564 1114
4 2 1114 230 568
4 2 564 568 25
4 2 25 567 565
4 2 1124 565 567
4 2 567 227 1124
4 2 565 1124 96
4 2 227 567 1792
4 2 568 1792 567
4 2 567 25 568
4 2 1792 568 230
4 2 75 963 965
4 2 1793 965 963
4 2 963 227 1793
4 2 965 1793 231
4 2 75 965 964
4 2 1800 964 965
4 2 965 231 1800
4 2 964 1800 229
4 2 233 967 1801
4 2 964 1801 967
4 2 967 75 964
4 2 1801 964 229
4 2 232 966 1813
4 2 967 1813 966
4 2 966 75 967
4 2 1813 967 233
4 2 77 978 981
4 2 1798 981 978
4 2 978 228 1798
4 2 981 1798 233
4 2 231 980 1800
4 2 979 1800 980
4 2 980 77 979
4 2 1800 979 229
4 2 77 981 979
4 2 1801 979 981
4 2 981 233 1801
4 2 979 1801 229
4 2 228 1129 1797
4 2 1130 1797 1129
4 2 1129 97 1130
4 2 1797 1130 232
4 2 231 1793 1805
4 2 1792 1805 1793
4 2 1793 227 1792
4 2 1805 1792 230
4 2 232 1813 1797
4 2 1798 1797 1813
4 2 1813 233 1798
4 2 1797 1798 228
4 2 14 455 454
4 2 971 454 455
4 2 455 97 971
4 2 454 971 76
4 2 97 466 971
4 2 464 971 466
4 2 466 15 464
4 2 971 464 76
6 2 16 473 479
6 2 992 479 473
6 2 473 78 992
6 2 479 992 235
6 2 99 475 1146
6 2 479 1146 475
6 2 475 16 479
6 2 1146 479 235
6 2 78 484 985
6 2 486 985 484
6 2 484 17 486
6 2 985 486 98
6 2 234 1135 575
6 2 573 575 1135
6 2 1135 98 573
6 2 575 573 26
6 2 234 575 1145
6 2 574 1145 575
6 2 575 26 574
6 2 1145 574 99
6 2 78 985 991
6 2 1135 991 985
6 2 985 98 1135
6 2 991 1135 234
6 2 235 992 1818
6 2 991 1818 992
6 2 992 78 991
6 2 1818 991 234
6 2 234 1145 1818
6 2 1146 1818 1145
6 2 1145 99 1146
6 2 1818 1146 235
6 2 79 474 999
6 2 480 999 474
6 2 474 16 480
6 2 999 480 237
6 2 237 480 1147
6 2 475 1147 480
6 2 480 16 475
6 2 1147 475 99
6 2 17 485 492
6 2 1014 492 485
6 2 485 81 1014
6 2 492 1014 236
6 2 17 492 486
6 2 1136 486 492
6 2 492 236 1136
6 2 486 1136 98
6 2 18 498 505
6 2 1001 505 498
6 2 498 79 1001
6 2 505 1001 239
6 2 100 500 1155
6 2 505 1155 500
6 2 500 18 505
6 2 1155 505 239
6 2 81 510 1016
6 2 516 1016 510
6 2 510 19 516
6 2 1016 516 240
6 2 19 511 516
6 2 1156 516 511
6 2 511 100 1156
6 2 516 1156 240
6 2 236 576 1136
6 2 573 1136 576
6 2 576 26 573
6 2 1136 573 98
6 2 26 577 574
6 2 1147 574 577
6 2 577 237 1147
6 2 574 1147 99
6 2 237 577 1824
6 2 576 1824 577
6 2 577 26 576
6 2 1824 576 236
6 2 238 1000 1832
6 2 999 1832 1000
6 2 1000 79 999
6 2 1832 999 237
6 2 79 1000 1001
6 2 1836 1001 1000
6 2 1000 238 1836
6 2 1001 1836 239
6 2 238 1825 1015
6 2 1014 1015 1825
6 2 1825 236 1014
6 2 1015 1014 81
6 2 81 1016 1015
6 2 1837 1015 1016
6 2 1016 240 1837
6 2 1015 1837 238
6 2 238 1154 1836
6 2 1155 1836 1154
6 2 1154 100 1155
6 2 1836 1155 239
6 2 100 1154 1156
6 2 1837 1156 1154
6 2 1154 238 1837
6 2 1156 1837 240
6 2 236 1825 1824
6 2 1832 1824 1825
6 2 1825 238 1832
6 2 1824 1832 237
6 2 18 500 499
6 2 1005 499 500
6 2 500 100 1005
6 2 499 1005 80
6 2 100 511 1005
6 2 509 1005 511
6 2 511 19 509
6 2 1005 509 80

vertices
2051
3
210 -2.4492936e-14 200
210 0 0
-45.5 -55 200
-45.5 -175 200
14.5 -175 200
14.5 -55 200
-51.5 20 200
-191.5 20 200
-191.5 -20 200
-51.5 -20 200
-0.5 -3.6739404e-15 200
30.5 -3.6739404e-15 200
51.5 -20 200
51.5 20 200
191.5 -20 200
191.5 20 200
45.5 55 200
-14.5 55 200
45.5 175 200
-14.5 175 200
1.2858791e-14 -2.9995196e-30 410
-15.5 -55 230
-51.5 0 220
-15.5 -7.8886091e-31 215
15.5 0 215
51.5 0 220
15.5 55 230
184.93991 94.747449 200
117.33766 165.86713 200
24.721805 198.6093 200
-72.912875 187.55791 200
-155.48481 134.43245 200
-203.60169 48.993034 200
-203.60169 -48.993034 200
-155.48481 -134.43245 200
-72.912875 -187.55791 200
24.721805 -198.6093 200
117.33766 -165.86713 200
184.93991 -94.747449 200
210 0 100
184.93991 94.747449 0
117.33766 165.86713 0
24.721805 198.6093 0
-72.912875 187.55791 0
-155.48481 134.43245 0
-203.60169 48.993034 0
-203.60169 -48.993034 0
-155.48481 -134.43245 0
-72.912875 -187.55791 0
24.721805 -198.6093 0
117.33766 -165.86713 0
184.93991 -94.747449 0
-45.5 -115 200
-15.5 -175 200
14.5 -115 200
-0.5 -29.019238 200
-30.5 -29.019238 200
-121.5 20 200
-191.5 2.4868996e-14 200
-121.5 -20 200
-34.179492 -10 200
-34.179492 10 200
-6.0782796 11.671812 200
-18.696048 14.655554 200
-28.998454 6.5415402 200
-29.057664 -6.4179241 200
-18.867277 -14.617163 200
-6.1292664 -11.712786 200
24.92172 11.671812 200
12.303952 14.655554 200
2.0015463 6.5415402 200
1.9423361 -6.4179241 200
12.132723 -14.617163 200
24.870734 -11.712786 200
31.5 0 200
121.5 -20 200
191.5 2.8421709e-14 200
121.5 20 200
15.5 25 200
45.5 115 200
15.5 175 200
-14.5 115 200
194.0147 -4.5257045e-14 280.36352
148.49242 -3.4638242e-14 348.49242
80.363519 -1.8746081e-14 394.0147
-0.5 -175 225.98076
-30.5 -175 225.98076
5.7132034 -55 221.2132
-36.713203 -55 221.2132
-191.5 -10 217.32051
-191.5 10 217.32051
-51.5 -14.142136 214.14214
-51.5 14.142136 214.14214
-5.7866097 -2.3790945e-15 211.43023
25.21339 -2.3790945e-15 211.43023
51.5 14.142136 214.14214
51.5 -14.142136 214.14214
191.5 0 220
-5.7132034 55 221.2132
36.713203 55 221.2132
15.5 175 230
-210 1.9228767e-11 105.51183
155.48185 134.43556 115.28561
155.48185 -134.43556 115.28561
-117.41771 -165.81574 96.025273
-117.3049 165.88814 99.775504
-24.239768 198.66318 104.31835
-24.795298 -198.60099 102.61904
72.553485 -187.68428 96.150475
73.06098 187.50563 96.099185
-185.0894 94.482314 97.215055
-184.87106 -94.86925 100.19854
194.71354 74.909702 77.5646
198.95334 -64.012246 73.68535
200.98434 -57.972504 141.13033
199.02054 63.822499 138.51964
51.025278 -82.712621 200
-53.162645 82.759319 200
-90.684983 -82.690906 200
90.960706 85.570848 200
23.62852 -29.079167 200
3.4366843 16.141966 200
-6.7520483 25.405591 200
2.1900068 -15.772452 200
42.911664 -46.663067 200
75.489056 -52.00041 200
109.81616 -89.612876 200
-70.825357 130.67857 200
-77.296246 -44.422726 200
-82.016534 -138.93625 200
-156.5 51.631144 200
-152.5543 -61.223279 200
53.471143 -145 200
87.273825 44.633883 200
-28.150237 28.903676 200
-45.623445 46.107254 200
-77.23558 51.637659 200
-110.00044 83.812268 200
-27.1946 -14.534582 200
145.62093 57.775099 200
151.93902 -56.090081 200
86.837223 128.29666 200
125.13929 106.45144 200
-15.475284 0.017290507 200
15.524716 0.017290507 200
-81.810889 0 200
-156.20875 1.2947207e-15 200
-51.5 0 200
86.5 0 200
156.20875 0 200
-15.5 -85 200
-15.5 -53.856647 200
-15.5 -140 200
15.5 85 200
15.5 140 200
-14.529501 108.57142 0
43.144028 -112.76034 0
-105.57722 -50.057322 0
119.44574 25.018193 0
-105.57722 50.057322 0
53.449823 132.51095 0
49.184551 57.188949 0
43.936972 -28.522769 0
-27.199478 10.57955 0
-26.606745 -73.670506 0
119.80072 -62.813249 0
-87.126101 120.15478 0
-85.846501 -118.00027 0
-18.431763 -143.04638 0
104.87154 95.066534 0
-154.58946 -5.5244698e-13 0
38.351757 70.337607 392.80731
-169.77865 -86.213618 284.14607
38.351757 -70.337607 392.80731
-169.77865 86.213618 284.14607
-22.82769 181.88269 284.30155
-22.82769 -181.88269 284.30155
149.83745 125.75154 264.9185
147.71638 -126.39162 268.31989
73.041747 171.69957 279.13523
73.04399 -171.69828 279.13624
-107.33551 153.52655 281.19556
-109.97669 98.365694 346.07378
-151.77308 18.302977 343.85964
-76.49448 23.146354 394.0565
-113.33687 -62.896793 363.99163
-96.274198 -136.36192 319.71116
-199.70397 5.3186507 264.70809
-12.883356 -128.94477 360.00945
24.578494 136.31773 351.68608
112.53826 52.752116 368.42541
92.356193 -54.642414 379.66217
81.4686 -122.81228 344.33994
-34.35125 -61.414335 396.87984
-38.151033 97.107208 379.57765
164.36095 65.334589 311.26247
163.12865 -64.961819 313.29807
-56.480426 142.68645 335.88119
100.00575 121.59437 333.40981
32.095522 -161.40478 319.78354
-109.44944 -162.39373 255.19054
193.66741 58.737362 252.81311
193.72817 -58.028486 253.45037
-26.980503 -74.753252 227.71639
-15.5 -149.33201 230
-3.422173 -75.070931 227.46136
-15.530766 -106.81643 229.99998
-6.1457544 -34.38583 219.68639
-25.370505 -36.493851 221.44984
-64.668834 7.6536686 218.47759
-173.07217 1.2098029e-14 220
-64.88062 -8.0518846 218.30757
-95.196247 -0.12712909 219.9996
-37.031657 4.9307954 212.89784
-41.57306 -6.6443351 216.04084
-11.29927 8.7580717 211.43023
-25.924367 0.04762768 210.78565
-10.747867 -10.129647 209.99037
-23.106881 9.7347123 208.5071
-23.158557 -9.7280205 208.4683
19.70073 8.7580717 211.43023
5.0756333 0.04762768 210.78565
20.252133 -10.129647 209.99037
7.8931188 9.7347123 208.5071
7.841443 -9.7280205 208.4683
38.628115 -5.8578644 214.14214
39.726714 -14.626434 206.88892
64.668834 -7.6536686 218.47759
159.0006 6.5747845 218.88841
114.47131 1.5700925e-14 220
63.599019 -0.085337518 219.99982
85.591031 2.3344969 219.86329
162.98062 -10.139085 217.23946
135.3297 -0.41643216 219.99566
24.286797 35.692172 221.2132
37.439651 37.340071 210.33337
0.47533326 81.348267 225.96651
33.255061 91.968481 224.18177
11.166524 125.66685 229.68537
34.285555 146.85443 223.39023
-5.9962552 149.69071 220.92632
10.286947 -6.4790195 96.128463
-50.911738 6.0543931 135.38139
10.341137 6.5502347 151.0285
-13.319407 91.437338 101.90972
-37.43911 -93.06089 103.64449
89.867175 34.732443 115.26546
57.056468 -62.417355 124.63042
-103.47894 56.567367 102.95269
-106.94955 -45.879017 119.77223
-15.271998 17.263485 168.93778
6.6708463 -10.973274 172.8451
-31.649425 56.11038 145.7922
-24.206244 -42.166427 154.86383
71.443627 105.24913 130.82029
-42.994922 -3.0189618 171.19825
-86.5 -40.075306 136.3335
13.543666 18.915223 179.34508
-56.082192 -24.957542 71.553392
-45.083333 -145 142.1916
141.98046 -15.425119 129.36093
16.906153 55.767858 158.69553
20.036897 -71.810643 59.42504
-156.5 40.622879 144.15329
6.7013401 -92.79866 144.58483
-11.552709 -5.8891942 301.73962
-24.654027 22.530478 244.50419
57.75959 29.587837 292.36122
33.072683 -28.631886 269.12349
30.327121 9.3327484 240.34473
-45.111706 -21.763244 252.54112
1.1395532 -12.450047 235.38047
-7.2093454 70.784571 301.64407
-14.468073 -76.763074 297.62987
-89.641348 53.486265 278.6995
97.904757 -21.603307 280.30274
29.136513 -33.331324 233.46416
-25.014865 -14.453126 232.68222
-107.48672 -55.336327 264.21439
103.40328 45.075147 257.3479
49.843275 -99.940669 271.22072
46.1282 -22.456265 337.44523
1.5123368 11.560714 231.85335
-49.067661 115.56001 265.84992
-25.906521 9.1056181 225.84388
25.99469 -9.1990945 228.55615
48.455121 -16.668249 240.24071
-82.086667 -9.0594854 312.26905
43.657176 70.659571 267.97744
-61.59182 47.944697 241.93471
138.57124 -44.812502 251.89784
18.886584 30.891549 337.91898
-72.766376 -107.23162 256.20475
47.704532 119.70907 262.56419
9.0716303 34.5806 265.66972
-8.7416318 -37.644029 268.51136
66.055688 28.047128 250.55299
-134.12589 4.8616932 273.22368
200.75 -10 200
200.75 10 200
197.46995 47.373725 200
197.46995 -47.373725 200
210 -1.2246468e-14 150
200.75 1.9643867e-15 200
202.00735 -3.487499e-14 240.18176
200.75 -1.2246468e-14 210
205.49217 -28.986252 170.56517
204.51027 31.911249 169.25982
201.8337 29.368681 226.40655
201.86409 -29.014243 226.72518
210 0 50
197.46995 47.373725 0
197.46995 -47.373725 0
202.35677 37.454851 38.7823
204.47667 -32.006123 36.842675
164.72287 12.509096 0
164.90036 -31.406625 0
-48.5 -37.5 200
-45.5 -85 200
-38 -42.009619 200
-41.106602 -55 210.6066
-68.092492 -68.845453 200
-61.398123 -49.711363 200
-30.5 -70 200
-30.5 -54.428324 200
-36.240251 -64.876626 213.85819
-34.853122 -48.583213 177.43192
-66 -47.537653 168.16675
-59.206438 -181.27896 200
-45.5 -145 200
-30.5 -175 200
-38 -175 212.99038
-35.147649 -186.80049 151.30952
-63.758267 -156.96813 200
-30.5 -157.5 200
-30.5 -162.166 215
-45.291667 -160 171.0958
19.610903 -186.80465 200
-0.5 -175 200
14.5 -145 200
7 -175 212.99038
-5.1476491 -186.80049 151.30952
43.526743 -181.34214 148.07524
33.985572 -160 200
-0.5 -157.5 200
-0.5 -162.166 215
-15.291667 -160 171.0958
10.60067 -133.89933 172.29241
14.5 -85 200
7 -42.009619 200
10.106602 -55 210.6066
32.762639 -68.856311 200
19.06426 -42.039583 200
28.705832 -50.831534 200
-0.5 -70 200
-0.5 -54.428324 200
5.5389135 -65.035465 213.73068
10.585423 -32.986637 186.42255
-4.8531221 -48.583213 177.43192
10.60067 -73.89933 172.29241
21.818257 -44.165662 216.73208
-86.5 20 200
-42.839746 15 200
-51.5 17.071068 207.07107
-39.825119 24.451838 200
-48.561722 33.053627 200
-64.36779 35.81883 200
-66.655445 10 200
-51.5 10 200
-58.084417 13.826834 209.2388
-51.205869 13.027197 167.69069
-77.489469 38.283683 151.47634
-47.247461 8.4905191 185.59912
-197.55085 34.496517 200
-156.5 20 200
-191.5 10 200
-191.5 15 208.66025
-200.75 10 152.75591
-174 35.815572 200
-173.85438 10 200
-182.28608 10 210
-174 30.31144 172.07665
-197.55085 -34.496517 200
-191.5 -10 200
-156.5 -20 200
-191.5 -15 208.66025
-200.75 -10 152.75591
-188.18553 -57.434625 150.09927
-172.02715 -40.611639 200
-173.85438 -10 200
-182.28608 -10 210
-149.22477 -32.939509 159.88611
-174 10.31144 172.07665
-41 -24.509619 200
-86.5 -20 200
-42.839746 -15 200
-44.106602 -37.5 210.6066
-51.5 -17.071068 207.07107
-64.398123 -32.211363 200
-66.655445 -10 200
-51.5 -10 200
-58.19031 -14.025942 209.15379
-37.853122 -31.083213 177.43192
-47.247461 -11.509481 185.59912
-69 -30.037653 168.16675
-3.2891398 5.8359058 200
-3.3146332 -5.8563929 200
0.75077316 3.2707701 200
0.72116804 -3.208962 200
-3.1433048 -3.0265174e-15 205.71511
-7.987642 0.0086452535 200
2.2878166 0.02381384 205.39283
-7.8859992 8.6317423 184.46889
3.0854231 -5.4866372 186.42255
27.71086 5.8359058 200
27.685367 -5.8563929 200
31 -1.8369702e-15 200
27.856695 -3.0265174e-15 205.71511
23.012358 0.0086452535 200
18.585423 -5.4866372 186.42255
22.021833 9.4576117 189.67254
51.5 0 200
38.185367 -15.856393 200
41.5 -10 200
86.5 -20 200
51.5 -17.071068 207.07107
37.56426 -24.539583 200
47.205832 -33.331534 200
63.494528 -36.000205 200
69 -10 200
45.613357 -17.313217 203.44446
58.084417 -13.826834 209.2388
30.920569 -6.7248826 175.51425
70.683588 7.3662217 157.63273
54.278234 -41.208678 162.31521
29.085423 -15.486637 186.42255
48.5 37.5 200
38.21086 15.835906 200
41.5 10 200
86.5 20 200
33.5 22.5 200
51.5 17.071068 207.07107
69.386913 32.316941 200
69 10 200
57.549509 9.9573312 209.99991
68.545515 11.167248 209.93164
44.469826 28.670035 205.16669
30.920569 13.275117 175.51425
70.683588 27.366222 157.63273
32.521833 19.457612 189.67254
34.203076 37.883929 179.34776
188.21995 -57.373725 200
200.75 -10 150
156.5 -20 200
191.5 -10 200
191.5 -10 210
196.24217 -38.986252 170.56517
171.71951 -38.045041 200
173.85438 -10 200
192.61409 -39.014243 226.72518
177.24031 -15.069542 208.61973
166.74023 -17.712559 164.68046
188.21995 57.373725 200
200.75 10 150
191.5 10 200
156.5 20 200
191.5 10 210
195.26027 41.911249 169.25982
168.56047 38.887549 200
173.85438 10 200
192.5837 39.368681 226.40655
175.2503 13.287392 209.44421
166.74023 2.2874407 164.68046
30.5 40 200
45.5 85 200
41.106602 55 210.6066
68.230353 70.285424 200
66.386913 49.816941 200
30.5 70 200
41.469826 46.170035 205.16669
39.37753 73.48424 212.09088
67.683588 44.866222 157.63273
58.471814 80.124566 165.41015
31.203076 55.383929 179.34776
0.5 40 200
-14.5 85 200
-10.106602 55 210.6066
-33.831322 68.879659 200
-10.626024 40.202795 200
-21.325119 41.951838 200
-30.061722 50.553627 200
0.5 70 200
-7.0123334 68.174134 212.98325
-14.885999 36.131742 184.46889
-23.074713 55.55519 172.8961
1.2030765 55.383929 179.34776
81.418831 170.43356 200
35.110903 186.80465 200
45.5 145 200
30.5 175 200
30.5 175 215
59.28049 181.25281 148.04959
66.168611 151.64833 200
30.5 157.5 200
59.270874 173.34978 239.56762
39.892778 160.92721 211.69512
58.471814 140.12457 165.41015
5.1109027 186.80465 200
-43.706438 181.27896 200
0.5 175 200
-14.5 145 200
0.5 175 215
-19.369884 186.83159 152.15917
-42.662678 152.83928 200
0.5 157.5 200
-18.663845 178.44134 242.15077
-10.248128 162.34536 210.46316
40.181759 -9.3730406e-15 402.00735
19.175878 35.168803 401.40365
19.175878 -35.168803 401.40365
-38.24724 11.573177 402.02825
-17.175625 -30.707167 403.43992
-5.7763544 -2.9445971 355.86981
23.0641 -11.228132 373.72262
-41.043333 -4.5297427 361.13452
9.4432918 15.445775 373.95949
-4.8933983 -55 225.6066
-26.106602 -55 225.6066
-21.240251 -64.876626 228.85819
-9.4610865 -65.035465 228.73068
-10.822877 -44.692915 224.8432
-20.435252 -45.746926 225.72492
-30.305853 -38.381622 241.27056
-12.120816 -46.322014 249.25568
-51.5 -7.0710678 217.07107
-51.5 7.0710678 217.07107
-58.084417 3.8268343 219.2388
-58.19031 -4.0259423 219.15379
-44.265828 2.4653977 216.44892
-46.53653 -3.3221675 218.02042
-38.077013 11.265239 232.2521
-48.305853 -10.881622 236.27056
-38.257433 -7.2265629 226.34111
-38.703261 4.5528091 222.92194
-10.643305 -1.1895472e-15 213.21511
-13.399635 4.3790358 213.21511
-20.712183 0.02381384 212.89283
-13.123933 -5.0648233 212.49518
-19.303441 4.8673561 211.75355
-19.329278 -4.8640103 211.73415
-7.1802234 -6.2250233 225.19024
-20.257433 -7.2265629 223.84111
-6.9938316 5.7803571 223.42668
-20.703261 4.5528091 220.42194
20.356695 -1.1895472e-15 213.21511
17.600365 4.3790358 213.21511
10.287817 0.02381384 212.89283
17.876067 -5.0648233 212.49518
11.696559 4.8673561 211.75355
11.670722 -4.8640103 211.73415
22.91356 4.6663742 227.67237
8.3197766 -6.2250233 225.19024
8.5061684 5.7803571 223.42668
20.747345 -4.5995472 221.77807
51.5 7.0710678 217.07107
51.5 -7.0710678 217.07107
45.064057 -2.9289322 217.07107
58.084417 -3.8268343 219.2388
57.549509 -0.042668759 219.99991
40.91356 4.6663742 230.17237
38.747345 -4.5995472 224.27807
49.977561 -8.3341247 230.12036
58.777844 14.023564 235.27649
4.8933983 55 225.6066
26.106602 55 225.6066
19.893398 45.346086 225.6066
7.9876666 68.174134 227.98325
24.37753 73.48424 227.09088
8.5061684 33.280357 230.92668
29.578588 62.829785 248.98872
12.285815 44.7903 247.83486
151.13879 130.30729 200
170.21088 114.5915 157.64281
191.98022 79.284974 169.25982
165.28042 76.261274 200
155.0396 100.59944 200
167.38868 110.24949 232.45925
189.30366 76.742406 226.40655
71.029733 182.23821 200
136.40976 150.15134 157.64281
95.199321 176.68638 148.04959
102.08744 147.08189 200
121.23847 136.15928 200
133.58755 145.80933 232.45925
95.189704 168.78335 239.56762
94.390644 135.55813 165.41015
-24.095535 193.0836 200
20.110903 186.80465 200
20.110903 186.80465 215
0.2410186 198.63624 152.15917
48.891393 193.05746 148.04959
0.94705788 190.24599 242.15077
48.881776 185.15443 239.56762
-114.19884 160.99518 200
-95.108886 176.72303 149.88775
-48.576322 193.11055 152.15917
-71.869116 159.11824 200
-47.870283 184.7203 242.15077
-90.124193 170.54223 240.59778
-39.454565 168.62431 210.46316
-60.990268 151.55896 232.92496
-179.54325 91.712744 200
-136.39485 150.1603 149.88775
-170.2871 114.45738 148.60753
-113.15508 132.55551 200
-155.99241 93.031799 200
-132.74263 109.12236 200
-162.63173 110.32304 242.07303
-131.41016 143.9795 240.59778
-129.48187 95.499911 151.47634
-155.99241 87.527667 172.07665
-203.60169 -7.531753e-13 200
-197.55085 24.496517 200
-197.55085 19.496517 208.66025
-197.55085 29.496517 208.66025
-206.80085 24.496517 152.75591
-194.34555 71.737674 148.60753
-180.05085 50.312089 200
-186.69017 67.603326 242.07303
-201.65283 27.155842 232.35405
-180.05085 44.807957 172.07665
-179.54325 -91.712744 200
-197.55085 -24.496517 200
-197.55085 -29.496517 208.66025
-206.80085 -24.496517 152.75591
-194.23638 -71.931142 150.09927
-178.078 -55.108156 200
-186.69017 -67.603326 242.07303
-201.65283 -21.837192 232.35405
-114.19884 -160.99518 200
-136.45126 -150.1241 148.01264
-170.17793 -114.65085 150.09927
-123.0849 -108.56168 200
-118.75067 -136.68435 200
-154.01955 -97.827867 200
-162.63173 -110.32304 242.07303
-132.46713 -148.41309 227.59527
-131.21718 -90.155736 159.88611
-131.48576 -94.884391 232.1072
-114.12559 -120.83204 228.10238
-24.095535 -193.0836 200
-44.206438 -181.27896 200
-51.706438 -181.27896 212.99038
-95.165292 -176.68682 148.01264
-48.854087 -193.07945 151.30952
-77.464705 -163.24708 200
-47.870283 -184.7203 242.15077
-91.181157 -174.97582 227.59527
-58.998104 -166.27896 171.0958
71.029733 -182.23821 200
4.6109027 -186.80465 200
12.110903 -186.80465 212.99038
-2.8890973 -186.80465 212.99038
-0.036746363 -198.60514 151.30952
48.637645 -193.14679 148.07524
39.096474 -171.80465 200
0.94705788 -190.24599 242.15077
48.882898 -185.15379 239.56812
151.13879 -130.30729 200
136.40976 -150.15134 157.64281
94.945573 -176.7757 148.07524
113.57691 -127.74 200
85.404402 -155.43356 200
132.52702 -146.12937 234.15995
95.190826 -168.7827 239.56812
170.21088 -114.5915 157.64281
192.96213 -76.359977 170.56517
147.37804 -92.180163 200
168.43946 -75.418765 200
166.32815 -110.56953 234.15995
189.33404 -76.387967 226.72518
161.75557 -69.779975 225.94892
200.75 1.4210855e-14 150
202.35677 37.454851 88.7823
204.47667 -32.006123 86.842675
205.49217 -28.986252 120.56517
204.51027 31.911249 119.25982
164.72287 12.509096 50
175.99023 -7.7125593 114.68046
151.13879 130.30729 0
170.21088 114.5915 57.642806
189.82672 84.828576 38.7823
152.19283 59.882821 0
144.90572 94.906991 0
71.029733 182.23821 0
136.40976 150.15134 57.642806
95.199321 176.68638 48.049593
85.393742 149.18904 0
111.1046 130.46683 0
-24.095535 193.0836 0
0.2410186 198.63624 52.159175
48.891393 193.05746 48.049593
5.0961523 153.59036 0
39.085814 165.56013 0
-114.19884 160.99518 0
-95.108886 176.72303 49.887752
-48.576322 193.11055 52.159175
-43.721188 148.06466 0
-80.019488 153.85634 0
-179.54325 91.712744 0
-136.39485 150.1603 49.887752
-170.2871 114.45738 48.607528
-130.53101 92.244889 0
-121.30546 127.29362 0
-203.60169 -7.531753e-13 0
-206.80085 24.496517 52.755914
-194.34555 71.737674 48.607528
-154.58946 49.525178 0
-179.09558 24.496517 0
-179.54325 -91.712744 0
-206.80085 -24.496517 52.755914
-194.23638 -71.931142 50.099269
-154.58946 -49.525178 0
-179.09558 -24.496517 0
-114.19884 -160.99518 0
-136.45126 -150.1241 48.012636
-170.17793 -114.65085 50.099269
-130.53101 -92.244889 0
-120.66566 -126.21636 0
-24.095535 -193.0836 0
-95.165292 -176.68682 48.012636
-48.854087 -193.07945 51.309519
-79.379688 -152.77909 0
-45.672319 -165.30215 0
71.029733 -182.23821 0
-0.036746363 -198.60514 51.309519
48.637645 -193.14679 48.075237
33.932917 -155.68482 0
3.1450212 -170.82784 0
151.13879 -130.30729 0
136.40976 -150.15134 57.642806
94.945573 -176.7757 48.075237
80.240844 -139.31373 0
118.56919 -114.34019 0
170.21088 -114.5915 57.642806
191.94663 -79.379848 36.842675
152.37031 -78.780349 0
-68.092492 -98.845453 200
-63.758267 -126.96813 200
-30.5 -100 200
-30.5 -127.5 200
-36.240251 -94.876626 213.85819
-30.5 -132.166 215
-30.515383 -110.90821 214.99999
-41.469555 -104.03044 151.82224
-34.853122 -78.583213 177.43192
-66 -77.537653 168.16675
-45.291667 -130 171.0958
-19.39933 -103.89933 172.29241
-59.133188 -111.11581 228.10238
-8 -175 212.99038
-23 -175 212.99038
-20.147649 -186.80049 151.30952
-15.5 -157.5 200
-30.291667 -160 171.0958
32.762639 -98.856311 200
33.985572 -130 200
-0.5 -100 200
-0.5 -127.5 200
-0.5 -132.166 215
5.5389135 -95.035465 213.73068
-0.51538302 -110.90821 214.99999
10.60067 -103.89933 172.29241
32.171637 -107.47033 235.61036
-15.5 -29.019238 200
-9.6836383 -21.8182 200
-3.3146332 -20.366012 200
5.8163617 -21.8182 200
2.6066017 -42.009619 210.6066
11.56426 -29.049202 200
0.8450034 -22.395845 200
-8 -41.437942 200
-3.3228772 -31.702534 209.8432
-5.6239334 -19.574442 204.99518
3.0854231 -19.996256 186.42255
-12.353122 -35.592832 177.43192
-32.339746 -19.509619 200
-24.683638 -21.8182 200
-33.606602 -42.009619 210.6066
-41 -21.580687 207.07107
-28.8473 -21.77691 200
-23 -41.437942 200
-18.322877 -31.702534 209.8432
-27.935252 -32.756545 210.72492
-36.03653 -17.831786 208.02042
-26.829278 -19.373629 204.23415
-27.353122 -35.592832 177.43192
-36.747461 -16.0191 185.59912
-121.5 0 200
-139 35.815572 200
-99.36779 35.81883 200
-115.75022 51.906134 200
-101.65544 10 200
-138.85438 10 200
-93.084417 13.826834 209.2388
-147.28608 10 210
-108.34812 9.9364355 209.9998
-112.48947 38.283683 151.47634
-104 -10.037653 168.16675
-139 30.31144 172.07665
-105.57067 36.743133 239.34975
-91.54591 33.972349 220.96736
-127.81295 12.430847 236.61184
-191.5 -5 208.66025
-191.5 5 208.66025
-200.75 9.6268179e-12 152.75591
-173.85438 1.3081858e-14 200
-174 20.31144 172.07665
-106.09249 -51.345453 200
-99.398123 -32.211363 200
-137.02715 -40.611639 200
-101.65544 -10 200
-138.85438 -10 200
-147.28608 -10 210
-93.19031 -14.025942 209.15379
-108.34812 -10.063565 209.9998
-114.22477 -32.939509 159.88611
-104 -30.037653 168.16675
-139 10.31144 172.07665
-114.49336 -37.668163 232.1072
-127.81295 -7.5691534 236.61184
-34.179492 -5.062617e-14 200
-31.618578 -8.208962 200
-42.839746 -12.071068 207.07107
-30.687046 -12.267291 200
-42.839746 -5 200
-35.605574 -2.5346023 206.44892
-37.876276 -8.3221675 208.02042
-30.051929 -4.9761862 205.39283
-28.669024 -9.8640103 204.23415
-38.587207 -6.5094809 185.59912
-26.43777 12.327777 200
-31.588973 8.2707701 200
-31.618578 1.791038 200
-42.839746 12.071068 207.07107
-31.164865 19.451838 200
-42.839746 5 200
-35.605574 7.4653977 206.44892
-28.643187 9.8673561 204.25355
-24.725745 13.631742 184.46889
-38.587207 3.4905191 185.59912
-12.387164 13.163683 200
-2.0383666 9.1066759 200
-5.9324446 5.8359058 205.71511
-1.3207977 13.906889 200
-6.415164 18.538701 200
-10.776782 5.844551 200
-8.6887748 10.214942 205.71511
0.90741961 10.703262 204.25355
-10.675139 14.467648 184.46889
-23.847251 10.598547 200
-12.724048 20.030573 200
-23.423143 21.779615 200
-17.085666 7.3364225 200
-14.997659 11.706813 205.71511
-20.901465 12.195133 204.25355
-16.984023 15.95952 184.46889
-29.028059 0.061808076 200
-22.236869 3.2794154 200
-33.015055 5.7361678 206.44892
-27.46141 3.2945839 205.39283
-26.052667 8.1381262 204.25355
-22.135226 11.902512 184.46889
-35.996688 1.7612892 185.59912
-23.96247 -10.517543 200
-28.126132 -10.476253 200
-22.266474 -3.2003168 200
-33.04466 -0.74356435 206.44892
-27.491015 -3.1851482 205.39283
-26.10811 -8.0729723 204.23415
-36.026293 -4.7184429 185.59912
-12.498271 -13.164974 200
-23.030939 -14.575872 200
-17.17128 -7.2999361 200
-12.506515 -24.501496 209.8432
-22.118891 -25.555507 210.72492
-14.807572 -12.373405 204.99518
-21.012917 -12.172592 204.23415
-17.069638 1.3231609 184.46889
-6.0982152 -12.795219 186.42255
-21.53676 -28.391795 177.43192
-30.931099 -8.8180623 185.59912
-2.0934651 -9.0653549 200
-5.957938 -5.8563929 205.71511
-1.9696298 -13.742619 200
-10.802275 -5.8477477 200
-8.4385666 -10.921216 204.99518
0.85608832 -10.720403 204.23415
-10.700632 2.7753494 184.46889
0.27078994 -11.34303 186.42255
18.612836 13.163683 200
28.21086 5.8359058 200
20.21086 18.335906 200
25.067555 5.8359058 205.71511
38.21086 12.906974 207.07107
20.223218 5.844551 200
22.311225 10.214942 205.71511
24.604258 23.681992 210.6066
31.180686 24.505941 205.16669
19.232693 15.293517 189.67254
7.1527491 10.598547 200
13.901976 19.827777 200
7.8703181 15.39876 200
13.914334 7.3364225 200
16.002341 11.706813 205.71511
10.098535 12.195133 204.25355
12.923809 16.785389 189.67254
1.9719412 0.061808076 200
-1.8925317 3.2707701 205.71511
2.7191153 11.341753 200
8.7631311 3.2794154 200
3.5385898 3.2945839 205.39283
4.9473326 8.1381262 204.25355
-6.6352261 11.902512 184.46889
4.3361963 -2.2158671 186.42255
7.772606 12.728382 189.67254
7.0375298 -10.517543 200
-1.9221368 -3.208962 205.71511
2.0661714 -11.095188 200
8.733526 -3.2003168 200
-4.4027653 -8.2737853 204.99518
3.5089847 -3.1851482 205.39283
4.8918896 -8.0729723 204.23415
4.3065912 -8.6955992 186.42255
18.501729 -13.164974 200
17.880622 -21.848165 200
7.1613651 -15.194807 200
13.82872 -7.2999361 200
2.9934845 -24.501496 209.8432
16.192428 -12.373405 204.99518
9.9870832 -12.172592 204.23415
9.4017848 -12.795219 186.42255
28.185367 -5.8563929 200
25.042062 -5.8563929 205.71511
24.249627 -20.395976 200
20.197725 -5.8477477 200
22.561433 -10.921216 204.99518
31.749424 -8.7853251 207.07107
32.298724 -13.16961 203.44446
15.77079 -11.34303 186.42255
28.356695 -1.1895472e-15 205.71511
41.5 7.0710678 207.07107
35.064057 -2.9289322 207.07107
35.613357 -7.313217 203.44446
20.920569 3.2751174 175.51425
19.085423 -5.4866372 186.42255
22.521833 9.4576117 189.67254
121.5 0 200
98.494528 -36.000205 200
115.65808 -54.806438 200
136.71951 -38.045041 200
104 -10 200
138.85438 -10 200
93.084417 -13.826834 209.2388
117.98565 -10 210
103.54552 -8.8327516 209.93164
142.24031 -15.069542 208.61973
128.41485 -10.208216 209.99783
89.278234 -41.208678 162.31521
131.74023 -17.712559 164.68046
130.03562 -32.406251 225.94892
191.5 1.4210855e-14 210
173.85438 1.4210855e-14 200
166.74023 -7.7125593 164.68046
104.38691 32.316941 200
133.56047 38.887549 200
104 10 200
138.85438 10 200
140.2503 13.287392 209.44421
117.98565 10 210
103.54552 11.167248 209.93164
128.41485 9.7917839 209.99783
105.68359 27.366222 157.63273
131.74023 2.2874407 164.68046
112.45164 32.537574 228.67395
4.8933983 40 210.6066
9.4683421 20.570983 200
4.3739758 25.202795 200
15.5 55 200
17.600365 16.879036 205.71511
11.696559 17.367356 204.25355
19.893398 30.346086 210.6066
26.469826 31.170035 205.16669
14.521833 21.957612 189.67254
16.203076 40.383929 179.34776
68.230353 100.28542 200
66.168611 121.64833 200
30.5 100 200
30.5 127.5 200
39.37753 103.48424 212.09088
28.333262 120.33342 214.84268
39.892778 130.92721 211.69512
58.471814 110.12457 165.41015
31.203076 85.383929 179.34776
46.602266 117.35454 231.28209
15.5 175 215
-4.3698841 186.83159 152.15917
44.28049 181.25281 148.04959
15.5 157.5 200
-19.369884 156.83159 152.15917
-33.831322 98.879659 200
-42.662678 122.83928 200
0.5 100 200
0.5 127.5 200
-7.0123334 98.174134 212.98325
-1.666738 120.33342 214.84268
-10.248128 132.34536 210.46316
-13.909703 103.21867 150.95486
-23.074713 85.55519 172.8961
1.2030765 85.383929 179.34776
-31.78383 115.28001 232.92496
171.25356 -3.9947643e-14 314.42797
192.75735 -2.2628522e-14 250.18176
179.18783 32.667294 295.813
178.57168 -32.480909 296.83079
193.84106 29.368681 266.58831
193.87144 -29.014243 266.90694
176.50765 3.2873923 249.62597
178.49766 -5.0695425 248.80149
164.6722 -0.20821608 250.17959
145.95973 -10.801654 280.33313
148.70899 22.537574 268.85571
166.29297 -22.406251 266.13068
114.42797 -2.6692162e-14 371.25356
130.51534 26.376058 358.45892
120.42431 -27.321207 364.0773
156.42669 32.667294 329.87745
155.81054 -32.480909 330.89525
103.12601 14.793918 320.42682
123.19859 -10.801654 314.39758
125.94785 22.537574 302.92016
97.310312 -11.228132 342.96883
59.357638 35.168803 393.411
59.357638 -35.168803 393.411
96.450889 26.376058 381.22006
86.359856 -27.321207 386.83844
63.245859 -11.228132 365.72997
49.625051 15.445775 365.96684
-15.5 -175 225.98076
26.485572 -160 212.99038
-11.663845 -178.44134 255.14116
36.271995 -173.34914 252.5585
15.797761 -168.20239 272.88215
-8 -162.166 227.99038
24.671637 -137.47033 248.60074
-56.258267 -156.96813 212.99038
-26.663845 -178.44134 255.14116
-69.97472 -168.69686 240.58565
-23 -162.166 227.99038
-51.633188 -141.11581 241.09276
28.369241 -68.856311 210.6066
14.670862 -42.039583 210.6066
1.1455152 -65.035465 224.33728
-0.21627546 -44.692915 220.4498
19.392943 -41.815943 245.16835
17.424858 -44.165662 227.33868
27.778239 -77.470335 246.21696
-1.5142142 -46.322014 244.86228
-44.106602 -34.571068 217.67767
-63.699093 -68.845453 210.6066
-57.004725 -49.711363 210.6066
-31.846853 -64.876626 224.46479
-31.041854 -45.746926 221.33152
-40.912455 -38.381622 236.87716
-72.099961 -55.168163 242.7138
-54.73979 -81.115808 238.70898
-191.5 -4.4408921e-14 217.32051
-172.02715 -35.611639 208.66025
-180.63933 -48.106809 250.73329
-195.60198 -2.3406747 241.0143
-182.28608 -5 218.66025
-174 30.815572 208.66025
-195.60198 7.6593253 241.0143
-182.28608 5 218.66025
-64.398123 -29.282431 207.07107
-38.435252 -25.317994 217.79599
-58.19031 -11.09701 216.22485
-46.53653 -10.393235 215.09149
-48.305853 -17.95269 233.34163
-38.257433 -14.297631 223.41218
-39.825119 21.522906 207.07107
-48.561722 30.124695 207.07107
-64.36779 32.889897 207.07107
-58.084417 10.897902 216.30986
-44.265828 9.5364655 213.51999
-38.077013 18.336307 229.32316
-38.703261 11.623877 219.99301
-56.54591 31.043416 228.03842
-8.5429398 4.3790358 211.43023
-8.2672382 -5.0648233 210.7103
-0.3554882 0.02381384 211.10794
1.0532546 4.8673561 209.96866
1.0274167 -4.8640103 209.94926
-2.3235282 -6.2250233 223.40535
-2.1371364 5.7803571 221.64179
38.356695 7.0710678 212.78618
22.45706 4.3790358 211.43023
22.732762 -5.0648233 210.7103
31.920753 -2.9289322 212.78618
27.770255 4.6663742 225.88748
25.60404 -4.5995472 219.99319
69.386913 29.388009 207.07107
35.600365 11.450104 212.78618
45.064057 4.1421356 214.14214
57.549509 7.0283991 217.07098
68.545515 8.2383162 217.00271
37.893398 24.917154 217.67767
44.469826 25.741103 212.23775
40.91356 11.737442 227.24343
58.777844 21.094632 232.34756
47.205832 -30.402601 207.07107
63.494528 -33.071273 207.07107
45.064057 -10 214.14214
45.613357 -14.384285 210.51553
58.084417 -10.897902 216.30986
40.318257 -23.73673 223.80315
49.977561 -15.405192 227.19142
192.5837 29.368681 236.40655
192.61409 -29.014243 236.72518
175.2503 3.2873923 219.44421
177.24031 -5.0695425 218.61973
-29.437924 68.879659 210.6066
-6.2326259 40.202795 210.6066
-16.93172 41.951838 210.6066
-25.668324 50.553627 210.6066
9.2867966 45.346086 221.2132
-2.6189351 68.174134 223.58985
-15.183615 38.765239 232.8587
-6.4612744 62.892285 261.42864
-2.1004333 33.280357 226.53328
-15.809862 32.052809 223.52854
-33.652512 51.472349 231.57396
1.6792134 44.7903 243.44146
63.836955 70.285424 210.6066
61.993514 49.816941 210.6066
30.5 45.346086 221.2132
37.076427 46.170035 215.77329
34.984132 73.48424 222.69748
70.058242 50.037574 239.28055
40.18519 62.829785 244.59532
22.892417 44.7903 243.44146
51.384446 41.523564 235.8831
-3.6638449 178.44134 257.15077
44.270874 173.34978 254.56762
13.333262 150.33342 229.84268
24.892778 160.92721 226.69512
4.7518724 162.34536 225.46316
31.602266 147.35454 246.28209
-197.5447 47.241157 101.36344
-197.43553 -47.434625 102.85518
-181.27715 -30.611639 152.75591
-182.29473 9.3381599e-12 52.755914
-156.73947 28.283683 104.23226
-158.47477 -22.939509 112.64203
-183.25 20.31144 124.83256
114.27142 160.97059 105.6924
175.0977 104.67263 96.425106
177.2512 99.129028 126.90263
150.55139 96.105328 157.64281
121.15954 131.36611 157.64281
140.31057 120.4435 157.64281
130.1767 114.75105 57.642806
122.67451 84.584 115.27554
113.46274 119.84234 123.05295
114.01767 -161.05992 105.71804
177.2176 -99.223901 94.485481
178.2331 -96.20403 128.20797
132.64901 -112.02422 157.64281
104.4765 -139.71778 157.64281
153.71044 -95.262819 157.64281
99.312941 -123.59795 57.642806
137.64129 -98.624403 57.642806
106.26916 -98.426456 119.95802
148.73116 -74.930338 122.32327
87.759375 -103.1231 87.355327
-71.106504 -182.20836 99.322155
-151.14438 -130.34249 98.111905
-104.05135 -124.25332 148.01264
-99.717122 -152.376 148.01264
-101.63211 -141.908 48.012636
-67.924736 -154.43106 48.012636
-77.42841 -129.43831 99.83488
-112.18363 -105.84738 107.89875
-81.250521 -155.40787 119.10844
-70.772332 182.27566 102.04693
-151.19715 130.18523 98.49528
-94.065127 148.28336 149.88775
-113.65267 124.85021 149.88775
-102.2155 143.02146 49.887752
-65.312151 128.66274 100.84261
-110.39192 111.22776 101.3641
24.410606 193.08441 100.20877
-47.532563 164.67088 152.15917
-4.3698841 169.33159 152.15917
-19.384635 153.6173 52.159175
14.605028 165.58707 52.159175
-55.682935 159.40898 52.159175
-18.779587 145.05026 103.11403
23.601929 151.95616 117.56932
23.879094 -193.14263 99.384756
-21.613531 -170.82369 51.309519
-31.117204 -145.83094 103.13176
-34.939316 -171.80049 122.40532
-2.3792007 -135.20582 81.022039
-9.046979 -145.69982 123.60193
63.012314 -166.34214 148.07524
57.848756 -150.22231 48.075237
27.060861 -165.36533 48.075237
17.557188 -140.37259 99.897481
64.804976 -125.05082 110.39045
46.295191 -129.74746 77.787758
39.627413 -140.24147 120.36765
79.949102 157.90114 148.04959
44.28049 163.75281 148.04959
63.255402 160.00829 48.049593
88.966259 141.28608 48.049593
29.870787 139.47148 99.004452
72.252304 146.37738 113.45974
-145.33331 72.269818 48.607528
-136.10775 107.31855 48.607528
-169.83943 47.241157 48.607528
-144.28417 75.524841 100.08387
-170.7947 67.552597 120.68417
-168.71268 -78.046264 150.09927
-145.22414 -72.463286 50.099269
-135.35878 -106.43476 50.099269
-169.73026 -47.434625 50.099269
-145.9103 -70.374134 109.98538
196.86704 69.3661 108.04212
157.07964 49.963948 38.7823
149.79254 84.988118 38.7823
142.29036 54.821073 96.415032
168.347 29.742292 103.46276
199.96884 -60.992375 107.40784
159.19954 -19.497027 36.842675
159.37703 -63.412748 36.842675
128.0049 -63.214801 99.157884
170.4669 -39.718683 101.52314
176.46168 -57.031293 170.56517
171.4824 -36.698811 135.24563
172.32074 60.798799 169.25982
144.44386 49.277471 126.89255
170.5005 24.19869 133.94029
46.968471 -64.687844 200
63.257167 -67.356516 200
80.42072 -86.162749 200
52.248211 -113.85631 200
23.801552 -78.891776 213.73068
54.040873 -72.564988 162.31521
28.863309 -87.75564 172.29241
40.080896 -58.021972 216.73208
50.434276 -91.326645 235.61036
-61.994001 106.71894 200
-49.393045 64.433286 200
-65.199112 67.198489 200
-81.581544 83.285793 200
-26.343656 82.053793 212.98325
-78.320791 69.663343 151.47634
-42.406035 69.434849 172.8961
-51.115153 99.159666 232.92496
-57.377232 65.352008 220.96736
-83.990615 -63.556816 200
-86.350759 -110.81358 200
-121.61964 -71.957092 200
-58.832743 -78.722079 213.85819
-98.817266 -64.284961 159.88611
-57.445614 -62.428666 177.43192
-88.592492 -61.383106 168.16675
-67.884158 -113.84545 171.0958
-99.085851 -69.013616 232.1072
-81.72568 -94.961261 228.10238
89.117266 65.102365 200
118.29082 71.672973 200
88.898965 106.93375 200
108.05 96.011142 200
120.39908 105.66119 232.45925
62.107884 88.769664 212.09088
81.202167 95.40999 165.41015
97.181994 65.322997 228.67395
67.308941 78.115209 233.98872
69.332619 102.63996 231.28209
33.270092 -37.871117 200
8.7413828 -31.732498 209.8432
21.940327 -19.604407 204.99518
15.734982 -19.403594 204.23415
31.677617 -21.8528 203.44446
15.149683 -20.026221 186.42255
26.382517 -31.205245 216.73208
-1.657682 20.773779 200
-3.9312929 12.450019 205.71511
5.6649015 12.938339 204.25355
-5.9176571 16.702726 184.46889
8.4901749 17.528595 189.67254
-17.451143 27.154634 200
-9.0256592 17.081831 205.71511
0.57053525 17.570152 204.25355
8.7673741 30.548882 210.6066
-11.012023 21.334538 184.46889
3.3958086 22.160407 189.67254
5.0770523 40.586724 179.34776
-2.6198557 18.483152 215.92668
-16.329285 17.255604 212.92194
-1.9778738 -25.079141 209.8432
-4.27893 -12.951049 204.99518
5.0157249 -12.750236 204.23415
4.4304265 -13.372863 186.42255
59.20036 -49.331739 200
41.319189 -30.644751 203.44446
49.984066 -54.540211 162.31521
24.791255 -28.818171 186.42255
24.806502 -69.730863 172.29241
36.024089 -39.997196 216.73208
45.683393 -31.665658 220.12036
92.652609 -70.806643 200
70.078945 -29.827039 209.2388
66.272762 -57.208883 162.31521
86.696906 -36.801859 240.15137
52.312785 -42.665867 216.73208
62.666165 -75.97054 235.61036
61.972089 -34.33433 220.12036
107.03015 -48.406456 225.94892
81.643652 -117.30644 200
130.87759 -72.851479 200
128.76627 -108.00225 234.15995
91.430076 -130.65558 239.56812
83.436315 -76.015116 162.31521
125.89831 -52.518997 164.68046
79.829718 -94.776773 235.61036
124.1937 -67.212689 225.94892
-90.4129 107.24542 200
-89.080434 142.10256 240.59778
-38.410806 140.18464 210.46316
-42.072382 111.05795 150.95486
-87.152147 93.622968 151.47634
-51.237391 93.394474 172.8961
-59.946509 123.11929 232.92496
-71.088433 -26.237306 209.15379
-81.898123 -42.249016 168.16675
-61.203976 -33.092985 226.27056
-92.391482 -49.879527 232.1072
-95.732987 -150.66499 227.59527
-48.758267 -144.13413 215
-63.549934 -141.96813 171.0958
-77.391455 -123.08394 228.10238
-133.25022 67.721706 200
-163.13933 68.922381 242.07303
-178.10198 28.474897 232.35405
-164.78608 25.815572 210
-156.5 46.127012 172.07665
-123.07067 52.558705 239.34975
-145.31295 28.246419 236.61184
-161.16647 -73.718448 242.07303
-162.81323 -30.611639 210
-129.75192 -53.551148 159.88611
-119.52715 -50.649292 168.16675
-130.02051 -58.279803 232.1072
63.257567 -158.34914 239.56812
18.985572 -147.166 215
55.263805 -103.70868 162.31521
30.086242 -118.89933 172.29241
51.657209 -122.47033 235.61036
116.44738 51.204491 200
86.432428 23.48419 209.93164
62.356738 40.986977 205.16669
88.5705 39.683163 157.63273
79.358726 74.941507 165.41015
95.338553 44.854515 228.67395
76.664757 36.340505 225.27649
-36.886841 37.505465 200
-32.590947 16.917236 206.44892
-19.724754 18.830874 205.71511
-25.628559 19.319194 204.25355
-21.711118 23.08358 184.46889
-29.899831 42.507028 172.8961
-35.57258 12.942357 185.59912
-26.402132 25.717077 222.2521
-27.028379 19.004647 212.92194
-61.429512 48.872457 200
-48.267591 26.080824 167.69069
-74.551191 51.337311 151.47634
-38.636435 51.108817 172.8961
-44.309183 21.544146 185.59912
-35.138736 34.318866 222.2521
-53.607632 47.025976 220.96736
-93.618012 67.724964 200
-70.952207 29.645664 209.2388
-90.357259 54.102513 151.47634
-116.86779 46.130269 172.07665
-69.4137 49.791178 220.96736
-139.88955 85.012943 242.07303
-108.66798 118.66941 240.59778
-106.73969 70.189818 151.47634
-133.25022 62.217574 172.07665
-99.820896 68.649267 239.34975
-79.534052 99.68614 232.92496
-85.796132 65.878483 220.96736
-34.38383 -10.589459 208.02042
-25.176579 -12.131301 204.23415
-35.094761 -8.776772 185.59912
135.38011 82.113267 200
147.72919 91.763318 232.45925
169.64417 58.256231 226.40655
152.31077 32.174942 209.44421
117.74405 46.253771 157.63273
108.53228 81.512115 165.41015
143.8007 21.17499 164.68046
124.51211 51.425123 228.67395
149.8277 -91.24085 234.15995
172.83359 -57.059283 226.72518
157.45982 -33.114583 208.61973
146.95974 -35.7576 164.68046
145.25513 -50.451291 225.94892
105.98825 117.37405 200
118.33733 127.0241 232.45925
79.939485 149.99811 239.56762
60.046142 110.13257 212.09088
60.561389 137.57554 211.69512
79.140425 116.77289 165.41015
67.270877 124.00287 231.28209
137.48837 116.10149 232.45925
98.291457 105.85028 165.41015
114.27128 75.763291 228.67395
-15.373641 8.6403876 184.46889
-29.235103 -1.5008357 185.59912
11.097781 -5.4779919 186.42255
14.534191 9.466257 189.67254
-66.655445 0 200
-66.361313 3.0271965 167.69069
-92.644913 28.283683 151.47634
-62.402906 -1.5094809 185.59912
-84.155445 -20.037653 168.16675
-131.57915 -22.939509 159.88611
-156.35438 20.31144 172.07665
-47.247461 -1.5094809 185.59912
88.183588 17.366222 157.63273
71.778234 -31.208678 162.31521
114.24023 -7.7125593 164.68046
149.0946 -7.7125593 164.68046
-15.5 -69.428324 200
-15.5 -112.5 200
-19.853122 -63.583213 177.43192
-4.3993299 -88.89933 172.29241
-19.853122 -48.011537 177.43192
-4.3993299 -73.327653 172.29241
-30.291667 -142.5 171.0958
-4.3993299 -116.39933 172.29241
15.5 112.5 200
16.203076 70.383929 179.34776
1.0902967 115.71867 150.95486
43.471814 122.62457 165.41015
16.203076 97.883929 179.34776
-60.053359 79.314369 0
19.460161 120.54118 0
17.327525 82.880182 0
-20.86449 59.575483 0
-50.827801 114.3631 0
-13.924454 100.00438 50.95486
43.5405 -70.641557 0
8.2686414 -93.215425 0
81.472373 -87.786797 0
12.356132 -127.90336 0
31.590462 -92.285494 29.71252
-105.57722 -3.4816594e-13 0
-66.388348 -19.738886 0
-66.091981 -61.863914 0
-95.711859 -84.028794 0
-130.08334 -25.028661 0
-106.26338 -47.96817 59.886115
-80.829705 -37.507432 35.776696
84.315147 41.103571 0
81.691358 -1.7522884 0
119.62323 -18.897528 0
112.15864 60.042363 0
104.65646 29.875318 57.632732
130.7131 4.796537 64.680464
-66.388348 30.318436 0
-96.351659 85.106049 0
-130.08334 25.028661 0
-59.448312 70.74733 50.95486
-104.52808 53.312345 51.476344
-80.829705 12.54989 35.776696
51.317187 94.849951 0
79.160681 113.78874 0
20.065208 111.97415 50.95486
62.446725 118.88004 65.410146
46.560761 14.33309 0
10.992536 33.884249 0
77.028044 76.127741 0
29.735749 25.354965 48.064231
17.932572 74.313144 50.95486
69.525863 45.960696 57.632732
60.314089 81.21904 65.410146
8.3687469 -8.9716098 0
8.6651136 -51.096638 0
81.868846 -45.668009 0
27.11196 -17.500894 48.064231
66.902074 3.104837 57.632732
50.49672 -45.470062 62.315209
31.986934 -50.166706 29.71252
-26.903112 -31.545478 0
-8.4562656 2.0502652 48.064231
-20.259442 51.008444 50.95486
-65.339208 33.573458 51.476344
-41.640835 -7.1889958 35.776696
-3.5812908 -30.615547 29.71252
-56.226623 -95.835386 0
-22.519254 -108.35844 0
-32.022928 -83.365698 51.822243
-41.344468 -49.314024 35.776696
-3.2849241 -72.740574 29.71252
104.83395 -14.040403 57.632732
88.428593 -62.615302 62.315209
130.89059 -39.119184 64.680464
69.918808 -67.311946 29.71252
-50.222754 105.79606 50.95486
-95.302519 88.361072 51.476344
-52.139132 -130.52333 0
-61.642806 -105.53058 51.822243
-96.398025 -81.939642 59.886115
-70.964346 -71.478904 35.776696
-27.935437 -118.05364 51.822243
0.8025668 -107.42851 29.71252
97.369356 64.899489 57.632732
88.157582 100.15783 65.410146
-129.0342 28.283683 51.476344
-130.7695 -22.939509 59.886115
-105.33582 -12.478771 35.776696
-19.071361 46.74198 393.4319
31.465125 103.32767 372.24669
75.445008 61.544861 380.61636
0.10036207 83.722407 386.19248
69.178751 95.965989 363.10856
28.61917 50.614578 365.36314
-160.77586 -33.95532 314.00286
-141.55776 -74.555206 324.06885
-133.02642 -111.28777 301.92861
-184.74131 -40.447484 274.42708
-139.61405 -124.30367 269.6683
-171.42541 -43.106809 252.07303
-138.63268 -70.774972 274.18023
-121.27251 -96.722617 270.17541
-151.95227 -40.675962 278.68487
12.734201 -99.641189 376.40838
65.353975 -62.49001 386.23474
59.910179 -96.574941 368.57363
2.0002536 -65.875971 394.84357
11.941842 -73.55034 345.21859
42.239978 -46.396936 365.12627
-138.55708 119.87009 282.67082
-139.87767 92.289656 315.10992
-160.77586 52.258298 314.00286
-184.74131 45.766134 274.42708
-129.71 69.849942 281.42278
-151.95227 45.537656 278.68487
25.107029 176.79113 281.71839
-65.0816 167.70462 282.74856
0.87540216 159.10021 317.99381
-39.654058 162.28457 310.09137
-5.8305829 153.77477 256.99346
-14.411972 165.7867 252.61394
-35.947675 148.72135 275.07573
12.438421 150.79588 273.43287
25.10815 -176.79048 281.7189
-59.550944 -159.1223 302.00636
-17.855523 -155.41373 322.1555
4.6339161 -171.64373 302.04254
-66.138565 -172.13821 269.74604
-19.163845 -165.60735 257.15077
-18.647881 -129.32288 290.96571
13.507793 -140.91168 277.76113
-47.797033 -144.55715 270.25315
111.4396 148.72555 272.02687
157.0992 95.543063 288.09049
124.9216 123.67295 299.16416
171.75243 92.24445 258.86581
126.62036 85.413342 261.1332
98.770989 122.73031 263.74135
110.38019 -149.04495 273.72807
114.59249 -124.60195 306.32992
155.42252 -95.676719 290.80898
170.72228 -92.210052 260.88513
98.779829 -113.16614 269.77031
143.14381 -85.60206 260.10887
48.810121 154.00865 315.41066
86.523746 146.64697 306.27252
53.663651 159.277 251.26273
60.373139 145.70432 270.84971
77.256295 -147.25528 311.73809
52.569756 -166.55153 299.45989
61.443633 -135.81948 275.17848
-108.6561 125.94612 313.63467
-81.907968 148.1065 308.53838
-98.488429 103.50641 279.94753
-78.201586 134.54328 273.52274
-130.87488 58.334336 344.96671
-93.235583 60.756024 370.06514
-74.063859 97.736451 362.82571
-83.228556 120.52607 340.97749
-58.593016 84.575133 323.85892
-99.809017 75.92598 312.38664
-79.522173 106.96285 305.96185
-96.031676 44.653104 329.17141
-114.13378 20.724666 368.95807
-132.55497 -22.296908 353.92564
-175.73852 11.810814 304.28387
-120.70721 35.894621 311.27957
-116.92987 4.621746 328.06435
-142.94948 11.582335 308.54166
-94.915676 -19.875219 379.02407
-55.422865 -19.13399 395.46817
-57.322756 60.126781 386.81708
-41.851912 46.965463 347.85029
-79.290573 7.0434344 353.16278
-28.803948 27.018952 365.98774
-104.80554 -99.629356 341.8514
-63.110114 -95.920782 362.00054
-73.844061 -62.155564 380.43574
-63.902472 -69.829933 330.81075
-110.4118 -59.11656 314.10301
-97.711769 -35.978139 338.13034
-123.73138 -29.01755 318.60766
-54.578777 -132.65334 339.8603
-102.86182 -149.37782 287.45085
-55.371135 -106.5625 308.67052
-101.88046 -95.849123 291.96278
-84.520287 -121.79677 287.95796
-186.38807 2.6593253 242.35405
-166.91493 5.090172 268.96588
34.292622 -125.87852 352.17469
-23.617303 -95.179553 378.44464
9.6060831 -145.17478 339.89649
-13.675714 -102.85392 328.81966
-6.7862693 116.71247 365.63187
-15.950966 139.50209 343.78364
62.29212 128.95605 342.54795
8.6845743 103.55115 326.66508
-12.244583 125.93887 308.768
34.117835 103.48865 309.83176
21.732539 83.604637 344.80253
36.141513 128.0134 307.12513
138.4496 59.043352 339.84394
106.272 87.173244 350.91761
85.148925 41.169976 330.39332
107.97077 48.913631 312.88666
79.33323 15.147926 352.93532
65.712422 41.821832 353.17219
86.912397 -88.727345 362.00106
127.74242 -59.802116 346.48012
95.130475 -38.122861 329.98246
69.242197 -38.549339 358.5537
122.29862 -93.887047 328.81901
56.782061 -142.10853 332.06174
33.500264 -99.787675 320.98491
89.686678 -72.207792 312.32134
65.655938 -111.37647 307.78033
63.7984 -72.63427 340.89259
-22.951979 -33.651765 349.30973
-24.409661 -69.088704 347.25486
5.8884753 -41.9353 367.16253
-58.218958 -35.23691 354.57444
-47.315729 119.89683 357.72942
-22.680189 83.945889 340.61086
-9.6322245 63.999378 358.74831
132.18335 93.46448 322.33614
179.01418 62.035975 282.03779
133.88211 55.204868 284.30519
178.42841 -61.495152 283.37422
130.5167 -43.282563 296.80041
106.48596 -82.451244 292.25939
150.84994 -54.88716 282.59796
-31.844886 106.73551 318.76263
-52.774043 129.12323 300.86556
78.882668 75.591104 312.88552
101.70451 83.334759 295.37886
71.831461 96.126971 300.69362
59.446165 76.24296 335.66439
73.855139 120.65172 297.987
8.8137246 -119.08393 308.70671
40.969398 -130.67272 295.50213
-91.107908 -134.81267 255.69765
176.33401 32.656073 235.85076
148.53534 51.906255 255.0805
178.3544 -34.083785 235.34491
166.1497 -51.420494 252.6741
-15.201338 -74.912091 227.58887
-21.255635 -90.78484 228.85819
-36.046105 -48.258248 240.12875
-20.724288 -75.758163 262.67313
-49.87344 -90.992434 241.96057
-17.861067 -56.19864 248.11387
-15.515383 -128.07422 229.99999
-14.984036 -113.04754 263.81494
17.171637 -124.63634 250.61036
-44.133188 -128.28181 243.10238
-9.4764695 -90.943679 228.73067
14.825255 -51.851408 248.29242
-8.9451228 -75.917002 262.54562
23.210551 -87.5058 249.34104
-6.0819024 -56.35748 247.98636
-14.999419 -91.789751 263.81493
17.156254 -103.37855 250.61035
-44.148571 -107.02402 243.10237
-15.758129 -35.439841 220.56812
-8.4468106 -22.257738 214.83838
7.0531894 -22.257738 214.83838
0.84784433 -22.056925 214.07735
13.463464 -31.508858 244.40494
-2.5031006 -23.417938 227.53343
11.49538 -33.858577 226.57528
-15.58031 -24.419478 226.18431
9.9244677 -21.792462 224.12127
-7.4436931 -36.014929 244.09888
-33.471782 -21.569093 218.74534
-18.059186 -23.311749 215.7201
-24.264531 -23.110936 214.95907
-35.241105 -29.128548 236.99548
-25.192685 -25.473489 227.06603
-17.056068 -37.06894 244.9806
-64.774727 -0.199108 218.39258
-79.932541 3.7632698 219.23859
-44.661431 15.092073 231.49089
-54.89027 -7.0547876 235.50935
-63.130327 27.799183 230.20615
-140.27944 -27.668163 242.1072
-153.59903 2.4308466 246.61184
-80.038434 -4.0895069 219.15358
-54.996163 -14.907564 235.42434
-86.183669 -31.694106 241.26098
-70.153976 -10.945187 236.27036
-92.418797 26.679568 249.34955
-101.34148 -27.731728 242.10699
-88.641457 -4.5933073 266.13432
-78.394033 23.908784 230.96715
-114.66107 2.3672821 246.61164
-39.302358 -0.85676985 214.46934
-31.478012 2.4892115 211.84175
-30.069269 7.3327538 210.70247
-31.469089 7.0182067 219.37086
-33.748713 -3.2983537 213.41325
-32.365808 -8.1861778 212.25457
-43.342383 -14.203789 234.29098
-33.293963 -10.54873 224.36153
-33.739791 1.2306415 220.94236
-17.203076 9.246392 209.96866
-1.7030756 9.246392 209.96866
-4.8934666 10.159393 221.64179
-18.602896 8.9318449 218.63705
-24.515624 4.89117 209.64638
-24.541462 -4.8401964 209.62698
-25.469616 -7.202749 221.73394
-25.915444 4.5766229 218.31477
-16.953212 -9.9288335 209.22934
-1.4532119 -9.9288335 209.22934
-4.8041568 -11.289847 222.68542
-17.881366 -12.291386 221.3363
-24.506701 9.4201652 217.17549
-24.086711 -12.090573 220.57526
13.796924 9.246392 209.96866
21.993763 22.225122 216.32171
25.013925 9.0454101 225.88748
10.606533 10.159393 221.64179
22.84771 -0.2205114 219.99319
6.4843761 4.89117 209.64638
6.4585381 -4.8401964 209.62698
3.1075933 -6.2012094 223.08306
3.2939851 5.8041709 221.3195
14.046788 -9.9288335 209.22934
29.440124 -7.9937555 212.06625
29.989424 -12.37804 208.43964
24.694323 -21.730485 221.72727
23.123412 -9.6643705 219.27326
16.089958 22.713442 214.86015
4.7027278 10.647713 220.18023
4.4904981 -11.089034 221.92439
16.918066 -9.4635575 218.51222
39.177414 -10.242149 210.51553
34.477618 1.737442 227.24343
32.311402 -7.5284794 221.34914
43.541618 -11.263057 227.19142
34.431614 -23.978879 220.17654
32.860702 -11.912764 217.72253
44.090917 -15.647342 223.56481
64.133927 -3.8695031 219.2387
75.129933 -2.6595859 219.17044
81.286796 -14.628488 249.39017
56.561978 -12.160959 229.35915
101.62003 -26.233085 235.18772
160.99061 -1.7821502 218.06394
147.16515 3.0791762 219.44204
131.20194 25.824966 238.11816
100.03117 1.1672484 219.93164
124.9005 -0.20821608 219.99783
106.18803 -10.801654 250.15137
108.93729 22.537574 238.67395
126.52127 -22.406251 235.94892
74.595025 1.1245797 219.93155
80.751888 -10.844323 250.15128
56.02707 -8.3767934 230.12027
64.827353 13.980895 235.2764
91.747894 -9.6344053 250.08302
94.497156 23.704822 238.60559
112.08113 -21.239002 235.88056
75.823359 15.190812 235.20814
149.15516 -5.2777585 218.61756
150.77593 -27.475793 234.56865
116.61723 -11.00987 250.1492
119.36649 22.329358 238.67178
136.95047 -22.614467 235.94675
30.863224 36.516122 215.77329
27.306959 22.51246 230.77897
12.899567 23.626443 226.53328
16.679213 35.136386 243.44146
45.171242 31.86965 235.8831
51.747669 32.693599 230.44318
16.865197 86.658374 225.07414
5.8209286 103.50756 227.82594
-3.3670061 76.066419 263.80529
-24.296164 98.45414 245.90821
22.066255 76.003919 246.97197
-30.558243 64.646482 233.95061
24.089933 100.52867 244.26535
4.7734818 57.964433 245.81811
22.210792 108.81767 226.93357
33.770308 119.41145 223.786
38.456119 81.314026 246.0796
40.479796 105.83878 243.37298
22.72604 136.26064 226.5378
2.5851344 137.67878 225.30584
1.9785893 98.22571 265.66472
-18.950568 120.61343 247.76764
29.435528 122.68796 246.12478
40.995043 133.28175 242.97721
-27.531958 132.62536 243.38812
-20.312395 -0.21231322 115.75492
10.314042 0.035607602 123.57848
-1.5162297 42.479159 99.019091
-13.576082 -49.769955 99.886475
50.077061 14.126712 105.69696
33.671707 -34.448187 110.37944
-10.681239 24.81568 120.96033
-6.9596485 -24.322723 125.49615
-22.897622 -15.718281 83.840928
13.59655 24.644419 127.41199
15.161922 -39.144831 77.776752
8.4941436 -49.63884 120.35665
-20.2853 6.3023139 143.20494
-77.195338 31.31088 119.16704
-33.091868 11.658939 152.15958
-41.280582 31.082386 140.5868
-37.558991 -18.056017 145.12261
-46.95333 1.5177156 153.28982
-68.705869 -17.010456 135.85744
-53.496965 -9.4515743 103.46739
50.104156 20.641339 133.14698
33.698802 -27.93356 137.82946
-2.4654307 11.90686 159.98314
8.5059917 -2.2115198 161.9368
-10.654144 31.330307 148.41035
-6.9325535 -17.808096 152.94617
11.942401 12.732729 165.18679
13.623645 31.159046 154.86201
38.273884 63.084891 108.58759
-58.399172 74.002353 102.4312
-22.484416 73.773859 123.85096
29.06211 98.343235 116.36501
-34.700799 33.239898 86.731556
1.7933732 73.602598 130.30262
-72.19433 -69.469954 111.70836
-30.822677 -67.613658 129.25416
-61.969555 -66.568098 119.98899
-46.760651 -59.009216 87.59894
-41.261222 -119.03044 122.91804
-8.7011067 -82.435766 81.534764
-15.368885 -92.929775 124.11466
73.461821 -13.842456 119.94794
80.655401 69.990787 123.04288
115.92382 9.6536624 122.3132
53.386664 45.250151 136.98049
31.863657 -36.695315 148.73776
16.425112 -52.291891 139.74713
99.518462 -38.921237 126.99567
38.546682 -67.113999 92.027729
31.878904 -77.608008 134.60762
-105.21424 5.3441748 111.36246
-67.564182 56.338873 124.37245
-94.989469 8.2460305 119.64309
-79.780565 15.804913 87.25304
-129.98947 48.595123 123.55299
-96.724774 -42.977162 128.05287
-81.51587 -35.418279 95.662811
-76.016441 -95.439509 130.98191
-131.72477 -2.6280689 131.96276
-4.3005761 3.1451051 170.89144
-23.460712 36.686932 157.36499
-19.739121 -12.451471 161.90081
-29.13346 7.1222614 170.06802
-0.86416643 18.089354 174.14143
0.81707728 36.515671 163.81666
-8.7676989 -26.569851 163.85447
-18.162038 -6.9961181 172.02167
10.107256 3.9709745 176.09509
6.6860932 -51.885967 158.71496
-37.322174 26.545709 158.49523
-43.865809 15.576419 108.6728
-7.3716362 55.939119 152.24387
-33.600583 -22.592694 163.03104
-55.353122 -41.120866 145.59867
-40.144218 -33.561984 113.20861
-8.752452 -67.482543 149.72433
44.17489 80.508495 144.75791
-64.747461 -21.547134 153.76588
-71.291096 -32.516424 103.94345
-65.791667 -92.537653 139.26255
-121.5 0.27378669 140.2434
15.224909 37.341541 169.0203
-18.022647 -48.384092 65.489216
-19.190997 -118.89933 143.38821
13.369118 -82.304652 102.00493
-18.103368 8.3206419 273.12191
23.103441 11.849321 297.05042
10.759987 -17.26054 285.43155
-28.332208 -13.826219 277.14037
-5.2065778 -9.1696204 268.56005
-9.3810271 32.447688 301.69185
-13.010391 -41.326134 299.68475
-50.597028 23.798536 290.21956
17.287746 -14.172729 319.59243
-46.819688 -7.4743398 307.00433
3.6669374 12.501177 319.8293
-1.2405393 14.345703 283.70467
-10.14717 -21.766612 285.12549
-34.882866 0.38361704 248.52266
-11.757237 5.0402157 239.94233
-15.931686 46.657524 273.07413
-57.147687 38.008372 261.60185
-24.834446 4.0386762 238.59321
-11.570845 17.045596 238.17877
-25.280274 15.818048 235.17404
-53.370347 6.7354963 278.38662
-43.122923 35.237588 243.21945
-7.7911982 28.555539 255.08696
-16.697829 -7.5567754 256.50778
45.416136 0.47797541 280.74235
44.043355 19.460292 266.35298
77.832173 3.9922645 286.33198
80.581435 37.331492 274.85456
51.943895 3.5657859 314.90323
53.107355 6.4597936 266.30097
50.708383 50.123704 280.16933
38.323087 30.239693 315.1401
33.41561 32.084218 279.01547
61.907639 28.817482 271.4571
31.699902 -9.6495686 254.73411
17.106118 -20.540966 252.25198
9.3023052 -52.69748 283.37668
65.48872 -25.117597 274.71312
31.104598 -30.981605 251.29382
41.457979 -64.286278 270.1721
39.600442 -25.544075 303.28436
29.533686 -18.91549 248.83982
40.763902 -22.650068 254.6821
21.072157 2.974357 267.39661
12.165526 -33.137957 268.81742
15.733337 -1.5586491 237.8626
15.919729 10.446731 236.09904
28.160905 0.066826961 234.45044
39.391121 -3.6677505 240.29272
19.699375 21.956674 253.00723
48.191404 18.689938 245.44886
-29.789889 -49.263159 275.0855
-67.376527 15.861511 265.62031
-35.063286 -18.108185 242.61167
-76.299212 -38.549785 258.37775
-35.509114 -6.3288129 239.1925
-63.599186 -15.411365 282.40508
-53.351763 13.090727 247.23792
-58.939041 -64.49743 254.37294
-26.926669 -29.703636 260.52624
15.138033 -22.890685 234.42232
-11.937656 -13.451586 234.03135
1.325945 -0.44466621 233.61691
-12.383484 -1.6722142 230.61218
13.567122 -10.824571 231.96831
5.1055918 11.065277 250.5251
-3.8010393 -25.047038 251.94592
-48.425347 62.135418 290.17179
-28.138503 93.172292 283.747
-44.648006 30.862543 306.95656
18.223915 70.722071 284.81075
-34.400583 59.364634 271.78939
5.8386191 50.83806 319.78152
20.247593 95.246822 282.10413
0.93114242 52.682585 283.6569
-60.977395 -66.0497 280.92213
17.687601 -88.351872 284.4253
15.830064 -49.609669 317.53755
-48.27737 -42.91128 304.94946
-43.617224 -91.997345 276.91731
-11.604852 -57.203551 283.07062
-69.354504 84.523139 272.27471
-85.864007 22.21339 295.48427
-75.616584 50.715481 260.31711
-111.88362 29.173979 275.96159
100.65402 11.73592 268.82532
73.874016 -60.771988 275.76173
72.016478 -22.029786 308.87399
73.179939 -19.135778 260.27173
118.238 -33.207905 266.10029
81.980222 3.2219101 265.42787
39.489894 -66.635997 252.34244
27.565602 -21.265209 231.01016
38.795817 -24.999787 236.85244
-25.460693 -2.6737538 229.26305
-16.878249 -26.048577 250.59679
-94.786692 -32.197906 288.24172
-90.126547 -81.283971 260.20957
-120.8063 -25.237317 268.71903
73.530228 57.867359 262.66267
75.553906 82.39211 259.95605
84.729484 36.561137 253.95044
47.985738 -61.198467 304.33298
49.149198 -58.304459 255.73072
94.207255 -72.376586 261.55928
20.550822 -68.792349 269.86604
32.507392 4.2176422 337.6821
-12.197092 10.333166 228.84862
13.753513 1.1808098 230.20475
5.2919835 23.070657 248.76154
-55.32974 81.752355 253.89232
-0.68156433 117.63454 264.20705
37.224905 -12.933672 234.39843
57.255404 5.6894391 245.39685
-31.600041 10.916032 325.09401
-45.414149 -23.351757 290.39021
-108.10628 -2.0988961 292.74636
31.27188 50.77556 302.94821
45.680854 95.184322 265.27081
26.364403 52.620085 266.82358
54.856432 49.353349 259.26521
13.979107 32.736074 301.79435
37.563659 31.313864 258.11136
